Código de Entidad;Descripción de Entidad;Fecha de Información;Nombre completo del Préstamo Personal;Nombre corto del Préstamo Personal;Denominación;Monto máximo otorgable;Monto mínimo otorgable;Plazo máximo otorgable;Ingreso mínimo mensual solicitado;Antigüedad laboral mínima (meses);Edad máxima solicitada;Relación cuota/ingreso (%);Beneficiario;Cargo máximo por cancelación anticipada;Tasa efectiva anual máxima;Tipo de Tasa;Costo financiero efectivo total máximo;Cuota inicial a plazo máximo cada $10.000;Territorio de validez de la oferta;Más información
7;BANCO DE GALICIA Y BUENOS AIRES S.A.;2026-06-12;PRESTAMOPERSONALUVA;PPUVA;UVA;2000000;500;24;310000;0;80;30,00;Todos los beneficiarios;4,00;30,00;Fija;37,00;956,00;Todo el territorio nacional;
7;BANCO DE GALICIA Y BUENOS AIRES S.A.;2026-06-12;PRESTAMOPERSONAL;PP;Pesos;24800000;500;72;310000;0;80;30,00;Todos los beneficiarios;4,00;283,00;Fija;398,00;1442,00;Todo el territorio nacional;
11;BANCO DE LA NACION ARGENTINA;2026-05-15;NACION PREVISIONAL;NACION PREVISIONAL;Pesos;50000000;100000;72;16654;0;88;35,00;Clientes que acrediten sueldos en la entidad;4,00;72,92;Fija;93,32;677,00;Todo el territorio nacional;
11;BANCO DE LA NACION ARGENTINA;2026-05-15;NACION PERSONALES LIBRE DESTINO TRAMO IV;NACION LIBRE DESTINO;Pesos;50000000;100000;72;363922;12;100;30,00;Clientes con cuenta en la entidad;4,00;140,40;Fija;186,76;922,00;Todo el territorio nacional;
11;BANCO DE LA NACION ARGENTINA;2026-05-15;ADELANTO DE HABERES;ADELANTO DE HABERES;Pesos;500000;50000;1;373918;1;100;50,00;Clientes que acrediten sueldos en la entidad;,00;140,51;Fija;186,76;10918,00;Todo el territorio nacional;
11;BANCO DE LA NACION ARGENTINA;2026-05-15;NACION SUELDOS TRAMO III;NACION SUELDOS;Pesos;100000000;100000;72;363583;3;74;35,00;Clientes que acrediten sueldos en la entidad;4,00;72,86;Fija;93,32;583,00;Todo el territorio nacional;
11;BANCO DE LA NACION ARGENTINA;2026-05-15;MAS AUTOS CON BNA;MAS AUTOS;Pesos;100000000;1000000;72;145327;0;100;30,00;Todos los beneficiarios;4,00;57,50;Fija;72,30;509,00;Todo el territorio nacional;
14;BANCO DE LA PROVINCIA DE BUENOS AIRES;2026-05-11;PRESTAMO PERSONAL UVA;UVA;Pesos;50000000;100000;24;1300;3;100;35,00;Clientes que acrediten sueldos en la entidad;4,00;28,07;Fija;28,07;5337,00;Ciudad Autónoma de Buenos Aires;0
14;BANCO DE LA PROVINCIA DE BUENOS AIRES;2026-05-11;PRESTAMO PERSONAL PROVINCIA;PRESTAMO PERSONAL;Pesos;50000000;100000;36;1300;12;100;30,00;Personas humanas en relación de dependencia;4,00;178,19;Fija;178,19;10220,00;Provincia de Buenos Aires;0
14;BANCO DE LA PROVINCIA DE BUENOS AIRES;2026-05-11;PRESTAMO PERSONAL UVA;UVA;Pesos;50000000;100000;24;1300;3;100;35,00;Clientes que acrediten sueldos en la entidad;4,00;28,07;Fija;28,07;5337,00;Provincia de Buenos Aires;0
14;BANCO DE LA PROVINCIA DE BUENOS AIRES;2026-05-11;PRESTAMO PERSONAL PROVINCIA;PRESTAMO PERSONAL;Pesos;50000000;100000;36;1300;12;100;30,00;Personas humanas en relación de dependencia;4,00;178,19;Fija;178,19;10220,00;Ciudad Autónoma de Buenos Aires;0
15;INDUSTRIAL AND COMMERCIAL BANK OF CHINA (ARGENTINA) S.A.U.;2026-03-10;PRESTAMO PERSONAL PESOS CARTERA GENERAL TASA FIJA;PP $ C.GRAL T.;Pesos;145000000;20000;96;1250000;0;79;30,00;Todos los beneficiarios;3,00;147,19;Fija;196,44;94840,00;Todo el territorio nacional;CAMPO 1: POR SUCURSAL, CAMPO 7:ACREDITA HABERES PARA CABA, GBA Y PATAGONIA. CAMPO 16:96 MESES                           TODOS LOS BENEFICIARIOS SE REFIERE A CLIENTES NUEVOS  EN REL DE DEPEND, MONOTRIBUTISTAS, RESP INSCRIPTOS Y EMP PUBLICOS
15;INDUSTRIAL AND COMMERCIAL BANK OF CHINA (ARGENTINA) S.A.U.;2026-03-10;PRESTAMO PERSONAL PESOS CARTERA GENERAL TASA FIJA;PP $ C.GRAL T.F;Pesos;145000000;20000;96;1000000;0;79;30,00;Clientes con cuenta en la entidad;3,00;147,19;Fija;196,44;94840,00;Todo el territorio nacional;CAMPO 1: POR SUCURSAL, CAMPO 7: ACREDITA HABERES PARA CABA GBA Y PATAGONIA, CAMPO 16: 96 MESES
15;INDUSTRIAL AND COMMERCIAL BANK OF CHINA (ARGENTINA) S.A.U.;2026-03-10;PRESTAMO PERSONAL PESOS CARTERA GENERAL TASA FIJA;PP $ C.GRAL T.F;Pesos;145000000;20000;96;;12;79;30,00;Clientes con cuenta en la entidad;3,00;147,19;Fija;196,44;94840,00;Todo el territorio nacional;CAMPO 1: POR SUCURSAL, CAMPO 7: NO ACREDITA HABERES PARA INTERIOR, CAMPO 16: 96 MESES                                   INGRESO MINIMO: N A
15;INDUSTRIAL AND COMMERCIAL BANK OF CHINA (ARGENTINA) S.A.U.;2026-03-10;PRESTAMO PERSONAL PESOS CARTERA GENERAL TASA FIJA;PP $ C.GRAL T.F;Pesos;145000000;20000;96;;12;79;30,00;Clientes con cuenta en la entidad;3,00;147,19;Fija;196,44;94840,00;Todo el territorio nacional;CAMPO 1: POR SUCURSAL, CAMPO 7: NO ACREDITA HABERES PARA CABA GBA Y PATAGONIA, CAMPO 16: 96 MESES                       INGRESO MINIMO: N A
15;INDUSTRIAL AND COMMERCIAL BANK OF CHINA (ARGENTINA) S.A.U.;2026-03-10;PRESTAMO PERSONAL PESOS CARTERA GENERAL TASA FIJA;PP $ C.GRAL T.F;Pesos;26000000;20000;96;1400000;12;79;30,00;Todos los beneficiarios;3,00;147,19;Fija;196,44;94840,00;Todo el territorio nacional;CAMPO 1: POR SUCURSAL, CAMPO 7: NO ACREDITA HABERES PARA CABA GBA Y PATAGONIA, CAMPO 16: 96 MESES                       TODOS LOS BENEFICIARIOS SE REFIERE A CLIENTES NUEVOS  EN REL DE DEPEND, MONOTRIBUTISTAS, RESP INSCRIPTOS Y EMP PUBLICOS
15;INDUSTRIAL AND COMMERCIAL BANK OF CHINA (ARGENTINA) S.A.U.;2026-03-10;PRESTAMO PERSONAL PESOS CARTERA GENERAL TASA FIJA;PP $ C.GRAL T.F;Pesos;26000000;20000;96;1400000;12;79;30,00;Todos los beneficiarios;3,00;147,19;Fija;196,44;94840,00;Todo el territorio nacional;CAMPO 1: POR SUCURSAL, CAMPO 7: NO ACREDITA HABERES PARA INTERIOR, CAMPO 16: 96 MESES                                   TODOS LOS BENEFICIARIOS SE REFIERE A CLIENTES NUEVOS  EN REL DE DEPEND, MONOTRIBUTISTAS, RESP INSCRIPTOS Y EMP PUBLICOS
15;INDUSTRIAL AND COMMERCIAL BANK OF CHINA (ARGENTINA) S.A.U.;2026-03-10;PRESTAMO PERSONAL PESOS CARTERA GENERAL TASA FIJA;PP $ C.GRAL T.F;Pesos;145000000;20000;96;1250000;0;79;30,00;Todos los beneficiarios;3,00;147,19;Fija;196,44;94840,00;Todo el territorio nacional;CAMPO 1: POR SUCURSAL, CAMPO 7: ACREDITA HABERES PARA INTERIOR, CAMPO 16: 96 MESES                                      TODOS LOS BENEFICIARIOS SE REFIERE A CLIENTES NUEVOS  EN REL DE DEPEND, MONOTRIBUTISTAS, RESP INSCRIPTOS Y EMP PUBLICOS
15;INDUSTRIAL AND COMMERCIAL BANK OF CHINA (ARGENTINA) S.A.U.;2026-03-10;PRESTAMO PERSONAL PESOS CARTERA GENERAL TASA FIJA;PP $ C.GRAL T.F;Pesos;145000000;20000;96;1000000;0;79;30,00;Clientes con cuenta en la entidad;3,00;147,19;Fija;196,44;94840,00;Todo el territorio nacional;CAMPO 1: POR SUCURSAL, CAMPO 7: ACREDITA HABERES PARA INTERIOR, CAMPO 16: 96 MESES
17;BANCO BBVA ARGENTINA S.A.;2026-05-18;PRESTAMOS PERSONAL;PRESTAMO PERSONAL;Pesos;70000000;1000;72;272000;12;74;30,00;Beneficiarios de cuentas de la seguridad social;4,00;240,51;Fija;322,99;1311,00;Todo el territorio nacional;SI TRANSCURRIERON AL MENOS DESDE SU OTORGAMIENTO 180 DIAS O PORC DEL PLAZO TOTAL ORIGINAL DE AMBAS CONDICIONES LA MAYOR SIN CARGO
17;BANCO BBVA ARGENTINA S.A.;2026-05-18;PRESTAMOS PERSONAL;PRESTAMO PERSONAL;Pesos;70000000;1000;72;272000;12;74;30,00;Clientes con cuenta en la entidad;4,00;240,51;Fija;322,99;1311,00;Todo el territorio nacional;SI TRANSCURRIERON AL MENOS DESDE SU OTORGAMIENTO 180 DIAS O PORC DEL PLAZO TOTAL ORIGINAL DE AMBAS CONDICIONES LA MAYOR SIN CARGO
17;BANCO BBVA ARGENTINA S.A.;2026-05-18;PRESTAMOS PERSONAL;PRESTAMO PERSONAL;Pesos;70000000;1000;72;272000;3;74;30,00;Clientes que acrediten sueldos en la entidad;4,00;240,51;Fija;322,99;1311,00;Todo el territorio nacional;SI TRANSCURRIERON AL MENOS DESDE SU OTORGAMIENTO 180 DIAS O PORC DEL PLAZO TOTAL ORIGINAL DE AMBAS CONDICIONES LA MAYOR SIN CARGO
17;BANCO BBVA ARGENTINA S.A.;2026-05-18;PRESTAMOS PERSONAL;PRESTAMO PERSONAL;Pesos;70000000;1000;72;272000;24;74;30,00;Personas humanas Monotributistas;4,00;240,51;Fija;322,99;1311,00;Todo el territorio nacional;SI TRANSCURRIERON AL MENOS DESDE SU OTORGAMIENTO 180 DIAS O PORC DEL PLAZO TOTAL ORIGINAL DE AMBAS CONDICIONES LA MAYOR SIN CARGO
17;BANCO BBVA ARGENTINA S.A.;2026-05-18;PRESTAMOS PERSONAL;PRESTAMO PERSONAL;Pesos;70000000;1000;72;272000;12;74;30,00;Empleados públicos;4,00;240,51;Fija;322,99;1311,00;Todo el territorio nacional;SI TRANSCURRIERON AL MENOS DESDE SU OTORGAMIENTO 180 DIAS O PORC DEL PLAZO TOTAL ORIGINAL DE AMBAS CONDICIONES LA MAYOR SIN CARGO
17;BANCO BBVA ARGENTINA S.A.;2026-05-18;PRESTAMOS PERSONAL;PRESTAMO PERSONAL;Pesos;70000000;1000;72;272000;24;74;30,00;Personas humanas Responsables Inscriptos;4,00;240,51;Fija;322,99;1311,00;Todo el territorio nacional;SI TRANSCURRIERON AL MENOS DESDE SU OTORGAMIENTO 180 DIAS O PORC DEL PLAZO TOTAL ORIGINAL DE AMBAS CONDICIONES LA MAYOR SIN CARGO
17;BANCO BBVA ARGENTINA S.A.;2026-05-18;PRESTAMOS PERSONAL;PRESTAMO PERSONAL;Pesos;70000000;1000;72;272000;12;74;30,00;Personas humanas en relación de dependencia;4,00;240,51;Fija;322,99;1311,00;Todo el territorio nacional;SI TRANSCURRIERON AL MENOS DESDE SU OTORGAMIENTO 180 DIAS O PORC DEL PLAZO TOTAL ORIGINAL DE AMBAS CONDICIONES LA MAYOR SIN CARGO
20;BANCO DE LA PROVINCIA DE CORDOBA S.A.;2026-06-11;PRESTAMO PERSONAL  MULTIDESTINO;PP MULTIDESTINO;Pesos;138720000;1000;72;357800;0;81;30,00;Beneficiarios de cuentas de la seguridad social;,00;58,59;Fija;74,34;50169,00;Provincia de Córdoba;
20;BANCO DE LA PROVINCIA DE CORDOBA S.A.;2026-06-11;PRESTAMO PERSONAL  MULTIDESTINO;PP MULTIDESTINO;Pesos;138720000;1000;72;357800;3;81;30,00;Clientes que acrediten sueldos en la entidad;,00;58,59;Fija;74,34;50169,00;Provincia de Córdoba;
20;BANCO DE LA PROVINCIA DE CORDOBA S.A.;2026-06-11;PRESTAMO PERSONAL  MULTIDESTINO;PP MULTIDESTINO;Pesos;138720000;1000;72;357800;6;81;30,00;Empleados públicos;,00;58,59;Fija;74,34;50169,00;Provincia de Córdoba;
20;BANCO DE LA PROVINCIA DE CORDOBA S.A.;2026-06-11;PRESTAMO PERSONAL  MULTIDESTINO;PP MULTIDESTINO;Pesos;138720000;1000;72;715600;12;81;30,00;Personas humanas Monotributistas;,00;58,59;Fija;74,34;50169,00;Provincia de Córdoba;
20;BANCO DE LA PROVINCIA DE CORDOBA S.A.;2026-06-11;PRESTAMO PERSONAL  MULTIDESTINO;PP MULTIDESTINO;Pesos;138720000;1000;72;715600;12;81;30,00;Clientes con cuenta en la entidad;,00;58,59;Fija;74,34;50169,00;Provincia de Córdoba;
20;BANCO DE LA PROVINCIA DE CORDOBA S.A.;2026-06-11;PRESTAMO PERSONAL  MULTIDESTINO;PP MULTIDESTINO;Pesos;138720000;1000;72;357800;6;81;30,00;Personas humanas en relación de dependencia;,00;58,59;Fija;74,34;50169,00;Provincia de Córdoba;
20;BANCO DE LA PROVINCIA DE CORDOBA S.A.;2026-06-11;PRESTAMO PERSONAL  MULTIDESTINO;PP MULTIDESTINO;Pesos;138720000;1000;72;715600;12;81;30,00;Personas humanas Responsables Inscriptos;,00;58,59;Fija;74,34;50169,00;Provincia de Córdoba;
27;BANCO SUPERVIELLE S.A.;2026-06-19;PRESTAMOS PERSONALES;PP;Pesos;75000000;10000;72;380000;12;0;30,00;Personas humanas en relación de dependencia;4,00;243,88;Fija;338,99;139530,00;Ciudad Autónoma de Buenos Aires;
27;BANCO SUPERVIELLE S.A.;2026-06-19;PRESTAMOS PERSONALES;PP;Pesos;75000000;10000;72;380000;12;0;30,00;Personas humanas Responsables Inscriptos;4,00;243,88;Fija;338,99;139530,00;Provincia de Tucumán;
27;BANCO SUPERVIELLE S.A.;2026-06-19;PRESTAMOS PERSONALES;PP;Pesos;75000000;10000;72;380000;12;0;30,00;Personas humanas Responsables Inscriptos;4,00;243,88;Fija;338,99;139530,00;Provincia de San Luis;
27;BANCO SUPERVIELLE S.A.;2026-06-19;PRESTAMOS PERSONALES;PP;Pesos;75000000;10000;72;380000;6;0;30,00;Personas humanas en relación de dependencia;4,00;243,88;Fija;338,99;139530,00;Provincia de Córdoba;
27;BANCO SUPERVIELLE S.A.;2026-06-19;PRESTAMOS PERSONALES;PP;Pesos;75000000;10000;72;380000;12;0;30,00;Personas humanas Monotributistas;4,00;243,88;Fija;338,99;139530,00;Provincia de Mendoza;
27;BANCO SUPERVIELLE S.A.;2026-06-19;PRESTAMOS PERSONALES;PP;Pesos;75000000;10000;72;280000;0;0;30,00;Clientes que acrediten sueldos en la entidad;4,00;293,50;Fija;414,99;152771,00;Provincia de Córdoba;
27;BANCO SUPERVIELLE S.A.;2026-06-19;PRESTAMOS PERSONALES;PP;Pesos;75000000;10000;72;380000;12;0;30,00;Personas humanas Responsables Inscriptos;4,00;243,88;Fija;338,99;139530,00;Provincia de Buenos Aires;
27;BANCO SUPERVIELLE S.A.;2026-06-19;PRESTAMOS PERSONALES;PP;Pesos;75000000;10000;72;380000;12;0;30,00;Personas humanas Monotributistas;4,00;243,88;Fija;338,99;139530,00;Provincia de Córdoba;
27;BANCO SUPERVIELLE S.A.;2026-06-19;PRESTAMOS PERSONALES;PP;Pesos;75000000;6000;60;101000;6;0;50,00;Beneficiarios de cuentas de la seguridad social;4,00;133,88;Fija;177,53;104168,00;Provincia de Buenos Aires;
27;BANCO SUPERVIELLE S.A.;2026-06-19;PRESTAMOS PERSONALES;PP;Pesos;75000000;10000;72;380000;12;0;30,00;Personas humanas Responsables Inscriptos;4,00;243,88;Fija;338,99;139530,00;Provincia de Córdoba;
27;BANCO SUPERVIELLE S.A.;2026-06-19;PRESTAMOS PERSONALES;PP;Pesos;75000000;10000;72;380000;12;0;30,00;Personas humanas Monotributistas;4,00;243,88;Fija;338,99;139530,00;Provincia de Buenos Aires;
27;BANCO SUPERVIELLE S.A.;2026-06-19;PRESTAMOS PERSONALES;PP;Pesos;75000000;10000;72;380000;12;0;30,00;Personas humanas Monotributistas;4,00;243,88;Fija;338,99;139530,00;Provincia de Tucumán;
27;BANCO SUPERVIELLE S.A.;2026-06-19;PRESTAMOS PERSONALES;PP;Pesos;75000000;10000;72;380000;12;0;30,00;Personas humanas Responsables Inscriptos;4,00;243,88;Fija;338,99;139530,00;Provincia de Mendoza;
27;BANCO SUPERVIELLE S.A.;2026-06-19;PRESTAMOS PERSONALES;PP;Pesos;75000000;10000;72;380000;6;0;30,00;Personas humanas en relación de dependencia;4,00;243,88;Fija;338,99;139530,00;Provincia de Tucumán;
27;BANCO SUPERVIELLE S.A.;2026-06-19;PRESTAMOS PERSONALES;PP;Pesos;75000000;6000;60;101000;6;0;50,00;Beneficiarios de cuentas de la seguridad social;4,00;133,88;Fija;177,53;104168,00;Provincia de Mendoza;
27;BANCO SUPERVIELLE S.A.;2026-06-19;PRESTAMOS PERSONALES;PP;Pesos;75000000;6000;60;101000;6;0;50,00;Beneficiarios de cuentas de la seguridad social;4,00;133,88;Fija;177,53;104168,00;Provincia de Córdoba;
27;BANCO SUPERVIELLE S.A.;2026-06-19;PRESTAMOS PERSONALES;PP;Pesos;75000000;10000;72;380000;12;0;30,00;Personas humanas en relación de dependencia;4,00;243,88;Fija;338,99;139530,00;Provincia de Buenos Aires;
27;BANCO SUPERVIELLE S.A.;2026-06-19;PRESTAMOS PERSONALES;PP;Pesos;75000000;10000;72;380000;6;0;30,00;Clientes con cuenta en la entidad;4,00;243,88;Fija;338,99;139530,00;Provincia de Córdoba;
27;BANCO SUPERVIELLE S.A.;2026-06-19;PRESTAMOS PERSONALES;PP;Pesos;75000000;10000;72;380000;6;0;30,00;Personas humanas en relación de dependencia;4,00;243,88;Fija;338,99;139530,00;Provincia de Mendoza;
27;BANCO SUPERVIELLE S.A.;2026-06-19;PRESTAMOS PERSONALES;PP;Pesos;75000000;10000;72;280000;0;0;30,00;Clientes que acrediten sueldos en la entidad;4,00;293,50;Fija;414,99;152771,00;Provincia de Buenos Aires;
27;BANCO SUPERVIELLE S.A.;2026-06-19;PRESTAMOS PERSONALES;PP;Pesos;75000000;10000;72;380000;6;0;30,00;Personas humanas en relación de dependencia;4,00;243,88;Fija;338,99;139530,00;Provincia de Santa Fe;
27;BANCO SUPERVIELLE S.A.;2026-06-19;PRESTAMOS PERSONALES;PP;Pesos;75000000;10000;72;380000;6;0;30,00;Clientes con cuenta en la entidad;4,00;243,88;Fija;338,99;139530,00;Provincia de Santa Fe;
27;BANCO SUPERVIELLE S.A.;2026-06-19;PRESTAMOS PERSONALES;PP;Pesos;75000000;10000;72;380000;6;0;30,00;Clientes con cuenta en la entidad;4,00;243,88;Fija;338,99;139530,00;Provincia de Buenos Aires;
27;BANCO SUPERVIELLE S.A.;2026-06-19;PRESTAMOS PERSONALES;PP;Pesos;75000000;10000;72;380000;6;0;30,00;Clientes con cuenta en la entidad;4,00;243,88;Fija;338,99;139530,00;Provincia de Mendoza;
27;BANCO SUPERVIELLE S.A.;2026-06-19;PRESTAMOS PERSONALES;PP;Pesos;75000000;10000;72;380000;12;0;30,00;Personas humanas Monotributistas;4,00;243,88;Fija;338,99;139530,00;Ciudad Autónoma de Buenos Aires;
27;BANCO SUPERVIELLE S.A.;2026-06-19;PRESTAMOS PERSONALES;PP;Pesos;75000000;6000;60;101000;6;0;50,00;Beneficiarios de cuentas de la seguridad social;4,00;133,88;Fija;177,53;104168,00;Provincia de San Luis;
27;BANCO SUPERVIELLE S.A.;2026-06-19;PRESTAMOS PERSONALES;PP;Pesos;75000000;6000;60;101000;6;0;50,00;Beneficiarios de cuentas de la seguridad social;4,00;133,88;Fija;177,53;104168,00;Provincia de San Juan;
27;BANCO SUPERVIELLE S.A.;2026-06-19;PRESTAMOS PERSONALES;PP;Pesos;75000000;10000;72;380000;6;0;30,00;Clientes con cuenta en la entidad;4,00;243,88;Fija;338,99;139530,00;Provincia de San Juan;
27;BANCO SUPERVIELLE S.A.;2026-06-19;PRESTAMOS PERSONALES;PP;Pesos;75000000;10000;72;280000;0;0;30,00;Clientes que acrediten sueldos en la entidad;4,00;293,50;Fija;414,99;152771,00;Provincia de San Juan;
27;BANCO SUPERVIELLE S.A.;2026-06-19;PRESTAMOS PERSONALES;PP;Pesos;75000000;10000;72;380000;12;0;30,00;Personas humanas Responsables Inscriptos;4,00;243,88;Fija;338,99;139530,00;Provincia de San Juan;
27;BANCO SUPERVIELLE S.A.;2026-06-19;PRESTAMOS PERSONALES;PP;Pesos;75000000;10000;72;380000;6;0;30,00;Personas humanas en relación de dependencia;4,00;243,88;Fija;338,99;139530,00;Provincia de San Juan;
27;BANCO SUPERVIELLE S.A.;2026-06-19;PRESTAMOS PERSONALES;PP;Pesos;75000000;10000;72;380000;12;0;30,00;Personas humanas Monotributistas;4,00;243,88;Fija;338,99;139530,00;Provincia de San Juan;
27;BANCO SUPERVIELLE S.A.;2026-06-19;PRESTAMOS PERSONALES;PP;Pesos;75000000;10000;72;380000;6;0;30,00;Clientes con cuenta en la entidad;4,00;243,88;Fija;338,99;139530,00;Provincia de San Luis;
27;BANCO SUPERVIELLE S.A.;2026-06-19;PRESTAMOS PERSONALES;PP;Pesos;75000000;10000;72;280000;0;0;30,00;Clientes que acrediten sueldos en la entidad;4,00;293,50;Fija;414,99;152771,00;Provincia de Santa Fe;
27;BANCO SUPERVIELLE S.A.;2026-06-19;PRESTAMOS PERSONALES;PP;Pesos;75000000;10000;72;380000;6;0;30,00;Clientes con cuenta en la entidad;4,00;243,88;Fija;338,99;139530,00;Ciudad Autónoma de Buenos Aires;
27;BANCO SUPERVIELLE S.A.;2026-06-19;PRESTAMOS PERSONALES;PP;Pesos;75000000;10000;72;280000;0;0;30,00;Clientes que acrediten sueldos en la entidad;4,00;293,50;Fija;414,99;152771,00;Ciudad Autónoma de Buenos Aires;
27;BANCO SUPERVIELLE S.A.;2026-06-19;PRESTAMOS PERSONALES;PP;Pesos;75000000;6000;60;101000;6;0;50,00;Beneficiarios de cuentas de la seguridad social;4,00;133,88;Fija;177,53;104168,00;Ciudad Autónoma de Buenos Aires;
27;BANCO SUPERVIELLE S.A.;2026-06-19;PRESTAMOS PERSONALES;PP;Pesos;75000000;10000;72;380000;6;0;30,00;Personas humanas en relación de dependencia;4,00;243,88;Fija;338,99;139530,00;Provincia de San Luis;
27;BANCO SUPERVIELLE S.A.;2026-06-19;PRESTAMOS PERSONALES;PP;Pesos;75000000;10000;72;380000;12;0;30,00;Personas humanas Monotributistas;4,00;243,88;Fija;338,99;139530,00;Provincia de San Luis;
27;BANCO SUPERVIELLE S.A.;2026-06-19;PRESTAMOS PERSONALES;PP;Pesos;75000000;10000;72;280000;0;0;30,00;Clientes que acrediten sueldos en la entidad;4,00;293,50;Fija;414,99;152771,00;Provincia de San Luis;
27;BANCO SUPERVIELLE S.A.;2026-06-19;PRESTAMOS PERSONALES;PP;Pesos;75000000;10000;72;380000;12;0;30,00;Personas humanas Responsables Inscriptos;4,00;243,88;Fija;338,99;139530,00;Ciudad Autónoma de Buenos Aires;
27;BANCO SUPERVIELLE S.A.;2026-06-19;PRESTAMOS PERSONALES;PP;Pesos;75000000;10000;72;380000;12;0;30,00;Personas humanas Responsables Inscriptos;4,00;243,88;Fija;338,99;139530,00;Provincia de Santa Fe;
27;BANCO SUPERVIELLE S.A.;2026-06-19;PRESTAMOS PERSONALES;PP;Pesos;75000000;10000;72;280000;0;0;30,00;Clientes que acrediten sueldos en la entidad;4,00;293,50;Fija;414,99;152771,00;Provincia de Mendoza;
27;BANCO SUPERVIELLE S.A.;2026-06-19;PRESTAMOS PERSONALES;PP;Pesos;75000000;6000;60;101000;6;0;50,00;Beneficiarios de cuentas de la seguridad social;4,00;133,88;Fija;177,53;104168,00;Provincia de Tucumán;
27;BANCO SUPERVIELLE S.A.;2026-06-19;PRESTAMOS PERSONALES;PP;Pesos;75000000;6000;60;101000;6;0;50,00;Beneficiarios de cuentas de la seguridad social;4,00;133,88;Fija;177,53;104168,00;Provincia de Santa Fe;
27;BANCO SUPERVIELLE S.A.;2026-06-19;PRESTAMOS PERSONALES;PP;Pesos;75000000;10000;72;380000;6;0;30,00;Clientes con cuenta en la entidad;4,00;243,88;Fija;338,99;139530,00;Provincia de Tucumán;
27;BANCO SUPERVIELLE S.A.;2026-06-19;PRESTAMOS PERSONALES;PP;Pesos;75000000;10000;72;280000;0;0;30,00;Clientes que acrediten sueldos en la entidad;4,00;293,50;Fija;414,99;152771,00;Provincia de Tucumán;
27;BANCO SUPERVIELLE S.A.;2026-06-19;PRESTAMOS PERSONALES;PP;Pesos;75000000;10000;72;380000;12;0;30,00;Personas humanas Monotributistas;4,00;243,88;Fija;338,99;139530,00;Provincia de Santa Fe;
29;BANCO DE LA CIUDAD DE BUENOS AIRES;2026-06-24;CIUDAD VELOZ PLAN SUELDO;CIUDAD VELOZ PLAN SUELDO;Pesos;40000000;1;72;735600;3;64;40,00;Clientes que acrediten sueldos en la entidad;4,84;97,46;Fija;126,70;726,00;Provincia de Córdoba;NO APLICA
29;BANCO DE LA CIUDAD DE BUENOS AIRES;2026-06-24;CIUDAD VELOZ PLAN SUELDO;CIUDAD VELOZ PLAN SUELDO;Pesos;40000000;1;72;735600;18;64;40,00;Empleados públicos;4,84;97,46;Fija;126,70;726,00;Ciudad Autónoma de Buenos Aires;NO APLICA
29;BANCO DE LA CIUDAD DE BUENOS AIRES;2026-06-24;CIUDAD VELOZ PLAN SUELDO;CIUDAD VELOZ PLAN SUELDO;Pesos;40000000;1;72;735600;18;64;40,00;Empleados públicos;4,84;97,46;Fija;126,70;726,00;Provincia de Córdoba;NO APLICA
29;BANCO DE LA CIUDAD DE BUENOS AIRES;2026-06-24;CIUDAD VELOZ PLAN SUELDO;CIUDAD VELOZ PLAN SUELDO;Pesos;40000000;1;72;735600;18;64;40,00;Empleados públicos;4,84;97,46;Fija;126,70;726,00;Provincia de Mendoza;NO APLICA
29;BANCO DE LA CIUDAD DE BUENOS AIRES;2026-06-24;CIUDAD VELOZ PLAN SUELDO;CIUDAD VELOZ PLAN SUELDO;Pesos;40000000;1;72;735600;18;64;40,00;Empleados públicos;4,84;97,46;Fija;126,70;726,00;Provincia de Salta;NO APLICA
29;BANCO DE LA CIUDAD DE BUENOS AIRES;2026-06-24;CIUDAD VELOZ PLAN SUELDO;CIUDAD VELOZ PLAN SUELDO;Pesos;40000000;1;72;735600;18;64;40,00;Empleados públicos;4,84;97,46;Fija;126,70;726,00;Provincia de Buenos Aires;NO APLICA
29;BANCO DE LA CIUDAD DE BUENOS AIRES;2026-06-24;CIUDAD VELOZ PLAN SUELDO;CIUDAD VELOZ PLAN SUELDO;Pesos;40000000;1;72;735600;3;64;40,00;Clientes que acrediten sueldos en la entidad;4,84;97,46;Fija;126,70;726,00;Ciudad Autónoma de Buenos Aires;NO APLICA
29;BANCO DE LA CIUDAD DE BUENOS AIRES;2026-06-24;CIUDAD VELOZ PLAN SUELDO;CIUDAD VELOZ PLAN SUELDO;Pesos;40000000;1;72;735600;3;64;40,00;Clientes que acrediten sueldos en la entidad;4,84;97,46;Fija;126,70;726,00;Provincia de Buenos Aires;NO APLICA
29;BANCO DE LA CIUDAD DE BUENOS AIRES;2026-06-24;CIUDAD VELOZ PLAN SUELDO;CIUDAD VELOZ PLAN SUELDO;Pesos;40000000;1;72;735600;3;64;40,00;Clientes que acrediten sueldos en la entidad;4,84;97,46;Fija;126,70;726,00;Provincia de Mendoza;NO APLICA
29;BANCO DE LA CIUDAD DE BUENOS AIRES;2026-06-24;CIUDAD VELOZ PLAN SUELDO;CIUDAD VELOZ PLAN SUELDO;Pesos;40000000;1;72;735600;3;64;40,00;Clientes que acrediten sueldos en la entidad;4,84;97,46;Fija;126,70;726,00;Provincia de Salta;NO APLICA
29;BANCO DE LA CIUDAD DE BUENOS AIRES;2026-06-24;CIUDAD VELOZ PLAN SUELDO;CIUDAD VELOZ PLAN SUELDO;Pesos;40000000;1;72;735600;3;64;40,00;Clientes que acrediten sueldos en la entidad;4,84;97,46;Fija;126,70;726,00;Provincia de Tucumán;NO APLICA
29;BANCO DE LA CIUDAD DE BUENOS AIRES;2026-06-24;CIUDAD VELOZ PLAN SUELDO;CIUDAD VELOZ PLAN SUELDO;Pesos;40000000;1;72;735600;18;64;40,00;Empleados públicos;4,84;97,46;Fija;126,70;726,00;Provincia de Tucumán;NO APLICA
34;BANCO PATAGONIA S.A.;2026-03-26;PRESTAMO PERSONAL PATAGONIA SIMPLE;PP PLUS;Pesos;30000000;10000;60;400000;0;84;50,00;Todos los beneficiarios;4,00;129,55;Fija;171,24;853,00;Todo el territorio nacional;DE ACUERDO A LA JURISDICCION DE RADICACION DE LA CUENTA ES SUSCEPTIBLE DE SER ALCANZADO POR IMPUESTOS PROVINCIALES. LOS INGRESOS MINIMOS CORRESPONDEN A INGRESOS NETOS MENSUALES PARA LA LINEA PATAGONIA PLUS.
34;BANCO PATAGONIA S.A.;2026-03-26;PRESTAMO PERSONAL PATAGONIA SIMPLE;PP TRADICIONAL;Pesos;30000000;10000;60;0;0;84;50,00;Todos los beneficiarios;4,00;173,78;Fija;234,52;1038,00;Todo el territorio nacional;DE ACUERDO A LA JURISDICCION DE RADICACION DE LA CUENTA ES SUSCEPTIBLE DE SER ALCANZADO POR IMPUESTOS PROVINCIALES.
44;BANCO HIPOTECARIO S.A.;2026-06-02;PRESTAMO PERSONAL DESTINO CONSTRUCCION VVDAS MODULARES;HIPOVIVIND;UVA;50000;5000;72;585869;12;64;25,00;Clientes con cuenta en la entidad;3,00;16,08;Fija;16,08;211,00;Todo el territorio nacional;
44;BANCO HIPOTECARIO S.A.;2026-06-02;PRESTAMO PERSONAL PLAN SUELDO;PMO. PERS PS;Pesos;100000000;20000;36;809160;0;80;25,00;Clientes que acrediten sueldos en la entidad;5,00;171,77;Fija;231,91;1035,00;Todo el territorio nacional;
44;BANCO HIPOTECARIO S.A.;2026-06-02;PRESTAMO PERSONAL CARTERA GENERAL;PMO. PERS CG;Pesos;100000000;20000;36;809160;3;80;25,00;Clientes con cuenta en la entidad;5,00;195,71;Fija;266,98;1117,00;Todo el territorio nacional;
44;BANCO HIPOTECARIO S.A.;2026-06-02;PRESTAMO PERSONAL MERCADO ABIERTO;PMO. PERS MA;Pesos;100000000;20000;36;809160;3;80;25,00;Personas humanas en relación de dependencia;5,00;195,71;Fija;266,98;1117,00;Todo el territorio nacional;
44;BANCO HIPOTECARIO S.A.;2026-06-02;PRESTAMO PERSONAL DESTINO CONSTRUCCION VVDAS MODULARES;HIPOVIVIND;UVA;50000;5000;72;658601;12;64;25,00;Clientes con cuenta en la entidad;3,00;16,08;Fija;19,74;238,00;Todo el territorio nacional;
45;BANCO DE SAN JUAN S.A.;2026-05-05;PRESTAMOS PARA EMPLEADOS PUBLICOS PROVINCIALES;P.P.EMPLEADOS PCOS;Pesos;50000000;4500;72;4500;1;83;70,00;Clientes con cuenta en la entidad;3,00;129,16;Fija;129,16;66875,00;Todo el territorio nacional;LA COMISION POR CANCELACION ANTICIPADA PARA PRESTAMOS BANCA CONSUMO NO ES DE APLICACION CUANDO SE TRATE DE CANCELACIONES TOTALES Y AL MOMENTO DE EFECTUARLA HUBIERAN TRANSCURRIDO, AL MENOS, LA CUARTA PARTE DEL PLAZO ORIGINAL DE SU OTORGAMIENTO, DE AMBOS EL MAYOR. EL CFT EXPRESADO EN TEA INCLUYE EL IVA Y EL IMPUESTO DE SELLOS DE LA PROVINCIA DE SAN JUAN.
65;BANCO MUNICIPAL DE ROSARIO;2026-06-29;CLIENTELA GENERAL TASA FIJA;CLIENTELA GENERAL;Pesos;50000000;1000;60;10000;4;84;30,00;Clientes con cuenta en la entidad;4,84;117,02;Fija;153,78;81034,00;Todo el territorio nacional;EL COSTO FINANCIERO EFECTIVO TOTAL MAXIMO Y EL CARGO MAXIMO POR CANCELACION ANTICIPADA INCLUYEN IVA
65;BANCO MUNICIPAL DE ROSARIO;2026-06-29;CLIENTELA GENERAL TASA FIJA;CLIENTELA GENERAL;Pesos;50000000;1000;60;10000;4;84;30,00;Empleados públicos;4,84;117,02;Fija;153,78;81034,00;Todo el territorio nacional;EL COSTO FINANCIERO EFECTIVO TOTAL MAXIMO Y EL CARGO MAXIMO POR CANCELACION ANTICIPADA INCLUYEN IVA
65;BANCO MUNICIPAL DE ROSARIO;2026-06-29;CLIENTELA GENERAL TASA FIJA;CLIENTELA GENERAL;Pesos;50000000;1000;60;10000;4;84;30,00;Personas humanas Monotributistas;4,84;117,02;Fija;153,78;81034,00;Todo el territorio nacional;EL COSTO FINANCIERO EFECTIVO TOTAL MAXIMO Y EL CARGO MAXIMO POR CANCELACION ANTICIPADA INCLUYEN IVA
65;BANCO MUNICIPAL DE ROSARIO;2026-06-29;CLIENTELA GENERAL TASA FIJA;CLIENTELA GENERAL;Pesos;50000000;1000;60;10000;4;84;30,00;Personas humanas Responsables Inscriptos;4,84;117,02;Fija;153,78;81034,00;Todo el territorio nacional;EL COSTO FINANCIERO EFECTIVO TOTAL MAXIMO Y EL CARGO MAXIMO POR CANCELACION ANTICIPADA INCLUYEN IVA
65;BANCO MUNICIPAL DE ROSARIO;2026-06-29;CLIENTELA GENERAL TASA FIJA;CLIENTELA GENERAL;Pesos;50000000;1000;60;10000;4;84;30,00;Personas humanas en relación de dependencia;4,84;117,02;Fija;153,78;81034,00;Todo el territorio nacional;EL COSTO FINANCIERO EFECTIVO TOTAL MAXIMO Y EL CARGO MAXIMO POR CANCELACION ANTICIPADA INCLUYEN IVA
72;BANCO SANTANDER ARGENTINA S.A.;2026-07-02;SUPER PRESTAMO PERSONAL;SUPER PRESTAMO PERSONAL;Pesos;50000000;10000;72;1150000;6;100;30,00;Personas humanas Responsables Inscriptos;4,00;114,92;Fija;150,86;80334,00;Todo el territorio nacional;EN LA CUOTA NO SE INCLUYEN IMPUESTOS PROVINCIALES
72;BANCO SANTANDER ARGENTINA S.A.;2026-07-02;SUPER PRESTAMO PERSONAL;SUPER PRESTAMO PERSONAL;Pesos;50000000;10000;72;1150000;6;100;30,00;Personas humanas en relación de dependencia;4,00;114,92;Fija;150,86;80334,00;Todo el territorio nacional;EN LA CUOTA NO SE INCLUYEN IMPUESTOS PROVINCIALES
72;BANCO SANTANDER ARGENTINA S.A.;2026-07-02;SUPER PRESTAMO PERSONAL;SUPER PRESTAMO PERSONAL;Pesos;50000000;10000;72;1150000;6;100;30,00;Personas humanas Monotributistas;4,00;114,92;Fija;150,86;80334,00;Todo el territorio nacional;EN LA CUOTA NO SE INCLUYEN IMPUESTOS PROVINCIALES
72;BANCO SANTANDER ARGENTINA S.A.;2026-07-02;ADELANTO DE SUELDO;ADELANTO DE SUELDO;Pesos;50000000;10000;2;810000;6;100;30,00;Clientes que acrediten sueldos en la entidad;4,00;125,22;Fija;165,29;567792,00;Todo el territorio nacional;EN LA CUOTA NO SE INCLUYEN IMPUESTOS PROVINCIALES
72;BANCO SANTANDER ARGENTINA S.A.;2026-07-02;SUPER PRESTAMO PERSONAL;SUPER PRESTAMO PERSONAL;Pesos;50000000;10000;72;810000;6;100;30,00;Clientes que acrediten sueldos en la entidad;4,00;114,92;Fija;150,86;80334,00;Todo el territorio nacional;EN LA CUOTA NO SE INCLUYEN IMPUESTOS PROVINCIALES
72;BANCO SANTANDER ARGENTINA S.A.;2026-07-02;SUPER PRESTAMO PERSONAL;SUPER PRESTAMO PERSONAL;Pesos;50000000;10000;72;1150000;6;100;30,00;Empleados públicos;4,00;114,92;Fija;150,86;80334,00;Todo el territorio nacional;EN LA CUOTA NO SE INCLUYEN IMPUESTOS PROVINCIALES
72;BANCO SANTANDER ARGENTINA S.A.;2026-07-02;SUPER PRESTAMO PERSONAL;SUPER PRESTAMO PERSONAL;Pesos;50000000;10000;72;1150000;6;100;30,00;Clientes con cuenta en la entidad;4,00;114,92;Fija;150,86;80334,00;Todo el territorio nacional;EN LA CUOTA NO SE INCLUYEN IMPUESTOS PROVINCIALES
83;BANCO DEL CHUBUT S.A.;2026-05-13;PRESTAMOS PERSONALES CON DESCUENTO DE HABERES;RE 298 C ;Pesos;40000000;0;36;0;3;100;40,00;Clientes que acrediten sueldos en la entidad;4,84;108,00;Fija;141,30;83109,00;Provincia del Chubut;COMISION APLICABLE CUANDO NO HAYA TRANSCURRIDO AL MENOS LA CUARTA PARTE DE LA FINANCIACION  O 180 DIAS  CORRIDOS DE SU OTORGAMIENTO DE AMBOS EL MAYOR 
83;BANCO DEL CHUBUT S.A.;2026-05-13;PRESTAMOS PERSONALES CON DESCUENTO DE HABERES;RE 298 C ;Pesos;40000000;0;60;0;3;75;40,00;Clientes que acrediten sueldos en la entidad;4,84;108,00;Fija;141,30;76808,00;Provincia de Río Negro;COMISION APLICABLE CUANDO NO HAYA TRANSCURRIDO AL MENOS LA CUARTA PARTE DE LA FINANCIACION  O 180 DIAS  CORRIDOS DE SU OTORGAMIENTO DE AMBOS EL MAYOR 
83;BANCO DEL CHUBUT S.A.;2026-05-13;PRESTAMOS PERSONALES CON DESCUENTO DE HABERES;RE 298 C ;Pesos;40000000;0;60;0;3;75;40,00;Clientes que acrediten sueldos en la entidad;4,84;108,00;Fija;141,30;76808,00;Provincia del Chubut;COMISION APLICABLE CUANDO NO HAYA TRANSCURRIDO AL MENOS LA CUARTA PARTE DE LA FINANCIACION  O 180 DIAS  CORRIDOS DE SU OTORGAMIENTO DE AMBOS EL MAYOR 
83;BANCO DEL CHUBUT S.A.;2026-05-13;PRESTAMOS PERSONALES CON DESCUENTO DE HABERES;RE 298 C ;Pesos;40000000;0;36;0;3;100;40,00;Clientes que acrediten sueldos en la entidad;4,84;108,00;Fija;141,30;83109,00;Provincia de Río Negro;COMISION APLICABLE CUANDO NO HAYA TRANSCURRIDO AL MENOS LA CUARTA PARTE DE LA FINANCIACION  O 180 DIAS  CORRIDOS DE SU OTORGAMIENTO DE AMBOS EL MAYOR 
83;BANCO DEL CHUBUT S.A.;2026-05-13;PRESTAMOS PERSONALES CON DESCUENTO DE HABERES;RE 298 C ;Pesos;40000000;0;36;0;3;100;40,00;Clientes que acrediten sueldos en la entidad;4,84;108,00;Fija;141,30;83109,00;Ciudad Autónoma de Buenos Aires;COMISION APLICABLE CUANDO NO HAYA TRANSCURRIDO AL MENOS LA CUARTA PARTE DE LA FINANCIACION  O 180 DIAS  CORRIDOS DE SU OTORGAMIENTO DE AMBOS EL MAYOR 
83;BANCO DEL CHUBUT S.A.;2026-05-13;PRESTAMOS PERSONALES CON DESCUENTO DE HABERES;RE 298 C ;Pesos;40000000;0;60;0;3;75;40,00;Clientes que acrediten sueldos en la entidad;4,84;108,00;Fija;141,30;76808,00;Ciudad Autónoma de Buenos Aires;COMISION APLICABLE CUANDO NO HAYA TRANSCURRIDO AL MENOS LA CUARTA PARTE DE LA FINANCIACION  O 180 DIAS  CORRIDOS DE SU OTORGAMIENTO DE AMBOS EL MAYOR 
86;BANCO DE SANTA CRUZ S.A.;2026-06-02;PRESTAMO PERSONAL PARA EMPLEADOS ACTIVOS DE LA ADMINISTRACION PUBLICA PROVINCIAL;PRESTAMO PERSONAL;Pesos;50000000;1000;72;50000;1;84;40,00;Clientes que acrediten sueldos en la entidad;3,63;135,00;Fija;135,00;65829,00;Provincia de Santa Cruz;EN EL CASO DE PRE CANCELACION TOTAL, NO SE COBRARA LA COMISION DE CANCELACION ANTICIPADA CUANDO AL MOMENTO DE EFECTUARLA HAYA TRANSCURRIDO AL MENOS LA CUARTA PARTE DEL PLAZO ORIGINAL DE LA FINANCIACION O 180 DIAS CORRIDOS DESDE SU OTORGAMIENTO, DE AMBOS EL MAYOR.CFT EXPRESADO EN TEA INCLUYE EL IVA.
93;BANCO DE LA PAMPA SA;2026-06-24;PRESTAMO PERSONAL;PREST PERS;Pesos;10000000;200000;60;5000;12;83;30,00;Personas humanas en relación de dependencia;5,00;107,05;Fija;142,60;76340,00;Provincia de Córdoba;EL CFT INCLUYE IVA E IMPUESTO A LOS SELLOS SEGUN JURISDICCION. MONTO MAX PODRA REDUCIRSE A 2.000.000 SI SE SOLICITA POR CANALES ELECTRONICOS.
93;BANCO DE LA PAMPA SA;2026-06-24;PRESTAMO PERSONAL;PREST PERS;Pesos;10000000;200000;60;15000;24;83;30,00;Personas humanas Responsables Inscriptos;5,00;107,05;Fija;142,60;76340,00;Provincia de Buenos Aires;EL CFT INCLUYE IVA E IMPUESTO A LOS SELLOS SEGUN JURISDICCION. MONTO MAX PODRA REDUCIRSE A 2.000.000 SI SE SOLICITA POR CANALES ELECTRONICOS.
93;BANCO DE LA PAMPA SA;2026-06-24;PRESTAMO PERSONAL;PREST PERS;Pesos;10000000;200000;60;15000;24;83;30,00;Personas humanas Responsables Inscriptos;5,00;107,05;Fija;142,60;76340,00;Provincia de Córdoba;EL CFT INCLUYE IVA E IMPUESTO A LOS SELLOS SEGUN JURISDICCION. MONTO MAX PODRA REDUCIRSE A 2.000.000 SI SE SOLICITA POR CANALES ELECTRONICOS.
93;BANCO DE LA PAMPA SA;2026-06-24;PRESTAMO PERSONAL;PREST PERS;Pesos;10000000;200000;60;5000;12;83;30,00;Empleados públicos;5,00;107,05;Fija;142,15;76340,00;Provincia de Río Negro;EL CFT INCLUYE IVA E IMPUESTO A LOS SELLOS SEGUN JURISDICCION. MONTO MAX PODRA REDUCIRSE A 2.000.000 SI SE SOLICITA POR CANALES ELECTRONICOS.
93;BANCO DE LA PAMPA SA;2026-06-24;PRESTAMO PERSONAL;PREST PERS;Pesos;10000000;200000;60;5000;12;83;30,00;Empleados públicos;5,00;107,05;Fija;142,60;76340,00;Provincia de Córdoba;EL CFT INCLUYE IVA E IMPUESTO A LOS SELLOS SEGUN JURISDICCION. MONTO MAX PODRA REDUCIRSE A 2.000.000 SI SE SOLICITA POR CANALES ELECTRONICOS.
93;BANCO DE LA PAMPA SA;2026-06-24;PRESTAMO PERSONAL;PREST PERS;Pesos;10000000;200000;60;15000;24;83;30,00;Beneficiarios de cuentas de la seguridad social;5,00;107,05;Fija;142,15;76340,00;Ciudad Autónoma de Buenos Aires;EL CFT INCLUYE IVA E IMPUESTO A LOS SELLOS SEGUN JURISDICCION. MONTO MAX PODRA REDUCIRSE A 2.000.000 SI SE SOLICITA POR CANALES ELECTRONICOS.
93;BANCO DE LA PAMPA SA;2026-06-24;PRESTAMO PERSONAL;PREST PERS;Pesos;10000000;200000;60;15000;24;83;30,00;Personas humanas Monotributistas;5,00;107,05;Fija;142,60;76340,00;Provincia de Córdoba;EL CFT INCLUYE IVA E IMPUESTO A LOS SELLOS SEGUN JURISDICCION. MONTO MAX PODRA REDUCIRSE A 2.000.000 SI SE SOLICITA POR CANALES ELECTRONICOS.
93;BANCO DE LA PAMPA SA;2026-06-24;PRESTAMO PERSONAL;PREST PERS;Pesos;10000000;200000;60;5000;12;83;30,00;Clientes que acrediten sueldos en la entidad;5,00;107,05;Fija;142,15;76340,00;Provincia de La Pampa;EL CFT INCLUYE IVA E IMPUESTO A LOS SELLOS SEGUN JURISDICCION. MONTO MAX PODRA REDUCIRSE A 2.000.000 SI SE SOLICITA POR CANALES ELECTRONICOS.
93;BANCO DE LA PAMPA SA;2026-06-24;PRESTAMO PERSONAL;PREST PERS;Pesos;10000000;200000;60;5000;12;83;30,00;Clientes que acrediten sueldos en la entidad;5,00;107,05;Fija;142,60;76340,00;Provincia de Córdoba;EL CFT INCLUYE IVA E IMPUESTO A LOS SELLOS SEGUN JURISDICCION. MONTO MAX PODRA REDUCIRSE A 2.000.000 SI SE SOLICITA POR CANALES ELECTRONICOS.
93;BANCO DE LA PAMPA SA;2026-06-24;PRESTAMO PERSONAL;PREST PERS;Pesos;10000000;200000;60;15000;24;83;30,00;Personas humanas Monotributistas;5,00;107,05;Fija;142,15;76340,00;Ciudad Autónoma de Buenos Aires;EL CFT INCLUYE IVA E IMPUESTO A LOS SELLOS SEGUN JURISDICCION. MONTO MAX PODRA REDUCIRSE A 2.000.000 SI SE SOLICITA POR CANALES ELECTRONICOS.
93;BANCO DE LA PAMPA SA;2026-06-24;PRESTAMO PERSONAL;PREST PERS;Pesos;10000000;200000;60;15000;24;83;30,00;Beneficiarios de cuentas de la seguridad social;5,00;107,05;Fija;142,60;76340,00;Provincia de Córdoba;EL CFT INCLUYE IVA E IMPUESTO A LOS SELLOS SEGUN JURISDICCION. MONTO MAX PODRA REDUCIRSE A 2.000.000 SI SE SOLICITA POR CANALES ELECTRONICOS.
93;BANCO DE LA PAMPA SA;2026-06-24;PRESTAMO PERSONAL;PREST PERS;Pesos;10000000;200000;60;5000;12;83;30,00;Empleados públicos;5,00;107,05;Fija;142,15;76340,00;Ciudad Autónoma de Buenos Aires;EL CFT INCLUYE IVA E IMPUESTO A LOS SELLOS SEGUN JURISDICCION. MONTO MAX PODRA REDUCIRSE A 2.000.000 SI SE SOLICITA POR CANALES ELECTRONICOS.
93;BANCO DE LA PAMPA SA;2026-06-24;PRESTAMO PERSONAL;PREST PERS;Pesos;10000000;200000;60;15000;24;83;30,00;Clientes con cuenta en la entidad;5,00;107,05;Fija;142,60;76340,00;Provincia de Córdoba;EL CFT INCLUYE IVA E IMPUESTO A LOS SELLOS SEGUN JURISDICCION. MONTO MAX PODRA REDUCIRSE A 2.000.000 SI SE SOLICITA POR CANALES ELECTRONICOS.
93;BANCO DE LA PAMPA SA;2026-06-24;PRESTAMO PERSONAL;PREST PERS;Pesos;10000000;200000;60;15000;24;83;30,00;Personas humanas Responsables Inscriptos;5,00;107,05;Fija;139,94;76340,00;Provincia del Neuquén;EL CFT INCLUYE IVA E IMPUESTO A LOS SELLOS SEGUN JURISDICCION. MONTO MAX PODRA REDUCIRSE A 2.000.000 SI SE SOLICITA POR CANALES ELECTRONICOS.
93;BANCO DE LA PAMPA SA;2026-06-24;PRESTAMO PERSONAL;PREST PERS;Pesos;10000000;200000;60;15000;24;83;30,00;Personas humanas Monotributistas;5,00;107,05;Fija;139,94;76340,00;Provincia del Neuquén;EL CFT INCLUYE IVA E IMPUESTO A LOS SELLOS SEGUN JURISDICCION. MONTO MAX PODRA REDUCIRSE A 2.000.000 SI SE SOLICITA POR CANALES ELECTRONICOS.
93;BANCO DE LA PAMPA SA;2026-06-24;PRESTAMO PERSONAL;PREST PERS;Pesos;10000000;200000;60;5000;12;83;30,00;Clientes que acrediten sueldos en la entidad;5,00;107,05;Fija;142,15;76340,00;Provincia de Río Negro;EL CFT INCLUYE IVA E IMPUESTO A LOS SELLOS SEGUN JURISDICCION. MONTO MAX PODRA REDUCIRSE A 2.000.000 SI SE SOLICITA POR CANALES ELECTRONICOS.
93;BANCO DE LA PAMPA SA;2026-06-24;PRESTAMO PERSONAL;PREST PERS;Pesos;10000000;200000;60;15000;24;83;30,00;Clientes con cuenta en la entidad;5,00;107,05;Fija;142,15;76340,00;Ciudad Autónoma de Buenos Aires;EL CFT INCLUYE IVA E IMPUESTO A LOS SELLOS SEGUN JURISDICCION. MONTO MAX PODRA REDUCIRSE A 2.000.000 SI SE SOLICITA POR CANALES ELECTRONICOS.
93;BANCO DE LA PAMPA SA;2026-06-24;PRESTAMO PERSONAL;PREST PERS;Pesos;10000000;200000;60;15000;24;83;30,00;Personas humanas Responsables Inscriptos;5,00;107,05;Fija;142,15;76340,00;Provincia de Río Negro;EL CFT INCLUYE IVA E IMPUESTO A LOS SELLOS SEGUN JURISDICCION. MONTO MAX PODRA REDUCIRSE A 2.000.000 SI SE SOLICITA POR CANALES ELECTRONICOS.
93;BANCO DE LA PAMPA SA;2026-06-24;PRESTAMO PERSONAL;PREST PERS;Pesos;10000000;200000;60;15000;24;83;30,00;Personas humanas Monotributistas;5,00;107,05;Fija;142,15;76340,00;Provincia de La Pampa;EL CFT INCLUYE IVA E IMPUESTO A LOS SELLOS SEGUN JURISDICCION. MONTO MAX PODRA REDUCIRSE A 2.000.000 SI SE SOLICITA POR CANALES ELECTRONICOS.
93;BANCO DE LA PAMPA SA;2026-06-24;PRESTAMO PERSONAL;PREST PERS;Pesos;10000000;200000;60;5000;12;83;30,00;Clientes que acrediten sueldos en la entidad;5,00;107,05;Fija;142,15;76340,00;Ciudad Autónoma de Buenos Aires;EL CFT INCLUYE IVA E IMPUESTO A LOS SELLOS SEGUN JURISDICCION. MONTO MAX PODRA REDUCIRSE A 2.000.000 SI SE SOLICITA POR CANALES ELECTRONICOS.
93;BANCO DE LA PAMPA SA;2026-06-24;PRESTAMO PERSONAL;PREST PERS;Pesos;10000000;200000;60;5000;12;83;30,00;Personas humanas en relación de dependencia;5,00;107,05;Fija;142,15;76340,00;Ciudad Autónoma de Buenos Aires;EL CFT INCLUYE IVA E IMPUESTO A LOS SELLOS SEGUN JURISDICCION. MONTO MAX PODRA REDUCIRSE A 2.000.000 SI SE SOLICITA POR CANALES ELECTRONICOS.
93;BANCO DE LA PAMPA SA;2026-06-24;PRESTAMO PERSONAL;PREST PERS;Pesos;10000000;200000;60;5000;12;83;30,00;Clientes que acrediten sueldos en la entidad;5,00;107,05;Fija;139,94;76340,00;Provincia del Neuquén;EL CFT INCLUYE IVA E IMPUESTO A LOS SELLOS SEGUN JURISDICCION. MONTO MAX PODRA REDUCIRSE A 2.000.000 SI SE SOLICITA POR CANALES ELECTRONICOS.
93;BANCO DE LA PAMPA SA;2026-06-24;PRESTAMO PERSONAL;PREST PERS;Pesos;10000000;200000;60;15000;24;83;30,00;Personas humanas Monotributistas;5,00;107,05;Fija;142,60;76340,00;Provincia de Buenos Aires;EL CFT INCLUYE IVA E IMPUESTO A LOS SELLOS SEGUN JURISDICCION. MONTO MAX PODRA REDUCIRSE A 2.000.000 SI SE SOLICITA POR CANALES ELECTRONICOS.
93;BANCO DE LA PAMPA SA;2026-06-24;PRESTAMO PERSONAL;PREST PERS;Pesos;10000000;200000;60;5000;12;83;30,00;Empleados públicos;5,00;107,05;Fija;139,94;76340,00;Provincia del Neuquén;EL CFT INCLUYE IVA E IMPUESTO A LOS SELLOS SEGUN JURISDICCION. MONTO MAX PODRA REDUCIRSE A 2.000.000 SI SE SOLICITA POR CANALES ELECTRONICOS.
93;BANCO DE LA PAMPA SA;2026-06-24;PRESTAMO PERSONAL;PREST PERS;Pesos;10000000;200000;60;15000;24;83;30,00;Clientes con cuenta en la entidad;5,00;107,05;Fija;139,94;76340,00;Provincia del Neuquén;EL CFT INCLUYE IVA E IMPUESTO A LOS SELLOS SEGUN JURISDICCION. MONTO MAX PODRA REDUCIRSE A 2.000.000 SI SE SOLICITA POR CANALES ELECTRONICOS.
93;BANCO DE LA PAMPA SA;2026-06-24;PRESTAMO PERSONAL;PREST PERS;Pesos;10000000;200000;60;15000;24;83;30,00;Personas humanas Responsables Inscriptos;5,00;107,05;Fija;142,15;76340,00;Provincia de La Pampa;EL CFT INCLUYE IVA E IMPUESTO A LOS SELLOS SEGUN JURISDICCION. MONTO MAX PODRA REDUCIRSE A 2.000.000 SI SE SOLICITA POR CANALES ELECTRONICOS.
93;BANCO DE LA PAMPA SA;2026-06-24;PRESTAMO PERSONAL;PREST PERS;Pesos;10000000;200000;60;5000;12;83;30,00;Personas humanas en relación de dependencia;5,00;107,05;Fija;142,15;76340,00;Provincia de La Pampa;EL CFT INCLUYE IVA E IMPUESTO A LOS SELLOS SEGUN JURISDICCION. MONTO MAX PODRA REDUCIRSE A 2.000.000 SI SE SOLICITA POR CANALES ELECTRONICOS.
93;BANCO DE LA PAMPA SA;2026-06-24;PRESTAMO PERSONAL;PREST PERS;Pesos;10000000;200000;60;15000;24;83;30,00;Personas humanas Monotributistas;5,00;107,05;Fija;142,15;76340,00;Provincia de Río Negro;EL CFT INCLUYE IVA E IMPUESTO A LOS SELLOS SEGUN JURISDICCION. MONTO MAX PODRA REDUCIRSE A 2.000.000 SI SE SOLICITA POR CANALES ELECTRONICOS.
93;BANCO DE LA PAMPA SA;2026-06-24;PRESTAMO PERSONAL;PREST PERS;Pesos;10000000;200000;60;5000;12;83;30,00;Personas humanas en relación de dependencia;5,00;107,05;Fija;142,15;76340,00;Provincia de Río Negro;EL CFT INCLUYE IVA E IMPUESTO A LOS SELLOS SEGUN JURISDICCION. MONTO MAX PODRA REDUCIRSE A 2.000.000 SI SE SOLICITA POR CANALES ELECTRONICOS.
93;BANCO DE LA PAMPA SA;2026-06-24;PRESTAMO PERSONAL;PREST PERS;Pesos;10000000;200000;60;15000;24;83;30,00;Personas humanas Responsables Inscriptos;5,00;107,05;Fija;142,15;76340,00;Ciudad Autónoma de Buenos Aires;EL CFT INCLUYE IVA E IMPUESTO A LOS SELLOS SEGUN JURISDICCION. MONTO MAX PODRA REDUCIRSE A 2.000.000 SI SE SOLICITA POR CANALES ELECTRONICOS.
93;BANCO DE LA PAMPA SA;2026-06-24;PRESTAMO PERSONAL;PREST PERS;Pesos;10000000;200000;60;15000;24;83;30,00;Clientes con cuenta en la entidad;5,00;107,05;Fija;142,60;76340,00;Provincia de Buenos Aires;EL CFT INCLUYE IVA E IMPUESTO A LOS SELLOS SEGUN JURISDICCION. MONTO MAX PODRA REDUCIRSE A 2.000.000 SI SE SOLICITA POR CANALES ELECTRONICOS.
93;BANCO DE LA PAMPA SA;2026-06-24;PRESTAMO PERSONAL;PREST PERS;Pesos;10000000;200000;60;15000;24;83;30,00;Beneficiarios de cuentas de la seguridad social;5,00;107,05;Fija;142,15;76340,00;Provincia de Río Negro;EL CFT INCLUYE IVA E IMPUESTO A LOS SELLOS SEGUN JURISDICCION. MONTO MAX PODRA REDUCIRSE A 2.000.000 SI SE SOLICITA POR CANALES ELECTRONICOS.
93;BANCO DE LA PAMPA SA;2026-06-24;PRESTAMO PERSONAL;PREST PERS;Pesos;10000000;200000;60;15000;24;83;30,00;Beneficiarios de cuentas de la seguridad social;5,00;107,05;Fija;142,15;76340,00;Provincia de La Pampa;EL CFT INCLUYE IVA E IMPUESTO A LOS SELLOS SEGUN JURISDICCION. MONTO MAX PODRA REDUCIRSE A 2.000.000 SI SE SOLICITA POR CANALES ELECTRONICOS.
93;BANCO DE LA PAMPA SA;2026-06-24;PRESTAMO PERSONAL;PREST PERS;Pesos;10000000;200000;60;5000;12;83;30,00;Personas humanas en relación de dependencia;5,00;107,05;Fija;142,60;76340,00;Provincia de Buenos Aires;EL CFT INCLUYE IVA E IMPUESTO A LOS SELLOS SEGUN JURISDICCION. MONTO MAX PODRA REDUCIRSE A 2.000.000 SI SE SOLICITA POR CANALES ELECTRONICOS.
93;BANCO DE LA PAMPA SA;2026-06-24;PRESTAMO PERSONAL;PREST PERS;Pesos;10000000;200000;60;5000;12;83;30,00;Empleados públicos;5,00;107,05;Fija;142,15;76340,00;Provincia de La Pampa;EL CFT INCLUYE IVA E IMPUESTO A LOS SELLOS SEGUN JURISDICCION. MONTO MAX PODRA REDUCIRSE A 2.000.000 SI SE SOLICITA POR CANALES ELECTRONICOS.
93;BANCO DE LA PAMPA SA;2026-06-24;PRESTAMO PERSONAL;PREST PERS;Pesos;10000000;200000;60;15000;24;83;30,00;Clientes con cuenta en la entidad;5,00;107,05;Fija;142,15;76340,00;Provincia de La Pampa;EL CFT INCLUYE IVA E IMPUESTO A LOS SELLOS SEGUN JURISDICCION. MONTO MAX PODRA REDUCIRSE A 2.000.000 SI SE SOLICITA POR CANALES ELECTRONICOS.
93;BANCO DE LA PAMPA SA;2026-06-24;PRESTAMO PERSONAL;PREST PERS;Pesos;10000000;200000;60;5000;12;83;30,00;Personas humanas en relación de dependencia;5,00;107,05;Fija;139,94;76340,00;Provincia del Neuquén;EL CFT INCLUYE IVA E IMPUESTO A LOS SELLOS SEGUN JURISDICCION. MONTO MAX PODRA REDUCIRSE A 2.000.000 SI SE SOLICITA POR CANALES ELECTRONICOS.
93;BANCO DE LA PAMPA SA;2026-06-24;PRESTAMO PERSONAL;PREST PERS;Pesos;10000000;200000;60;5000;12;83;30,00;Empleados públicos;5,00;107,05;Fija;142,60;76340,00;Provincia de Buenos Aires;EL CFT INCLUYE IVA E IMPUESTO A LOS SELLOS SEGUN JURISDICCION. MONTO MAX PODRA REDUCIRSE A 2.000.000 SI SE SOLICITA POR CANALES ELECTRONICOS.
93;BANCO DE LA PAMPA SA;2026-06-24;PRESTAMO PERSONAL;PREST PERS;Pesos;10000000;200000;60;15000;24;83;30,00;Beneficiarios de cuentas de la seguridad social;5,00;107,05;Fija;142,60;76340,00;Provincia de Buenos Aires;EL CFT INCLUYE IVA E IMPUESTO A LOS SELLOS SEGUN JURISDICCION. MONTO MAX PODRA REDUCIRSE A 2.000.000 SI SE SOLICITA POR CANALES ELECTRONICOS.
93;BANCO DE LA PAMPA SA;2026-06-24;PRESTAMO PERSONAL;PREST PERS;Pesos;10000000;200000;60;15000;24;83;30,00;Clientes con cuenta en la entidad;5,00;107,05;Fija;142,15;76340,00;Provincia de Río Negro;EL CFT INCLUYE IVA E IMPUESTO A LOS SELLOS SEGUN JURISDICCION. MONTO MAX PODRA REDUCIRSE A 2.000.000 SI SE SOLICITA POR CANALES ELECTRONICOS.
93;BANCO DE LA PAMPA SA;2026-06-24;PRESTAMO PERSONAL;PREST PERS;Pesos;10000000;200000;60;15000;24;83;30,00;Beneficiarios de cuentas de la seguridad social;5,00;107,05;Fija;139,94;76340,00;Provincia del Neuquén;EL CFT INCLUYE IVA E IMPUESTO A LOS SELLOS SEGUN JURISDICCION. MONTO MAX PODRA REDUCIRSE A 2.000.000 SI SE SOLICITA POR CANALES ELECTRONICOS.
93;BANCO DE LA PAMPA SA;2026-06-24;PRESTAMO PERSONAL;PREST PERS;Pesos;10000000;200000;60;5000;12;83;30,00;Clientes que acrediten sueldos en la entidad;5,00;107,05;Fija;142,60;76340,00;Provincia de Buenos Aires;EL CFT INCLUYE IVA E IMPUESTO A LOS SELLOS SEGUN JURISDICCION. MONTO MAX PODRA REDUCIRSE A 2.000.000 SI SE SOLICITA POR CANALES ELECTRONICOS.
94;BANCO DE CORRIENTES S.A.;2026-06-24;LINEA DE PRESTAMOS PERSONALES PARA ASALARIADOS Y JUBILADOS;ASALARIADOS;Pesos;15000000;10000;60;10000;6;64;45,00;Clientes que acrediten sueldos en la entidad;3,00;105,11;Fija;137,26;75407,00;Todo el territorio nacional;
97;BANCO PROVINCIA DEL NEUQUÉN SOCIEDAD ANÓNIMA;2026-07-08;D81 SERVICIO DE ACTIVIDADES TURISTICAS;D81;Pesos;5000000;1;12;411990;3;100;30,00;Clientes que acrediten sueldos en la entidad;,00;29,34;Fija;36,42;99845,00;Ciudad Autónoma de Buenos Aires;NO SE PERCIBIRA CARGO POR CANCELACION TOTAL ANTICIPADA TRANSCURRIDOS 180 DIAS CORRIDOS O UN CUARTO DEL PLAZO DEL PRESTAMO, DE AMBOS EL MAYOR
97;BANCO PROVINCIA DEL NEUQUÉN SOCIEDAD ANÓNIMA;2026-07-08;D69 PRESTAMO PERSONAL PARA LA ADQUISICION DE VEHICULOS;D69;Pesos;25000000;1;72;411990;3;100;30,00;Clientes que acrediten sueldos en la entidad;,00;76,23;Fija;97,84;59411,00;Ciudad Autónoma de Buenos Aires;NO SE PERCIBIRA CARGO POR CANCELACION TOTAL ANTICIPADA TRANSCURRIDOS 180 DIAS CORRIDOS O UN CUARTO DEL PLAZO DEL PRESTAMO, DE AMBOS EL MAYOR
97;BANCO PROVINCIA DEL NEUQUÉN SOCIEDAD ANÓNIMA;2026-07-08;D70 PRESTAMOS PERSONALES - CANALES ELECTRONICO;D70;Pesos;15000000;1;72;411990;3;100;30,00;Clientes que acrediten sueldos en la entidad;,00;163,86;Fija;220,45;100714,00;Provincia del Neuquén;NO SE PERCIBIRA CARGO POR CANCELACION TOTAL ANTICIPADA TRANSCURRIDOS 180 DIAS CORRIDOS O UN CUARTO DEL PLAZO DEL PRESTAMO, DE AMBOS EL MAYOR
97;BANCO PROVINCIA DEL NEUQUÉN SOCIEDAD ANÓNIMA;2026-07-08;D82 PRESTAMO PERSONAL MONOPATINES ELECTRICOS;D82;Pesos;6000000;1;60;411990;3;100;30,00;Todos los beneficiarios;,00;45,38;Fija;57,04;43652,00;Provincia del Neuquén;NO SE PERCIBIRA CARGO POR CANCELACION TOTAL ANTICIPADA TRANSCURRIDOS 180 DIAS CORRIDOS O UN CUARTO DEL PLAZO DEL PRESTAMO, DE AMBOS EL MAYOR
97;BANCO PROVINCIA DEL NEUQUÉN SOCIEDAD ANÓNIMA;2026-07-08;D70 PRESTAMOS PERSONALES;D70;Pesos;15000000;1;72;411990;3;100;30,00;Todos los beneficiarios;,00;184,03;Fija;249,80;108590,00;Provincia del Neuquén;NO SE PERCIBIRA CARGO POR CANCELACION TOTAL ANTICIPADA TRANSCURRIDOS 180 DIAS CORRIDOS O UN CUARTO DEL PLAZO DEL PRESTAMO, DE AMBOS EL MAYOR
97;BANCO PROVINCIA DEL NEUQUÉN SOCIEDAD ANÓNIMA;2026-07-08;D82 PRESTAMO PERSONAL MONOPATINES ELECTRICOS;D82;Pesos;6000000;1;60;411990;3;100;30,00;Todos los beneficiarios;,00;45,38;Fija;57,04;43652,00;Ciudad Autónoma de Buenos Aires;NO SE PERCIBIRA CARGO POR CANCELACION TOTAL ANTICIPADA TRANSCURRIDOS 180 DIAS CORRIDOS O UN CUARTO DEL PLAZO DEL PRESTAMO, DE AMBOS EL MAYOR
97;BANCO PROVINCIA DEL NEUQUÉN SOCIEDAD ANÓNIMA;2026-07-08;D66 ADELANTO DE HABERES;D66;Pesos;750000;1500;1;411990;3;100;20,00;Clientes que acrediten sueldos en la entidad;,00;171,27;Fija;231,18;1103431,00;Ciudad Autónoma de Buenos Aires;
97;BANCO PROVINCIA DEL NEUQUÉN SOCIEDAD ANÓNIMA;2026-07-08;D82 PRESTAMO PERSONAL BICICLETAS;D82;Pesos;6000000;1;60;411990;3;100;30,00;Todos los beneficiarios;,00;45,38;Fija;57,04;43652,00;Ciudad Autónoma de Buenos Aires;NO SE PERCIBIRA CARGO POR CANCELACION TOTAL ANTICIPADA TRANSCURRIDOS 180 DIAS CORRIDOS O UN CUARTO DEL PLAZO DEL PRESTAMO, DE AMBOS EL MAYOR
97;BANCO PROVINCIA DEL NEUQUÉN SOCIEDAD ANÓNIMA;2026-07-08;D75 PRESTAMO PERSONAL CONEXION DE AGUA;D75;Pesos;3000000;1;60;411990;3;100;30,00;Todos los beneficiarios;,00;45,38;Fija;57,04;43652,00;Provincia del Neuquén;NO SE PERCIBIRA CARGO POR CANCELACION TOTAL ANTICIPADA TRANSCURRIDOS 180 DIAS CORRIDOS O UN CUARTO DEL PLAZO DEL PRESTAMO, DE AMBOS EL MAYOR
97;BANCO PROVINCIA DEL NEUQUÉN SOCIEDAD ANÓNIMA;2026-07-08;D70 PRESTAMOS PERSONALES - CANALES ELECTRONICO;D70;Pesos;15000000;1;72;411990;3;100;30,00;Clientes que acrediten sueldos en la entidad;,00;163,86;Fija;220,45;100714,00;Ciudad Autónoma de Buenos Aires;NO SE PERCIBIRA CARGO POR CANCELACION TOTAL ANTICIPADA TRANSCURRIDOS 180 DIAS CORRIDOS O UN CUARTO DEL PLAZO DEL PRESTAMO, DE AMBOS EL MAYOR
97;BANCO PROVINCIA DEL NEUQUÉN SOCIEDAD ANÓNIMA;2026-07-08;D81 SERVICIO DE ACTIVIDADES TURISTICAS;D81;Pesos;5000000;1;12;411990;3;100;30,00;Clientes que acrediten sueldos en la entidad;,00;29,34;Fija;36,42;99845,00;Provincia del Neuquén;NO SE PERCIBIRA CARGO POR CANCELACION TOTAL ANTICIPADA TRANSCURRIDOS 180 DIAS CORRIDOS O UN CUARTO DEL PLAZO DEL PRESTAMO, DE AMBOS EL MAYOR
97;BANCO PROVINCIA DEL NEUQUÉN SOCIEDAD ANÓNIMA;2026-07-08;D78 PRESTAMO PARA LA ADQUISICION DE TERRENO;D78;Pesos;25000000;1;72;411990;3;100;30,00;Clientes que acrediten sueldos en la entidad;,00;76,23;Fija;97,84;59411,00;Todo el territorio nacional;NO SE PERCIBIRA CARGO POR CANCELACION TOTAL ANTICIPADA TRANSCURRIDOS 180 DIAS CORRIDOS O UN CUARTO DEL PLAZO DEL PRESTAMO, DE AMBOS EL MAYOR
97;BANCO PROVINCIA DEL NEUQUÉN SOCIEDAD ANÓNIMA;2026-07-08;D75 PRESTAMO PERSONAL CONEXION GAS;D75;Pesos;3000000;1;60;411990;3;100;30,00;Todos los beneficiarios;,00;45,38;Fija;57,04;43652,00;Ciudad Autónoma de Buenos Aires;NO SE PERCIBIRA CARGO POR CANCELACION TOTAL ANTICIPADA TRANSCURRIDOS 180 DIAS CORRIDOS O UN CUARTO DEL PLAZO DEL PRESTAMO, DE AMBOS EL MAYOR
97;BANCO PROVINCIA DEL NEUQUÉN SOCIEDAD ANÓNIMA;2026-07-08;D66 ADELANTO DE HABERES;D66;Pesos;750000;1500;1;411990;3;100;20,00;Clientes que acrediten sueldos en la entidad;,00;171,27;Fija;231,18;1103431,00;Provincia del Neuquén;
97;BANCO PROVINCIA DEL NEUQUÉN SOCIEDAD ANÓNIMA;2026-07-08;D82 PRESTAMO PERSONAL BICICLETAS ELECTRICAS;D82;Pesos;6000000;1;60;411990;3;100;30,00;Todos los beneficiarios;,00;45,38;Fija;57,04;43652,00;Provincia de Río Negro;NO SE PERCIBIRA CARGO POR CANCELACION TOTAL ANTICIPADA TRANSCURRIDOS 180 DIAS CORRIDOS O UN CUARTO DEL PLAZO DEL PRESTAMO, DE AMBOS EL MAYOR
97;BANCO PROVINCIA DEL NEUQUÉN SOCIEDAD ANÓNIMA;2026-07-08;D69 PRESTAMO PERSONAL PARA LA ADQUISICION DE VEHICULOS;D69;Pesos;25000000;1;72;411990;3;100;30,00;Clientes que acrediten sueldos en la entidad;,00;76,23;Fija;97,84;59411,00;Provincia de Río Negro;NO SE PERCIBIRA CARGO POR CANCELACION TOTAL ANTICIPADA TRANSCURRIDOS 180 DIAS CORRIDOS O UN CUARTO DEL PLAZO DEL PRESTAMO, DE AMBOS EL MAYOR
97;BANCO PROVINCIA DEL NEUQUÉN SOCIEDAD ANÓNIMA;2026-07-08;D79 PRESTAMO PARA ALQUILER DE VIVIENDA;D79;Pesos;4500000;1;36;411990;3;100;30,00;Todos los beneficiarios;,00;76,23;Fija;97,84;68649,00;Provincia de Río Negro;NO SE PERCIBIRA CARGO POR CANCELACION TOTAL ANTICIPADA TRANSCURRIDOS 180 DIAS CORRIDOS O UN CUARTO DEL PLAZO DEL PRESTAMO, DE AMBOS EL MAYOR
97;BANCO PROVINCIA DEL NEUQUÉN SOCIEDAD ANÓNIMA;2026-07-08;D66 ADELANTO DE HABERES;D66;Pesos;750000;1500;1;411990;3;100;20,00;Clientes que acrediten sueldos en la entidad;,00;171,27;Fija;231,18;1103431,00;Provincia de Río Negro;
97;BANCO PROVINCIA DEL NEUQUÉN SOCIEDAD ANÓNIMA;2026-07-08;D79 PRESTAMO PARA ALQUILER DE VIVIENDA;D79;Pesos;4500000;1;36;411990;3;100;30,00;Todos los beneficiarios;,00;76,23;Fija;97,84;68649,00;Provincia del Neuquén;NO SE PERCIBIRA CARGO POR CANCELACION TOTAL ANTICIPADA TRANSCURRIDOS 180 DIAS CORRIDOS O UN CUARTO DEL PLAZO DEL PRESTAMO, DE AMBOS EL MAYOR
97;BANCO PROVINCIA DEL NEUQUÉN SOCIEDAD ANÓNIMA;2026-07-08;D81 PRESTAMO PERSONAL ELECTRODOMESTICOS;D81;Pesos;5000000;1;36;411990;3;100;30,00;Clientes que acrediten sueldos en la entidad;,00;69,61;Fija;88,98;65462,00;Provincia del Neuquén;NO SE PERCIBIRA CARGO POR CANCELACION TOTAL ANTICIPADA TRANSCURRIDOS 180 DIAS CORRIDOS O UN CUARTO DEL PLAZO DEL PRESTAMO, DE AMBOS EL MAYOR
97;BANCO PROVINCIA DEL NEUQUÉN SOCIEDAD ANÓNIMA;2026-07-08;D75 PRESTAMO PERSONAL CONEXION DE AGUA;D75;Pesos;3000000;1;60;411990;3;100;30,00;Todos los beneficiarios;,00;45,38;Fija;57,04;43652,00;Ciudad Autónoma de Buenos Aires;NO SE PERCIBIRA CARGO POR CANCELACION TOTAL ANTICIPADA TRANSCURRIDOS 180 DIAS CORRIDOS O UN CUARTO DEL PLAZO DEL PRESTAMO, DE AMBOS EL MAYOR
97;BANCO PROVINCIA DEL NEUQUÉN SOCIEDAD ANÓNIMA;2026-07-08;D82 PRESTAMO PERSONAL PANELES SOLARES;D82;Pesos;15000000;1;60;411990;3;100;30,00;Todos los beneficiarios;,00;45,38;Fija;57,04;43652,00;Provincia del Neuquén;NO SE PERCIBIRA CARGO POR CANCELACION TOTAL ANTICIPADA TRANSCURRIDOS 180 DIAS CORRIDOS O UN CUARTO DEL PLAZO DEL PRESTAMO, DE AMBOS EL MAYOR
97;BANCO PROVINCIA DEL NEUQUÉN SOCIEDAD ANÓNIMA;2026-07-08;D78 PRESTAMO PERSONAL CONSTRUCCION Y/O MEJORA DE VIVIENDA;D78;Pesos;25000000;1;72;411990;3;100;30,00;Clientes que acrediten sueldos en la entidad;,00;76,23;Fija;97,84;59411,00;Provincia del Neuquén;NO SE PERCIBIRA CARGO POR CANCELACION TOTAL ANTICIPADA TRANSCURRIDOS 180 DIAS CORRIDOS O UN CUARTO DEL PLAZO DEL PRESTAMO, DE AMBOS EL MAYOR
97;BANCO PROVINCIA DEL NEUQUÉN SOCIEDAD ANÓNIMA;2026-07-08;D82 PRESTAMO PERSONAL BICICLETAS ELECTRICAS;D82;Pesos;6000000;1;60;411990;3;100;30,00;Todos los beneficiarios;,00;45,38;Fija;57,04;43652,00;Ciudad Autónoma de Buenos Aires;NO SE PERCIBIRA CARGO POR CANCELACION TOTAL ANTICIPADA TRANSCURRIDOS 180 DIAS CORRIDOS O UN CUARTO DEL PLAZO DEL PRESTAMO, DE AMBOS EL MAYOR
97;BANCO PROVINCIA DEL NEUQUÉN SOCIEDAD ANÓNIMA;2026-07-08;D79 PRESTAMO PARA ALQUILER DE VIVIENDA;D79;Pesos;4500000;1;36;411990;3;100;30,00;Todos los beneficiarios;,00;76,23;Fija;97,84;68649,00;Ciudad Autónoma de Buenos Aires;NO SE PERCIBIRA CARGO POR CANCELACION TOTAL ANTICIPADA TRANSCURRIDOS 180 DIAS CORRIDOS O UN CUARTO DEL PLAZO DEL PRESTAMO, DE AMBOS EL MAYOR
97;BANCO PROVINCIA DEL NEUQUÉN SOCIEDAD ANÓNIMA;2026-07-08;D82 PRESTAMO PERSONAL BICICLETAS;D82;Pesos;6000000;1;60;411990;3;100;30,00;Todos los beneficiarios;,00;45,38;Fija;57,04;43652,00;Provincia del Neuquén;NO SE PERCIBIRA CARGO POR CANCELACION TOTAL ANTICIPADA TRANSCURRIDOS 180 DIAS CORRIDOS O UN CUARTO DEL PLAZO DEL PRESTAMO, DE AMBOS EL MAYOR
97;BANCO PROVINCIA DEL NEUQUÉN SOCIEDAD ANÓNIMA;2026-07-08;D69 PRESTAMO PERSONAL PARA LA ADQUISICION DE VEHICULOS;D69;Pesos;25000000;1;72;411990;3;100;30,00;Clientes que acrediten sueldos en la entidad;,00;76,23;Fija;97,84;59411,00;Provincia del Neuquén;NO SE PERCIBIRA CARGO POR CANCELACION TOTAL ANTICIPADA TRANSCURRIDOS 180 DIAS CORRIDOS O UN CUARTO DEL PLAZO DEL PRESTAMO, DE AMBOS EL MAYOR
97;BANCO PROVINCIA DEL NEUQUÉN SOCIEDAD ANÓNIMA;2026-07-08;D81 PRESTAMO PERSONAL ELECTRODOMESTICOS;D81;Pesos;5000000;1;36;411990;3;100;30,00;Clientes que acrediten sueldos en la entidad;,00;69,61;Fija;88,98;65462,00;Ciudad Autónoma de Buenos Aires;NO SE PERCIBIRA CARGO POR CANCELACION TOTAL ANTICIPADA TRANSCURRIDOS 180 DIAS CORRIDOS O UN CUARTO DEL PLAZO DEL PRESTAMO, DE AMBOS EL MAYOR
97;BANCO PROVINCIA DEL NEUQUÉN SOCIEDAD ANÓNIMA;2026-07-08;D75 PRESTAMO PERSONAL CONEXION GAS;D75;Pesos;3000000;1;60;411990;3;100;30,00;Todos los beneficiarios;,00;45,38;Fija;57,04;43652,00;Provincia de Río Negro;NO SE PERCIBIRA CARGO POR CANCELACION TOTAL ANTICIPADA TRANSCURRIDOS 180 DIAS CORRIDOS O UN CUARTO DEL PLAZO DEL PRESTAMO, DE AMBOS EL MAYOR
97;BANCO PROVINCIA DEL NEUQUÉN SOCIEDAD ANÓNIMA;2026-07-08;D75 PRESTAMO PERSONAL CONEXION GAS;D75;Pesos;3000000;1;60;411990;3;100;30,00;Todos los beneficiarios;,00;45,38;Fija;57,04;43652,00;Provincia del Neuquén;NO SE PERCIBIRA CARGO POR CANCELACION TOTAL ANTICIPADA TRANSCURRIDOS 180 DIAS CORRIDOS O UN CUARTO DEL PLAZO DEL PRESTAMO, DE AMBOS EL MAYOR
97;BANCO PROVINCIA DEL NEUQUÉN SOCIEDAD ANÓNIMA;2026-07-08;D82 PRESTAMO PERSONAL BICICLETAS ELECTRICAS;D82;Pesos;6000000;1;60;411990;3;100;30,00;Todos los beneficiarios;,00;45,38;Fija;57,04;43652,00;Provincia del Neuquén;NO SE PERCIBIRA CARGO POR CANCELACION TOTAL ANTICIPADA TRANSCURRIDOS 180 DIAS CORRIDOS O UN CUARTO DEL PLAZO DEL PRESTAMO, DE AMBOS EL MAYOR
97;BANCO PROVINCIA DEL NEUQUÉN SOCIEDAD ANÓNIMA;2026-07-08;D70 PRESTAMOS PERSONALES;D70;Pesos;15000000;1;72;411990;3;100;30,00;Todos los beneficiarios;,00;184,03;Fija;249,80;108590,00;Ciudad Autónoma de Buenos Aires;NO SE PERCIBIRA CARGO POR CANCELACION TOTAL ANTICIPADA TRANSCURRIDOS 180 DIAS CORRIDOS O UN CUARTO DEL PLAZO DEL PRESTAMO, DE AMBOS EL MAYOR
97;BANCO PROVINCIA DEL NEUQUÉN SOCIEDAD ANÓNIMA;2026-07-08;D81 PRESTAMO PERSONAL EQUIPAMIENTO INFORMATICO;D81;Pesos;5000000;1;36;411990;3;100;30,00;Clientes que acrediten sueldos en la entidad;,00;26,83;Fija;33,24;43203,00;Provincia del Neuquén;NO SE PERCIBIRA CARGO POR CANCELACION TOTAL ANTICIPADA TRANSCURRIDOS 180 DIAS CORRIDOS O UN CUARTO DEL PLAZO DEL PRESTAMO, DE AMBOS EL MAYOR
97;BANCO PROVINCIA DEL NEUQUÉN SOCIEDAD ANÓNIMA;2026-07-08;D81 PRESTAMO PERSONAL ELECTRODOMESTICOS;D81;Pesos;5000000;1;36;411990;3;100;30,00;Clientes que acrediten sueldos en la entidad;,00;69,61;Fija;88,98;65462,00;Provincia de Río Negro;NO SE PERCIBIRA CARGO POR CANCELACION TOTAL ANTICIPADA TRANSCURRIDOS 180 DIAS CORRIDOS O UN CUARTO DEL PLAZO DEL PRESTAMO, DE AMBOS EL MAYOR
97;BANCO PROVINCIA DEL NEUQUÉN SOCIEDAD ANÓNIMA;2026-07-08;D82 PRESTAMO PERSONAL PANELES SOLARES;D82;Pesos;15000000;1;60;411990;3;100;30,00;Todos los beneficiarios;,00;45,38;Fija;57,04;43652,00;Ciudad Autónoma de Buenos Aires;NO SE PERCIBIRA CARGO POR CANCELACION TOTAL ANTICIPADA TRANSCURRIDOS 180 DIAS CORRIDOS O UN CUARTO DEL PLAZO DEL PRESTAMO, DE AMBOS EL MAYOR
97;BANCO PROVINCIA DEL NEUQUÉN SOCIEDAD ANÓNIMA;2026-07-08;D70 PRESTAMOS PERSONALES - CANALES ELECTRONICO;D70;Pesos;15000000;1;72;411990;3;100;30,00;Clientes que acrediten sueldos en la entidad;,00;163,86;Fija;220,45;100714,00;Provincia de Río Negro;NO SE PERCIBIRA CARGO POR CANCELACION TOTAL ANTICIPADA TRANSCURRIDOS 180 DIAS CORRIDOS O UN CUARTO DEL PLAZO DEL PRESTAMO, DE AMBOS EL MAYOR
97;BANCO PROVINCIA DEL NEUQUÉN SOCIEDAD ANÓNIMA;2026-07-08;D82 PRESTAMO PERSONAL BICICLETAS;D82;Pesos;6000000;1;60;411990;3;100;30,00;Todos los beneficiarios;,00;45,38;Fija;57,04;43652,00;Provincia de Río Negro;NO SE PERCIBIRA CARGO POR CANCELACION TOTAL ANTICIPADA TRANSCURRIDOS 180 DIAS CORRIDOS O UN CUARTO DEL PLAZO DEL PRESTAMO, DE AMBOS EL MAYOR
97;BANCO PROVINCIA DEL NEUQUÉN SOCIEDAD ANÓNIMA;2026-07-08;D81 SERVICIO DE ACTIVIDADES TURISTICAS;D81;Pesos;5000000;1;12;411990;3;100;30,00;Clientes que acrediten sueldos en la entidad;,00;29,34;Fija;36,42;99845,00;Provincia de Río Negro;NO SE PERCIBIRA CARGO POR CANCELACION TOTAL ANTICIPADA TRANSCURRIDOS 180 DIAS CORRIDOS O UN CUARTO DEL PLAZO DEL PRESTAMO, DE AMBOS EL MAYOR
97;BANCO PROVINCIA DEL NEUQUÉN SOCIEDAD ANÓNIMA;2026-07-08;D82 PRESTAMO PERSONAL MONOPATINES ELECTRICOS;D82;Pesos;6000000;1;60;411990;3;100;30,00;Todos los beneficiarios;,00;45,38;Fija;57,04;43652,00;Provincia de Río Negro;NO SE PERCIBIRA CARGO POR CANCELACION TOTAL ANTICIPADA TRANSCURRIDOS 180 DIAS CORRIDOS O UN CUARTO DEL PLAZO DEL PRESTAMO, DE AMBOS EL MAYOR
97;BANCO PROVINCIA DEL NEUQUÉN SOCIEDAD ANÓNIMA;2026-07-08;D82 PRESTAMO PERSONAL PANELES SOLARES;D82;Pesos;15000000;1;60;411990;3;100;30,00;Todos los beneficiarios;,00;45,38;Fija;57,04;43652,00;Provincia de Río Negro;NO SE PERCIBIRA CARGO POR CANCELACION TOTAL ANTICIPADA TRANSCURRIDOS 180 DIAS CORRIDOS O UN CUARTO DEL PLAZO DEL PRESTAMO, DE AMBOS EL MAYOR
97;BANCO PROVINCIA DEL NEUQUÉN SOCIEDAD ANÓNIMA;2026-07-08;D75 PRESTAMO PERSONAL CONEXION DE AGUA;D75;Pesos;3000000;1;60;411990;3;100;30,00;Todos los beneficiarios;,00;45,38;Fija;57,04;43652,00;Provincia de Río Negro;NO SE PERCIBIRA CARGO POR CANCELACION TOTAL ANTICIPADA TRANSCURRIDOS 180 DIAS CORRIDOS O UN CUARTO DEL PLAZO DEL PRESTAMO, DE AMBOS EL MAYOR
97;BANCO PROVINCIA DEL NEUQUÉN SOCIEDAD ANÓNIMA;2026-07-08;D70 PRESTAMOS PERSONALES;D70;Pesos;15000000;1;72;411990;3;100;30,00;Todos los beneficiarios;,00;184,03;Fija;249,80;108590,00;Provincia de Río Negro;NO SE PERCIBIRA CARGO POR CANCELACION TOTAL ANTICIPADA TRANSCURRIDOS 180 DIAS CORRIDOS O UN CUARTO DEL PLAZO DEL PRESTAMO, DE AMBOS EL MAYOR
143;BRUBANK S.A.U.;2026-06-30;PRESTAMOS PERSONALES RIESGO MUY BAJO;PP RIESGO MUY BAJO;Pesos;16706000;1;48;634950;0;70;35,00;Todos los beneficiarios;6,00;349,05;Fija;501,84;1564,00;Todo el territorio nacional;
143;BRUBANK S.A.U.;2026-06-30;PRESTAMOS PERSONALES RIESGO MEDIO BAJO;PP RIESGO MEDIO BAJO;Pesos;6000000;1;12;634950;0;70;30,00;Todos los beneficiarios;6,00;509,14;Fija;761,98;1754,00;Todo el territorio nacional;
143;BRUBANK S.A.U.;2026-06-30;PRESTAMOS PERSONALES RIESGO BAJO;PP RIESGO BAJO;Pesos;16706000;1;48;634950;0;70;35,00;Todos los beneficiarios;6,00;458,76;Fija;678,75;1659,00;Todo el territorio nacional;
143;BRUBANK S.A.U.;2026-06-30;PRESTAMOS PERSONALES RIESGO ALTO;PP RIESGO ALTO;Pesos;2000000;1;12;634950;0;70;20,00;Todos los beneficiarios;6,00;622,61;Fija;953,40;2182,00;Todo el territorio nacional;
143;BRUBANK S.A.U.;2026-06-30;PRESTAMOS PERSONALES RIESGO MEDIO ALTO;PP RIESGO MEDIO ALTO;Pesos;3000000;1;12;634950;0;70;25,00;Todos los beneficiarios;6,00;563,65;Fija;853,30;2099,00;Todo el territorio nacional;
143;BRUBANK S.A.U.;2026-06-30;PRESTAMOS PERSONALES RIESGO MUY ALTO;PP RIESGO MUY ALTO;Pesos;545000;1;12;821700;0;70;20,00;Todos los beneficiarios;6,00;622,61;Fija;953,40;2182,00;Todo el territorio nacional;
191;BANCO CREDICOOP COOPERATIVO LIMITADO;2025-11-26;LINEA ASOCIADOS DE NUEVA VINCULACION;NUEVA VINCULACION;Pesos;30000000;3000;60;999999;24;100;30,00;Personas humanas en relación de dependencia;2,00;178,86;Fija;241,89;1070,00;Todo el territorio nacional;INGRESO MINIMO MENSUAL SOLICITADO PESOS 3300000
191;BANCO CREDICOOP COOPERATIVO LIMITADO;2025-11-26;LINEA CREDICOOP DIRECTIVOS;DIRECTIVOS;Pesos;50000000;3000;60;999999;0;100;35,00;Personas humanas en relación de dependencia;2,00;112,98;Fija;148,04;792,00;Todo el territorio nacional;INGRESO MINIMO MENSUAL SOLICITADO PESOS 2200000
191;BANCO CREDICOOP COOPERATIVO LIMITADO;2025-11-26;LINEA CREDICOOP DIRECTIVOS;DIRECTIVOS;Pesos;50000000;3000;60;999999;0;100;35,00;Personas humanas Monotributistas;2,00;112,98;Fija;148,04;792,00;Todo el territorio nacional;INGRESO MINIMO MENSUAL SOLICITADO PESOS 2200000
191;BANCO CREDICOOP COOPERATIVO LIMITADO;2025-11-26;LINEA ASOCIADOS DE NUEVA VINCULACION;NUEVA VINCULACION;Pesos;30000000;3000;60;999999;36;100;30,00;Personas humanas Monotributistas;2,00;178,86;Fija;241,89;1070,00;Todo el territorio nacional;INGRESO MINIMO MENSUAL SOLICITADO PESOS 3300000
191;BANCO CREDICOOP COOPERATIVO LIMITADO;2025-11-26;LINEA ASOCIADOS DE NUEVA VINCULACION;NUEVA VINCULACION;Pesos;30000000;3000;60;999999;36;100;30,00;Personas humanas Responsables Inscriptos;2,00;178,86;Fija;241,89;1070,00;Todo el territorio nacional;INGRESO MINIMO MENSUAL SOLICITADO PESOS 3300000
191;BANCO CREDICOOP COOPERATIVO LIMITADO;2025-11-26;LINEA JUBILADOS Y PENSIONADOS GENERAL ;JUBILADOS GENERAL;Pesos;6600000;2500;60;600000;0;100;30,00;Beneficiarios de cuentas de la seguridad social;2,00;112,98;Fija;148,04;792,00;Todo el territorio nacional;
191;BANCO CREDICOOP COOPERATIVO LIMITADO;2025-11-26;LINEA CREDICOOP DIRECTIVOS;DIRECTIVOS;Pesos;50000000;3000;60;999999;0;100;35,00;Clientes con cuenta en la entidad;2,00;112,98;Fija;148,04;792,00;Todo el territorio nacional;INGRESO MINIMO MENSUAL SOLICITADO PESOS 2200000
191;BANCO CREDICOOP COOPERATIVO LIMITADO;2025-11-26;LINEA ASOCIADOS DE NUEVA VINCULACION;NUEVA VINCULACION;Pesos;30000000;3000;60;999999;24;100;30,00;Empleados públicos;2,00;178,86;Fija;241,89;1070,00;Todo el territorio nacional;INGRESO MINIMO MENSUAL SOLICITADO PESOS 3300000
191;BANCO CREDICOOP COOPERATIVO LIMITADO;2025-11-26;LINEA ASALARIADOS;ASALARIADOS;Pesos;45000000;3000;60;999999;12;100;35,00;Clientes que acrediten sueldos en la entidad;2,00;147,31;Fija;196,40;944,00;Todo el territorio nacional;INGRESO MINIMO MENSUAL SOLICITADO PESOS 1100000
191;BANCO CREDICOOP COOPERATIVO LIMITADO;2025-11-26;LINEA CREDICOOP DIRECTIVOS;DIRECTIVOS;Pesos;50000000;3000;60;999999;0;100;35,00;Personas humanas Responsables Inscriptos;2,00;112,98;Fija;148,04;792,00;Todo el territorio nacional;INGRESO MINIMO MENSUAL SOLICITADO PESOS 2200000
247;BANCO ROELA S.A.;2026-04-06;LINEA GENERAL;LINEA GENERAL;Pesos;1500000;100000;12;440000;12;70;35,00;Empleados públicos;5,00;117,02;Fija;153,81;1756,00;Provincia de Córdoba;
247;BANCO ROELA S.A.;2026-04-06;CON DEBITO EN CUENTA SUELDO;CON DEBITO CUENTA SUELDO;Pesos;1500000;100000;12;440000;12;70;35,00;Clientes con cuenta en la entidad;5,00;109,01;Fija;142,66;1756,00;Ciudad Autónoma de Buenos Aires;
247;BANCO ROELA S.A.;2026-04-06;CON DEBITO EN CUENTA SUELDO;CON DEBITO CUENTA SUELDO;Pesos;1500000;100000;12;440000;12;70;35,00;Clientes con cuenta en la entidad;5,00;109,01;Fija;142,66;1756,00;Provincia de Córdoba;
247;BANCO ROELA S.A.;2026-04-06;CON DEBITO EN CUENTA SUELDO;CON DEBITO CUENTA SUELDO;Pesos;1500000;100000;12;440000;12;70;35,00;Clientes que acrediten sueldos en la entidad;5,00;109,01;Fija;142,66;1756,00;Ciudad Autónoma de Buenos Aires;
247;BANCO ROELA S.A.;2026-04-06;LINEA GENERAL;LINEA GENERAL;Pesos;1500000;100000;12;440000;12;70;35,00;Personas humanas Responsables Inscriptos;5,00;117,02;Fija;153,81;1756,00;Provincia de Córdoba;
247;BANCO ROELA S.A.;2026-04-06;LINEA GENERAL;LINEA GENERAL;Pesos;1500000;100000;12;440000;12;70;35,00;Personas humanas Responsables Inscriptos;5,00;117,02;Fija;153,81;1756,00;Ciudad Autónoma de Buenos Aires;
247;BANCO ROELA S.A.;2026-04-06;LINEA GENERAL;LINEA GENERAL;Pesos;1500000;100000;12;440000;12;70;35,00;Clientes con cuenta en la entidad;5,00;117,02;Fija;153,81;1756,00;Provincia de Córdoba;
247;BANCO ROELA S.A.;2026-04-06;LINEA GENERAL;LINEA GENERAL;Pesos;1500000;100000;12;440000;12;70;35,00;Personas humanas en relación de dependencia;5,00;117,02;Fija;153,81;1756,00;Ciudad Autónoma de Buenos Aires;
247;BANCO ROELA S.A.;2026-04-06;CON DEBITO EN CUENTA SUELDO;CON DEBITO CUENTA SUELDO;Pesos;1500000;100000;12;440000;12;70;35,00;Clientes que acrediten sueldos en la entidad;5,00;109,01;Fija;142,66;1756,00;Provincia de Córdoba;
247;BANCO ROELA S.A.;2026-04-06;CON DEBITO EN CUENTA SUELDO;CON DEBITO CUENTA SUELDO;Pesos;1500000;100000;12;440000;12;70;35,00;Personas humanas Responsables Inscriptos;5,00;109,01;Fija;142,66;1756,00;Ciudad Autónoma de Buenos Aires;
247;BANCO ROELA S.A.;2026-04-06;CON DEBITO EN CUENTA SUELDO;CON DEBITO CUENTA SUELDO;Pesos;1500000;100000;12;440000;12;70;35,00;Personas humanas en relación de dependencia;5,00;109,01;Fija;142,66;1756,00;Provincia de Córdoba;
247;BANCO ROELA S.A.;2026-04-06;LINEA GENERAL;LINEA GENERAL;Pesos;1500000;100000;12;440000;12;70;35,00;Clientes que acrediten sueldos en la entidad;5,00;117,02;Fija;153,81;1756,00;Ciudad Autónoma de Buenos Aires;
247;BANCO ROELA S.A.;2026-04-06;CON DEBITO EN CUENTA SUELDO;CON DEBITO CUENTA SUELDO;Pesos;1500000;100000;12;440000;12;70;35,00;Personas humanas Responsables Inscriptos;5,00;109,01;Fija;142,66;1756,00;Provincia de Córdoba;
247;BANCO ROELA S.A.;2026-04-06;CON DEBITO EN CUENTA SUELDO;CON DEBITO CUENTA SUELDO;Pesos;1500000;100000;12;440000;12;70;35,00;Personas humanas en relación de dependencia;5,00;109,01;Fija;142,66;1756,00;Ciudad Autónoma de Buenos Aires;
247;BANCO ROELA S.A.;2026-04-06;CON DEBITO EN CUENTA SUELDO;CON DEBITO CUENTA SUELDO;Pesos;1500000;100000;12;440000;12;70;35,00;Personas humanas Monotributistas;5,00;109,01;Fija;142,66;1756,00;Provincia de Córdoba;
247;BANCO ROELA S.A.;2026-04-06;CON DEBITO EN CUENTA SUELDO;CON DEBITO CUENTA SUELDO;Pesos;1500000;100000;12;440000;12;70;35,00;Personas humanas Monotributistas;5,00;109,01;Fija;142,66;1756,00;Ciudad Autónoma de Buenos Aires;
247;BANCO ROELA S.A.;2026-04-06;LINEA GENERAL;LINEA GENERAL;Pesos;1500000;100000;12;440000;12;70;35,00;Personas humanas Monotributistas;5,00;117,02;Fija;153,81;1756,00;Provincia de Córdoba;
247;BANCO ROELA S.A.;2026-04-06;LINEA GENERAL;LINEA GENERAL;Pesos;1500000;100000;12;440000;12;70;35,00;Personas humanas Monotributistas;5,00;117,02;Fija;153,81;1756,00;Ciudad Autónoma de Buenos Aires;
247;BANCO ROELA S.A.;2026-04-06;LINEA GENERAL;LINEA GENERAL;Pesos;1500000;100000;12;440000;12;70;35,00;Clientes que acrediten sueldos en la entidad;5,00;117,02;Fija;153,81;1756,00;Provincia de Córdoba;
247;BANCO ROELA S.A.;2026-04-06;CON DEBITO EN CUENTA SUELDO;CON DEBITO CUENTA SUELDO;Pesos;1500000;100000;12;440000;12;70;35,00;Empleados públicos;5,00;109,01;Fija;142,66;1756,00;Ciudad Autónoma de Buenos Aires;
247;BANCO ROELA S.A.;2026-04-06;CON DEBITO EN CUENTA SUELDO;CON DEBITO CUENTA SUELDO;Pesos;1500000;100000;12;440000;12;70;35,00;Empleados públicos;5,00;109,01;Fija;142,66;1756,00;Provincia de Córdoba;
247;BANCO ROELA S.A.;2026-04-06;LINEA GENERAL;LINEA GENERAL;Pesos;1500000;100000;12;440000;12;70;35,00;Empleados públicos;5,00;117,02;Fija;153,81;1756,00;Ciudad Autónoma de Buenos Aires;
247;BANCO ROELA S.A.;2026-04-06;LINEA GENERAL;LINEA GENERAL;Pesos;1500000;100000;12;440000;12;70;35,00;Personas humanas en relación de dependencia;5,00;117,02;Fija;153,81;1756,00;Provincia de Córdoba;
247;BANCO ROELA S.A.;2026-04-06;LINEA GENERAL;LINEA GENERAL;Pesos;1500000;100000;12;440000;12;70;35,00;Clientes con cuenta en la entidad;5,00;117,02;Fija;153,81;1756,00;Ciudad Autónoma de Buenos Aires;
268;BANCO PROVINCIA DE TIERRA DEL FUEGO;2026-07-03;PRECALIFICADOS POR CANALES ELECTRONICOS;PERSONAL;Pesos;6000000;1500000;60;100000;0;74;30,00;Clientes que acrediten sueldos en la entidad;1,50;92,51;Variable;93,00;583,00;Provincia de Tierra del Fuego Antártida e Islas del Atlántico Sur;ACTUALIZACION MENSUAL CON PROMEDIO SIMPLE DE LA TASA BADLAR
268;BANCO PROVINCIA DE TIERRA DEL FUEGO;2026-07-03;EFECTIVO EXPRESS;PERSONAL;Pesos;1600000;200000;1;100000;0;74;30,00;Clientes que acrediten sueldos en la entidad;,00;92,51;Fija;116,70;10561,00;Provincia de Tierra del Fuego Antártida e Islas del Atlántico Sur;TASA FIJA IGUAL A LA TASA DE PRESTAMOS PRECALIFICADOS
269;BANCO DE LA REPUBLICA ORIENTAL DEL URUGUAY;2026-06-25;PRESTAMOS PERSONALES A JUBILADOS;PRESTAMOS A JUBILADOS;Pesos;30000;1000;12;0;24;75;30,00;Clientes con cuenta en la entidad;,00;81,34;Fija;79,62;123527,00;Ciudad Autónoma de Buenos Aires; 
277;BANCO SAENZ S.A.;2025-11-18;PRESTAMOS PERSONALES PARA CONSUMO 24 MESES DE PLAZO;PERSONALES 24 MESES;Pesos;3750000;10000;24;1100000;6;80;50,00;Personas humanas en relación de dependencia;5,00;494,63;Fija;738,23;1965,00;Todo el territorio nacional;
277;BANCO SAENZ S.A.;2025-11-18;PRESTAMOS PERSONALES PARA CONSUMO 3 MESES DE PLAZO;PERSONALES 3 MESES;Pesos;3750000;10000;3;1100000;6;80;50,00;Personas humanas en relación de dependencia;5,00;887,74;Fija;1419,46;5155,00;Todo el territorio nacional;
277;BANCO SAENZ S.A.;2025-11-18;PRESTAMOS PERSONALES PARA CONSUMO 18 MESES DE PLAZO;PERSONALES 18 MESES;Pesos;3750000;10000;18;1100000;6;80;50,00;Personas humanas en relación de dependencia;5,00;494,63;Fija;738,23;2020,00;Todo el territorio nacional;
277;BANCO SAENZ S.A.;2025-11-18;PRESTAMOS PERSONALES PARA CONSUMO 12 MESES DE PLAZO;PERSONALES 12 MESES;Pesos;3750000;10000;12;1100000;6;80;50,00;Personas humanas en relación de dependencia;5,00;494,63;Fija;738,23;2199,00;Todo el territorio nacional;
277;BANCO SAENZ S.A.;2025-11-18;PRESTAMOS PERSONALES PARA CONSUMO 6 MESES DE PLAZO;PERSONALES 6 MESES;Pesos;3750000;10000;6;1100000;6;80;50,00;Personas humanas en relación de dependencia;5,00;793,91;Fija;1252,15;3327,00;Todo el territorio nacional;
277;BANCO SAENZ S.A.;2025-11-18;PRESTAMOS PERSONALES PARA CONSUMO 9 MESES DE PLAZO;PERSONALES 9 MESES;Pesos;3750000;10000;9;1100000;6;80;50,00;Personas humanas en relación de dependencia;5,00;630,32;Fija;967,12;2624,00;Todo el territorio nacional;
285;BANCO MACRO S.A.;2026-04-29;PRESTAMOS PERSONALES DOLARES;PR. PERS. BULLETS DOLAR;Dólares estadounidenses;100000;5000;12;30000;4;65;50,00;Personas humanas Monotributistas;3,00;9,38;Fija;11,05;110890,00;Todo el territorio nacional;
285;BANCO MACRO S.A.;2026-04-29;PRESTAMOS PERSONALES DOLARES;PREST. PERS. DOLAR;Dólares estadounidenses;100000;5000;18;30000;4;65;50,00;Personas humanas Responsables Inscriptos;3,00;9,38;Fija;11,66;6135,00;Todo el territorio nacional;
285;BANCO MACRO S.A.;2026-04-29;PRESTAMOS PERSONALES DOLARES;PREST. PERS. DOLAR;Dólares estadounidenses;100000;5000;18;30000;4;65;50,00;Clientes que acrediten sueldos en la entidad;3,00;9,38;Fija;11,66;6135,00;Todo el territorio nacional;
285;BANCO MACRO S.A.;2026-04-29;PRESTAMOS PERSONALES PLAN SUELDO;PRESTAMOS PERSONALES;Pesos;10000000;5000;72;30000;4;65;50,00;Clientes que acrediten sueldos en la entidad;3,00;79,59;Fija;102,36;70934,00;Todo el territorio nacional;
285;BANCO MACRO S.A.;2026-04-29;PRESTAMOS PERSONALES DOLARES;PREST. PERS. DOLAR;Dólares estadounidenses;100000;5000;18;30000;4;65;50,00;Personas humanas Monotributistas;3,00;9,38;Fija;11,66;6135,00;Todo el territorio nacional;
285;BANCO MACRO S.A.;2026-04-29;PRESTAMOS PERSONALES DOLARES;PR. PERS. BULLETS DOLAR;Dólares estadounidenses;100000;5000;12;30000;4;65;50,00;Clientes que acrediten sueldos en la entidad;3,00;9,38;Fija;11,05;110890,00;Todo el territorio nacional;
285;BANCO MACRO S.A.;2026-04-29;PRESTAMOS PERSONALES MERCADO ABIERTO;PRESTAMOS PERSONALES;Pesos;10000000;5000;72;45000;6;65;45,00;Personas humanas Monotributistas;3,00;129,47;Fija;171,27;87211,00;Todo el territorio nacional;
285;BANCO MACRO S.A.;2026-04-29;PRESTAMOS PERSONALES JUBILADOS;PRESTAMOS PERSONALES;Pesos;10000000;5000;72;20000;1;84;50,00;Beneficiarios de cuentas de la seguridad social;3,00;79,59;Fija;102,36;70934,00;Todo el territorio nacional;
285;BANCO MACRO S.A.;2026-04-29;PRESTAMOS PERSONALES PLAN SUELDO;PRESTAMOS PERSONALES;Pesos;10000000;5000;72;25000;4;65;50,00;Empleados públicos;3,00;79,59;Fija;102,36;70934,00;Todo el territorio nacional;
285;BANCO MACRO S.A.;2026-04-29;PRESTAMOS PERSONALES DOLARES;PREST. PERS. DOLAR;Dólares estadounidenses;100000;5000;18;30000;4;65;50,00;Personas humanas en relación de dependencia;3,00;9,38;Fija;11,66;6135,00;Todo el territorio nacional;
285;BANCO MACRO S.A.;2026-04-29;PRESTAMOS PERSONALES MERCADO ABIERTO;PRESTAMOS PERSONALES;Pesos;10000000;5000;72;45000;12;65;45,00;Personas humanas en relación de dependencia;3,00;129,47;Fija;171,27;87211,00;Todo el territorio nacional;
285;BANCO MACRO S.A.;2026-04-29;PRESTAMOS PERSONALES DOLARES;PR. PERS. BULLETS DOLAR;Dólares estadounidenses;100000;5000;12;30000;4;65;50,00;Personas humanas Responsables Inscriptos;3,00;9,38;Fija;11,05;110890,00;Todo el territorio nacional;
285;BANCO MACRO S.A.;2026-04-29;PRESTAMOS PERSONALES MERCADO ABIERTO;PRESTAMOS PERSONALES;Pesos;10000000;5000;72;45000;6;65;45,00;Personas humanas Responsables Inscriptos;3,00;129,47;Fija;171,27;87211,00;Todo el territorio nacional;
285;BANCO MACRO S.A.;2026-04-29;PRESTAMOS PERSONALES DOLARES;PR. PERS. BULLETS DOLAR;Dólares estadounidenses;100000;5000;12;30000;4;65;50,00;Empleados públicos;3,00;9,38;Fija;11,05;110890,00;Todo el territorio nacional;
285;BANCO MACRO S.A.;2026-04-29;PRESTAMOS PERSONALES DOLARES;PR. PERS. BULLETS DOLAR;Dólares estadounidenses;100000;5000;12;30000;4;65;50,00;Personas humanas en relación de dependencia;3,00;9,38;Fija;11,05;110890,00;Todo el territorio nacional;
285;BANCO MACRO S.A.;2026-04-29;PRESTAMOS PERSONALES DOLARES;PREST. PERS. DOLAR;Dólares estadounidenses;100000;5000;18;30000;4;65;50,00;Empleados públicos;3,00;9,38;Fija;11,66;6135,00;Todo el territorio nacional;
299;BANCO COMAFI SOCIEDAD ANONIMA;2026-05-12;PRESTAMO COMAFI CLASICO;PRESTAMO COMAFI CLASICO;Pesos;100000000;1500;60;800000;18;100;35,00;Personas humanas Responsables Inscriptos;4,00;138,28;Fija;187,39;917,00;Todo el territorio nacional;EXISTEN BONIFICACIONES POR TIPO DE SERVICIO DE CUENTAS
299;BANCO COMAFI SOCIEDAD ANONIMA;2026-05-12;PRESTAMO COMAFI CLASICO;PRESTAMO COMAFI CLASICO;Pesos;100000000;1500;60;800000;6;100;35,00;Clientes con cuenta en la entidad;4,00;138,28;Fija;187,39;917,00;Todo el territorio nacional;EXISTEN BONIFICACIONES POR TIPO DE SERVICIO DE CUENTAS
299;BANCO COMAFI SOCIEDAD ANONIMA;2026-05-12;ADELANTO COMAFI;ADELANTO;Pesos;450000;10000;1;172000;6;100;35,00;Clientes con cuenta en la entidad;,00;173,78;Fija;234,83;11044,00;Todo el territorio nacional;EXISTEN BONIFICACIONES POR TIPO DE SERVICIO DE CUENTAS
299;BANCO COMAFI SOCIEDAD ANONIMA;2026-05-12;PRESTAMO COMAFI CLASICO;PRESTAMO COMAFI CLASICO;Pesos;100000000;1500;60;800000;6;100;35,00;Personas humanas en relación de dependencia;4,00;138,28;Fija;187,39;917,00;Todo el territorio nacional;EXISTEN BONIFICACIONES POR TIPO DE SERVICIO DE CUENTAS
299;BANCO COMAFI SOCIEDAD ANONIMA;2026-05-12;PRESTAMO COMAFI CLASICO;PRESTAMO COMAFI CLASICO;Pesos;100000000;1500;60;800000;18;100;35,00;Personas humanas Monotributistas;4,00;138,28;Fija;187,39;917,00;Todo el territorio nacional;EXISTEN BONIFICACIONES POR TIPO DE SERVICIO DE CUENTAS
299;BANCO COMAFI SOCIEDAD ANONIMA;2026-05-12;PRESTAMO EXPRESS;PRESTAMO EXPRESS;Pesos;700000;10000;1;800000;6;100;35,00;Clientes con cuenta en la entidad;,00;173,78;Fija;234,83;11044,00;Todo el territorio nacional;EXISTEN BONIFICACIONES POR TIPO DE SERVICIO DE CUENTAS
301;BANCO PIANO S.A.;2026-07-01;PRESTAMO PERSONAL JUBILADOS MIXTA;PE JUBILADO MIXTA;Pesos;9800000;5000;48;90000;0;90;60,00;Beneficiarios de cuentas de la seguridad social;8,00;136,00;Mixta;176,00;901,00;Provincia de Santa Fe;LA TASA DE INTERES SERA FIJA DESDE LA PRIMERA CUOTA HASTA A LA TERCERA INCLUSIVE Y A PARTIR DE LA CUARTA VARIABLE, SALVO QUE UNA DISPOSICION LEGAL DISPONGA LO CONTRARIO. LA TASA DE INTERES VARIABLE APLICABLE A PARTIR DE LA CUARTA CUOTA SERA LA DENOMINADA TAMAR (TASA MAYORISTA DE ARGENTINA) CON MAS SESENTA Y CINCO (65) PUNTOS PORCENTUALES ANUALES, CUYA ACTUALIZACION ES TRIMESTRAL. ESTA PERIODICIDAD PODRA SUFRIR MODIFICACIONES EN VIRTUD DE NUEVAS DISPOSICIONES NORMATIVA. LOS VENCIMIENTOS PARA LOS CAMBIOS TRIMESTRALES OPERAN LOS DIAS: 1 DE MARZO, 1 DE JUNIO, 1 DE SEPTIEMBRE Y 1 DE DICIEMBRE.
301;BANCO PIANO S.A.;2026-07-01;PRESTAMO PERSONAL JUBILADOS;PE JUBILADOS;Pesos;4700000;5000;60;90000;0;90;60,00;Beneficiarios de cuentas de la seguridad social;8,00;260,00;Fija;354,00;1360,00;Provincia de Buenos Aires;
301;BANCO PIANO S.A.;2026-07-01;PRESTAMO PERSONAL JUBILADOS;PE JUBILADOS;Pesos;4700000;5000;60;90000;0;90;60,00;Beneficiarios de cuentas de la seguridad social;8,00;260,00;Fija;354,00;1349,00;Provincia de Santa Fe;
301;BANCO PIANO S.A.;2026-07-01;PRESTAMO PERSONAL 14 2012;PE 14 2012;Pesos;12171000;1000;60;352400;6;65;30,00;Empleados públicos;12,00;89,00;Fija;111,00;669,00;Todo el territorio nacional;
301;BANCO PIANO S.A.;2026-07-01;PRESTAMO PERSONAL JUBILADOS MIXTA;PE JUBILADO MIXTA;Pesos;9800000;5000;48;90000;0;90;60,00;Beneficiarios de cuentas de la seguridad social;8,00;136,00;Mixta;176,00;906,00;Ciudad Autónoma de Buenos Aires;LA TASA DE INTERES SERA FIJA DESDE LA PRIMERA CUOTA HASTA A LA TERCERA INCLUSIVE Y A PARTIR DE LA CUARTA VARIABLE, SALVO QUE UNA DISPOSICION LEGAL DISPONGA LO CONTRARIO. LA TASA DE INTERES VARIABLE APLICABLE A PARTIR DE LA CUARTA CUOTA SERA LA DENOMINADA TAMAR (TASA MAYORISTA DE ARGENTINA) CON MAS SESENTA Y CINCO (65) PUNTOS PORCENTUALES ANUALES, CUYA ACTUALIZACION ES TRIMESTRAL. ESTA PERIODICIDAD PODRA SUFRIR MODIFICACIONES EN VIRTUD DE NUEVAS DISPOSICIONES NORMATIVA. LOS VENCIMIENTOS PARA LOS CAMBIOS TRIMESTRALES OPERAN LOS DIAS: 1 DE MARZO, 1 DE JUNIO, 1 DE SEPTIEMBRE Y 1 DE DICIEMBRE.
301;BANCO PIANO S.A.;2026-07-01;PRESTAMO PERSONAL JUBILADOS;PE JUBILADOS;Pesos;4700000;5000;60;90000;0;90;60,00;Beneficiarios de cuentas de la seguridad social;8,00;260,00;Fija;354,00;1357,00;Ciudad Autónoma de Buenos Aires;
301;BANCO PIANO S.A.;2026-07-01;PRESTAMO PERSONAL JUBILADOS MIXTA;PE JUBILADO MIXTA;Pesos;98000000;5000;48;90000;0;90;60,00;Beneficiarios de cuentas de la seguridad social;8,00;136,00;Mixta;176,00;908,00;Provincia de Buenos Aires;LA TASA DE INTERES SERA FIJA DESDE LA PRIMERA CUOTA HASTA A LA TERCERA INCLUSIVE Y A PARTIR DE LA CUARTA VARIABLE, SALVO QUE UNA DISPOSICION LEGAL DISPONGA LO CONTRARIO. LA TASA DE INTERES VARIABLE APLICABLE A PARTIR DE LA CUARTA CUOTA SERA LA DENOMINADA TAMAR (TASA MAYORISTA DE ARGENTINA) CON MAS SESENTA Y CINCO (65) PUNTOS PORCENTUALES ANUALES, CUYA ACTUALIZACION ES TRIMESTRAL. ESTA PERIODICIDAD PODRA SUFRIR MODIFICACIONES EN VIRTUD DE NUEVAS DISPOSICIONES NORMATIVA. LOS VENCIMIENTOS PARA LOS CAMBIOS TRIMESTRALES OPERAN LOS DIAS: 1 DE MARZO, 1 DE JUNIO, 1 DE SEPTIEMBRE Y 1 DE DICIEMBRE.
305;BANCO JULIO SOCIEDAD ANONIMA;2025-04-15;PRESTAMO PERSONAL;PRESTAMO PERSONAL;Pesos;1000000;20000;36;30000;12;70;50,00;Clientes con cuenta en la entidad;,00;127,77;Fija;168,91;914,00;Provincia de Córdoba;
305;BANCO JULIO SOCIEDAD ANONIMA;2025-04-15;PRESTAMO PERSONAL;PRESTAMO PERSONAL;Pesos;1000000;20000;36;30000;12;70;50,00;Clientes con cuenta en la entidad;,00;127,77;Fija;168,91;914,00;Ciudad Autónoma de Buenos Aires;
309;BANCO RIOJA SOCIEDAD ANONIMA UNIPERSONAL;2025-09-18;PRESTAMO PERSONALES CON CESION DE HABERES;PMO PERS CESION DE HABER;Pesos;5000000;250;72;0;6;75;40,00;Empleados públicos;,00;110,96;Fija;145,41;100697,00;Todo el territorio nacional;
309;BANCO RIOJA SOCIEDAD ANONIMA UNIPERSONAL;2025-09-18;PRESTAMOS PERSONALES CON CESION DE HABERES ANSES;PMO PERS HAB ANSES;Pesos;5000000;250;72;0;0;81;30,00;Beneficiarios de cuentas de la seguridad social;,00;156,05;Fija;209,18;97472,00;Todo el territorio nacional;
310;BANCO DEL SOL S.A.;2026-02-11;PRESTAMO EN PESOS AMORTIZABLE EN CUOTAS A TASA DE INTERES FIJA;PMO.AMORT.CTAS.TASA FIJA;Pesos;1500000;10000;36;0;6;90;30,00;Empleados públicos;,00;686,35;Fija;999,99;13052,00;Todo el territorio nacional;
310;BANCO DEL SOL S.A.;2026-02-11;PRESTAMO HABERES;PMO.HABERES;Pesos;9000000;210000;48;40000;6;70;35,00;Clientes que acrediten sueldos en la entidad;3,00;129,47;Fija;171,27;90398,00;Todo el territorio nacional;
310;BANCO DEL SOL S.A.;2026-02-11;PRESTAMOS MERCADO ABIERTO;MERCADO ABIERTO;Pesos;2000000;210000;48;150000;12;85;30,00;Todos los beneficiarios;3,00;135,97;Fija;180,47;93213,00;Todo el territorio nacional;
311;NUEVO BANCO DEL CHACO S. A.;2026-04-16;REPROGRAMACION DE DEUDAS;11611 REPROG.DEUDAS ;Pesos;50000000;1;48;1;12;85;50,00;Clientes con cuenta en la entidad;3,00;52,80;Variable;66,72;4791,00;Provincia del Chaco;BADLAR MAS 1000 PUNTOS
311;NUEVO BANCO DEL CHACO S. A.;2026-04-16;PRESTAMOS A PROFESIONALES NO BANCARIZADOS;10811 PROFES. NO BANC. ;Pesos;15000000;1;24;1;12;85;30,00;Clientes con cuenta en la entidad;3,00;158,90;Fija;213,24;11315,00;Provincia del Chaco;
311;NUEVO BANCO DEL CHACO S. A.;2026-04-16;PRESTAMOS PERSONALES BENEFICIARIOS NACIONALES;11411 BENEFICIARIOS ANSES;Pesos;50000000;1;24;1;1;85;40,00;Beneficiarios de cuentas de la seguridad social;3,00;138,18;Fija;183,60;9564,00;Provincia del Chaco;
311;NUEVO BANCO DEL CHACO S. A.;2026-04-16;PRESTAMOS PERSONALES SIN GARANTIAPRENDARIA DESTINADOS A COMPRA DE AUTOMOTORES.BANCARIZADOS;41111 PREST SOLA FIRMA;Pesos;50000000;1;60;1;12;85;50,00;Empleados públicos;3,00;91,93;Fija;119,13;6893,00;Provincia del Chaco;PARA ADIQUISICION AUTOS EN CONCESIONARIAS ADHERIDAS
311;NUEVO BANCO DEL CHACO S. A.;2026-04-16;PRESTAMOS PROF DE SALUD BANCARIZADOS;11311 PROF NO BANCAR;Pesos;50000000;1;24;1;12;85;50,00;Clientes con cuenta en la entidad;3,00;103,13;Fija;134,50;9228,00;Provincia del Chaco;BADLAR MAS 1200 PUNTOS
311;NUEVO BANCO DEL CHACO S. A.;2026-04-16;PRESTAMO PERSONAL CONSOLIDACION DE DEUDAS RES. 0448 MINISTERIO DE ECONOMIA;12601 CONSOL DEUD;Pesos;50000000;1;120;1;1;85;50,00;Empleados públicos;3,00;63,45;Variable;80,76;5020,00;Provincia del Chaco;BADLAR MAS 1400 PUNTOS
311;NUEVO BANCO DEL CHACO S. A.;2026-04-16;PRESTAMOS PERSONALES SIN GARANTIA DESTINADOS A COMPRA AUTOMOTORES.NO COMPRENDIDOS EN EL DTO. 204200;41211 PREST SOLA FIRMA;Pesos;50000000;1;60;1;12;85;50,00;Clientes con cuenta en la entidad;3,00;91,93;Fija;119,13;6893,00;Provincia del Chaco;PARA ADQUISICION AUTOS EN CONCESIONARIAS ADHERIDAS
311;NUEVO BANCO DEL CHACO S. A.;2026-04-16;PRESTAMOS PERSONALES PARA FINANCIAR COMPRAS EN COMERCIOS ADHERIDOS;10901 TU PRESTAMO EN 36C;Pesos;50000000;1;36;1;12;85;20,00;Clientes con cuenta en la entidad;3,00;55,78;Variable;74,57;5828,00;Provincia del Chaco;BADLAR  1700 PUNTOS
311;NUEVO BANCO DEL CHACO S. A.;2026-04-16;PRESTAMOS A BANCARIZADOS, PRIVADOS Y MUNICIPALES;11011 PREST PERSONALES;Pesos;50000000;1;24;1;12;85;60,00;Clientes que acrediten sueldos en la entidad;3,00;138,18;Fija;183,60;10579,00;Provincia del Chaco;
311;NUEVO BANCO DEL CHACO S. A.;2026-04-16;PRESTAMOS PERSONALES;11711 PREST PERSONALES;Pesos;50000000;1;24;1;12;85;50,00;Empleados públicos;3,00;138,18;Fija;183,60;10579,00;Provincia del Chaco;
312;BANCO VOII S.A.;2025-10-15;PRESTAMO PERSONAL EN PESOS;ENT. ECO. SOCIAL - PAS ;Pesos;18000000;1000;48;0;1;86;35,00;Beneficiarios de cuentas de la seguridad social;5,00;161,04;Fija;165,77;101370,00;Provincia de Mendoza;
312;BANCO VOII S.A.;2025-10-15;PRESTAMO PERSONAL EN PESOS;ENT. ECO. SOCIAL - PAS ;Pesos;18000000;1000;48;0;1;86;35,00;Beneficiarios de cuentas de la seguridad social;5,00;161,04;Fija;165,77;101370,00;Provincia de Entre Ríos;
312;BANCO VOII S.A.;2025-10-15;PRESTAMO PERSONAL EN PESOS;ENT. ECO. SOCIAL - PAS ;Pesos;18000000;1000;48;0;1;86;35,00;Beneficiarios de cuentas de la seguridad social;5,00;161,04;Fija;165,77;101370,00;Provincia de Misiones;
312;BANCO VOII S.A.;2025-10-15;PRESTAMO PERSONAL EN PESOS;ENT. ECO. SOCIAL - ACT ;Pesos;18000000;1000;48;0;6;65;35,00;Clientes con cuenta en la entidad;5,00;161,04;Fija;165,77;101370,00;Provincia de Entre Ríos;
312;BANCO VOII S.A.;2025-10-15;PRESTAMO PERSONAL EN PESOS;ENT. ECO. SOCIAL - ACT ;Pesos;18000000;1000;48;0;6;65;35,00;Personas humanas en relación de dependencia;5,00;161,04;Fija;165,77;101370,00;Ciudad Autónoma de Buenos Aires;
312;BANCO VOII S.A.;2025-10-15;PRESTAMO PERSONAL EN PESOS;ENT. ECO. SOCIAL - ACT ;Pesos;18000000;1000;48;0;6;65;35,00;Personas humanas en relación de dependencia;5,00;161,04;Fija;165,77;101370,00;Provincia de Entre Ríos;
312;BANCO VOII S.A.;2025-10-15;PRESTAMO PERSONAL EN PESOS;ENT. ECO. SOCIAL - PAS ;Pesos;18000000;1000;48;0;1;86;35,00;Beneficiarios de cuentas de la seguridad social;5,00;161,04;Fija;165,77;101370,00;Ciudad Autónoma de Buenos Aires;
312;BANCO VOII S.A.;2025-10-15;PRESTAMO PERSONAL EN PESOS;ENT. ECO. SOCIAL - ACT ;Pesos;18000000;1000;48;0;6;65;35,00;Personas humanas en relación de dependencia;5,00;161,04;Fija;165,77;101370,00;Provincia de Mendoza;
312;BANCO VOII S.A.;2025-10-15;PRESTAMO PERSONAL EN PESOS;ENT. ECO. SOCIAL - PAS ;Pesos;18000000;1000;48;0;1;86;35,00;Beneficiarios de cuentas de la seguridad social;5,00;161,04;Fija;165,77;101370,00;Provincia de Santa Fe;
312;BANCO VOII S.A.;2025-10-15;PRESTAMO PERSONAL EN PESOS;ENT. ECO. SOCIAL - ACT ;Pesos;18000000;1000;48;0;6;65;35,00;Clientes con cuenta en la entidad;5,00;161,04;Fija;165,77;101370,00;Provincia de Santa Fe;
312;BANCO VOII S.A.;2025-10-15;PRESTAMO PERSONAL EN PESOS;ENT. ECO. SOCIAL - ACT ;Pesos;18000000;1000;48;0;6;65;35,00;Personas humanas en relación de dependencia;5,00;161,04;Fija;165,77;101370,00;Provincia de San Juan;
312;BANCO VOII S.A.;2025-10-15;PRESTAMO PERSONAL EN PESOS;ENT. ECO. SOCIAL - ACT ;Pesos;18000000;1000;48;0;6;65;35,00;Clientes con cuenta en la entidad;5,00;161,04;Fija;165,77;101370,00;Provincia de Mendoza;
312;BANCO VOII S.A.;2025-10-15;PRESTAMO PERSONAL EN PESOS;ENT. ECO. SOCIAL - ACT ;Pesos;18000000;1000;48;0;6;65;35,00;Clientes con cuenta en la entidad;5,00;161,04;Fija;165,77;101370,00;Ciudad Autónoma de Buenos Aires;
312;BANCO VOII S.A.;2025-10-15;PRESTAMO PERSONAL EN PESOS;EMPLEADOS PUBLICOS     ;Pesos;18000000;1000;48;0;6;75;40,00;Empleados públicos;5,00;161,04;Fija;165,77;101370,00;Ciudad Autónoma de Buenos Aires;
312;BANCO VOII S.A.;2025-10-15;PRESTAMO PERSONAL EN PESOS;ENT. ECO. SOCIAL - ACT ;Pesos;18000000;1000;48;0;6;65;35,00;Clientes con cuenta en la entidad;5,00;161,04;Fija;165,77;101370,00;Provincia de San Juan;
312;BANCO VOII S.A.;2025-10-15;PRESTAMO PERSONAL EN PESOS;ENT. ECO. SOCIAL - ACT ;Pesos;18000000;1000;48;0;6;65;35,00;Personas humanas en relación de dependencia;5,00;161,04;Fija;165,77;101370,00;Provincia de Santa Fe;
312;BANCO VOII S.A.;2025-10-15;PRESTAMO PERSONAL EN PESOS;ENT. ECO. SOCIAL - ACT ;Pesos;18000000;1000;48;0;6;65;35,00;Clientes con cuenta en la entidad;5,00;161,04;Fija;165,77;101370,00;Provincia de Misiones;
312;BANCO VOII S.A.;2025-10-15;PRESTAMO PERSONAL EN PESOS;ENT. ECO. SOCIAL - ACT ;Pesos;18000000;1000;48;0;6;65;35,00;Personas humanas en relación de dependencia;5,00;161,04;Fija;165,77;101370,00;Provincia de Misiones;
312;BANCO VOII S.A.;2025-10-15;PRESTAMO PERSONAL EN PESOS;ENT. ECO. SOCIAL - PAS ;Pesos;18000000;1000;48;0;1;86;35,00;Beneficiarios de cuentas de la seguridad social;5,00;161,04;Fija;165,77;101370,00;Provincia de San Juan;
315;BANCO DE FORMOSA S.A.;2026-06-30;PRESTAMO PERSONAL SIN ACREDITACION DE HABERES;PP SIN ACREDITACION  HAB;Pesos;8000000;1;36;1000;3;86;15,00;Personas humanas Monotributistas;3,00;125,30;Fija;165,43;75903,00;Todo el territorio nacional;
315;BANCO DE FORMOSA S.A.;2026-06-30;PRESTAMO PERSONAL CON ACREDITACION DE HABERES - PRESENCIAL;PRESTAMO PERSONAL PRES;Pesos;8000000;1;36;1000;3;86;15,00;Clientes con cuenta en la entidad;3,00;109,01;Fija;142,66;83533,00;Todo el territorio nacional;PRESTAMOS SOLICITADOS DE FORMA PRESENCIAL
315;BANCO DE FORMOSA S.A.;2026-06-30;PRESTAMO PERSONAL CON ACREDITACION DE HABERES - PRESENCIAL;PRESTAMO PERSONAL PRES;Pesos;8000000;1;36;1000;3;86;15,00;Clientes que acrediten sueldos en la entidad;3,00;109,01;Fija;142,66;83533,00;Todo el territorio nacional;PRESTAMOS SOLICITADOS DE FORMA PRESENCIAL
315;BANCO DE FORMOSA S.A.;2026-06-30;PRESTAMO PERSONAL CON ACREDITACION DE HABERES - HB;PRESTAMO PERSONAL HB;Pesos;8000000;1;36;1000;3;86;15,00;Clientes que acrediten sueldos en la entidad;3,00;72,89;Fija;93,36;67050,00;Todo el territorio nacional;PRESTAMOS SOLICITADOS POR HOME BANKING
315;BANCO DE FORMOSA S.A.;2026-06-30;PRESTAMO PERSONAL SIN ACREDITACION DE HABERES;PP SIN ACREDITACION HAB;Pesos;8000000;1;36;1000;3;86;15,00;Clientes con cuenta en la entidad;3,00;125,30;Fija;165,43;75903,00;Todo el territorio nacional;
315;BANCO DE FORMOSA S.A.;2026-06-30;PRESTAMO PERSONAL CON ACREDITACION DE HABERES - HB;PRESTAMO PERSONAL HB;Pesos;8000000;1;36;1000;3;86;15,00;Clientes con cuenta en la entidad;3,00;72,89;Fija;93,36;67050,00;Todo el territorio nacional;PRESTAMOS SOLICITADOS POR HOME BANKING
315;BANCO DE FORMOSA S.A.;2026-06-30;PRESTAMO PERSONAL CON ACREDITACION DE HABERES - HB;PRESTAMO PERSONAL HB;Pesos;8000000;1;36;1000;3;86;15,00;Personas humanas en relación de dependencia;3,00;72,89;Fija;93,36;67050,00;Todo el territorio nacional;PRESTAMOS SOLICITADOS POR HOME BANKING
315;BANCO DE FORMOSA S.A.;2026-06-30;PRESTAMO PERSONAL CON ACREDITACION DE HABERES - PRESENCIAL;PRESTAMO PERSONAL PRES;Pesos;8000000;1;36;1000;3;86;15,00;Personas humanas en relación de dependencia;3,00;109,01;Fija;142,66;83533,00;Todo el territorio nacional;PRESTAMOS SOLICITADOS DE FORMA PRESENCIAL
315;BANCO DE FORMOSA S.A.;2026-06-30;PRESTAMO PERSONAL CON ACREDITACION DE HABERES - PRESENCIAL;PRESTAMO PERSONAL PRES;Pesos;8000000;1;36;1000;3;86;15,00;Empleados públicos;3,00;109,01;Fija;142,66;83533,00;Todo el territorio nacional;PRESTAMOS SOLICITADOS DE FORMA PRESENCIAL
315;BANCO DE FORMOSA S.A.;2026-06-30;PRESTAMO PERSONAL CON ACREDITACION DE HABERES - HB;PRESTAMO PERSONAL HB;Pesos;8000000;1;36;1000;3;86;15,00;Empleados públicos;3,00;72,89;Fija;93,36;67050,00;Todo el territorio nacional;PRESTAMOS SOLICITADOS POR HOME BANKING
321;BANCO DE SANTIAGO DEL ESTERO S.A.;2025-09-12;PRESTAMOS PERSONALES;PRESTAMOS PERSONALES;Pesos;10000000;5000;60;100;3;81;30,00;Clientes que acrediten sueldos en la entidad;4,50;114,99;Fija;150,98;3000,00;Provincia de Catamarca;
321;BANCO DE SANTIAGO DEL ESTERO S.A.;2025-09-12;PRESTAMOS PERSONALES;PRESTAMOS PERSONALES;Pesos;10000000;5000;60;100;3;81;30,00;Beneficiarios de cuentas de la seguridad social;4,50;114,99;Fija;150,98;3000,00;Provincia de Salta;
321;BANCO DE SANTIAGO DEL ESTERO S.A.;2025-09-12;PRESTAMOS PERSONALES;PRESTAMOS PERSONALES;Pesos;10000000;5000;60;100;3;81;30,00;Empleados públicos;4,50;114,99;Fija;150,98;3000,00;Provincia de Córdoba;
321;BANCO DE SANTIAGO DEL ESTERO S.A.;2025-09-12;PRESTAMOS PERSONALES;PRESTAMOS PERSONALES;Pesos;10000000;5000;60;100;3;81;30,00;Beneficiarios de cuentas de la seguridad social;4,50;114,99;Fija;150,98;3000,00;Provincia de Tucumán;
321;BANCO DE SANTIAGO DEL ESTERO S.A.;2025-09-12;PRESTAMOS JUBILADOS Y PENSIONADOS ANSES;JUB Y PENSIONADOS ANSES;Pesos;10000000;5000;60;100;3;81;30,00;Beneficiarios de cuentas de la seguridad social;4,50;114,99;Fija;150,98;3000,00;Provincia de Catamarca;
321;BANCO DE SANTIAGO DEL ESTERO S.A.;2025-09-12;PERSONALES ASALARIADOS;PERSONALES ASALARIADOS;Pesos;10000000;5000;60;100;3;81;30,00;Empleados públicos;4,50;114,99;Fija;150,98;3000,00;Provincia de Santiago del Estero;
321;BANCO DE SANTIAGO DEL ESTERO S.A.;2025-09-12;PRESTAMOS JUBILADOS Y PENSIONADOS ANSES;JUB Y PENSIONADOS ANSES;Pesos;10000000;5000;60;100;3;81;30,00;Beneficiarios de cuentas de la seguridad social;4,50;114,99;Fija;150,98;3000,00;Provincia de Córdoba;
321;BANCO DE SANTIAGO DEL ESTERO S.A.;2025-09-12;PRESTAMOS PERSONALES;PRESTAMOS PERSONALES;Pesos;10000000;5000;60;100;3;81;30,00;Clientes que acrediten sueldos en la entidad;4,50;114,98;Fija;150,98;3000,00;Provincia de Salta;
321;BANCO DE SANTIAGO DEL ESTERO S.A.;2025-09-12;PRESTAMOS PERSONALES;PRESTAMOS PERSONALES;Pesos;10000000;5000;60;100;3;81;30,00;Empleados públicos;4,50;114,99;Fija;150,98;3000,00;Provincia de Catamarca;
321;BANCO DE SANTIAGO DEL ESTERO S.A.;2025-09-12;PRESTAMOS JUBILADOS Y PENSIONADOS ANSES;JUB Y PENSIONADOS ANSES;Pesos;10000000;5000;60;100;3;81;30,00;Beneficiarios de cuentas de la seguridad social;4,50;114,99;Fija;150,98;3000,00;Provincia de Salta;
321;BANCO DE SANTIAGO DEL ESTERO S.A.;2025-09-12;PRESTAMOS PERSONALES;PRESTAMOS PERSONALES;Pesos;10000000;5000;60;100;3;81;30,00;Clientes que acrediten sueldos en la entidad;4,50;114,99;Fija;150,98;3000,00;Provincia de Córdoba;
321;BANCO DE SANTIAGO DEL ESTERO S.A.;2025-09-12;PRESTAMOS PERSONALES;PRESTAMOS PERSONALES;Pesos;10000000;5000;60;100;3;81;30,00;Empleados públicos;4,50;114,99;Fija;150,98;3000,00;Provincia de Santiago del Estero;
321;BANCO DE SANTIAGO DEL ESTERO S.A.;2025-09-12;PRESTAMOS PERSONALES;PRESTAMOS PERSONALES;Pesos;10000000;5000;60;100;3;81;30,00;Beneficiarios de cuentas de la seguridad social;4,50;114,99;Fija;150,98;3000,00;Provincia de Córdoba;
321;BANCO DE SANTIAGO DEL ESTERO S.A.;2025-09-12;PRESTAMOS PERSONALES;PRESTAMOS PERSONALES;Pesos;10000000;5000;60;100;3;81;30,00;Empleados públicos;4,50;114,99;Fija;150,98;3000,00;Provincia de Jujuy;
321;BANCO DE SANTIAGO DEL ESTERO S.A.;2025-09-12;PRESTAMOS PERSONALES;PRESTAMOS PERSONALES;Pesos;10000000;5000;60;100;3;81;30,00;Beneficiarios de cuentas de la seguridad social;4,50;114,99;Fija;150,98;3000,00;Provincia de Catamarca;
321;BANCO DE SANTIAGO DEL ESTERO S.A.;2025-09-12;PRESTAMOS PERSONALES;PRESTAMOS PERSONALES;Pesos;10000000;5000;60;100;3;81;30,00;Beneficiarios de cuentas de la seguridad social;4,50;114,99;Fija;150,98;3000,00;Provincia de Santiago del Estero;
321;BANCO DE SANTIAGO DEL ESTERO S.A.;2025-09-12;PRESTAMOS JUBILADOS Y PENSIONADOS ANSES;JUB Y PENSIONADOS ANSES;Pesos;10000000;5000;60;100;3;81;30,00;Beneficiarios de cuentas de la seguridad social;4,50;114,99;Fija;150,98;3000,00;Provincia de Jujuy;
321;BANCO DE SANTIAGO DEL ESTERO S.A.;2025-09-12;PRESTAMOS PERSONALES;PRESTAMOS PERSONALES;Pesos;10000000;5000;60;100;3;81;30,00;Clientes que acrediten sueldos en la entidad;4,50;114,99;Fija;150,98;3000,00;Provincia de Jujuy;
321;BANCO DE SANTIAGO DEL ESTERO S.A.;2025-09-12;PRESTAMOS JUBILADOS Y PENSIONADOS ANSES;JUB Y PENSIONADOS ANSES;Pesos;10000000;5000;60;100;3;81;30,00;Beneficiarios de cuentas de la seguridad social;4,50;114,99;Fija;150,98;3000,00;Provincia de Santiago del Estero;
321;BANCO DE SANTIAGO DEL ESTERO S.A.;2025-09-12;PRESTAMOS JUBILADOS Y PENSIONADOS ANSES;JUB Y PENSIONADOS ANSES;Pesos;10000000;5000;60;100;3;81;30,00;Beneficiarios de cuentas de la seguridad social;4,50;114,99;Fija;150,98;3000,00;Provincia de Tucumán;
321;BANCO DE SANTIAGO DEL ESTERO S.A.;2025-09-12;PRESTAMOS PERSONALES;PRESTAMOS PERSONALES;Pesos;10000000;5000;60;100;3;81;30,00;Empleados públicos;4,50;114,99;Fija;150,98;3000,00;Ciudad Autónoma de Buenos Aires;
321;BANCO DE SANTIAGO DEL ESTERO S.A.;2025-09-12;PRESTAMOS PERSONALES;PRESTAMOS PERSONALES;Pesos;10000000;5000;60;100;3;81;30,00;Clientes que acrediten sueldos en la entidad;4,50;114,99;Fija;150,98;3000,00;Provincia de Tucumán;
321;BANCO DE SANTIAGO DEL ESTERO S.A.;2025-09-12;PRESTAMOS PERSONALES;PRESTAMOS PERSONALES;Pesos;10000000;5000;60;100;3;81;30,00;Clientes que acrediten sueldos en la entidad;4,50;114,99;Fija;150,98;3000,00;Provincia de Santiago del Estero;
321;BANCO DE SANTIAGO DEL ESTERO S.A.;2025-09-12;PRESTAMOS PERSONALES;PRESTAMOS PERSONALES;Pesos;10000000;5000;60;100;3;81;30,00;Clientes que acrediten sueldos en la entidad;4,50;114,99;Fija;150,98;3000,00;Ciudad Autónoma de Buenos Aires;
321;BANCO DE SANTIAGO DEL ESTERO S.A.;2025-09-12;PRESTAMOS PERSONALES;PRESTAMOS PERSONALES;Pesos;10000000;5000;60;100;3;81;30,00;Empleados públicos;4,50;114,99;Fija;150,98;3000,00;Provincia de Salta;
321;BANCO DE SANTIAGO DEL ESTERO S.A.;2025-09-12;PRESTAMOS PERSONALES;PRESTAMOS PERSONALES;Pesos;10000000;5000;60;100;3;81;30,00;Beneficiarios de cuentas de la seguridad social;4,50;114,99;Fija;150,98;3000,00;Ciudad Autónoma de Buenos Aires;
321;BANCO DE SANTIAGO DEL ESTERO S.A.;2025-09-12;PRESTAMOS PERSONALES;PRESTAMOS PERSONALES;Pesos;10000000;5000;60;100;3;81;30,00;Beneficiarios de cuentas de la seguridad social;4,50;114,99;Fija;150,98;3000,00;Provincia de Jujuy;
321;BANCO DE SANTIAGO DEL ESTERO S.A.;2025-09-12;PRESTAMOS PERSONALES;PRESTAMOS PERSONALES;Pesos;10000000;5000;60;100;3;81;30,00;Empleados públicos;4,50;114,99;Fija;150,98;3000,00;Provincia de Tucumán;
322;BANCO INDUSTRIAL S.A.;2025-02-24;PRESTAMOS PERSONALES;BIND70P;Pesos;99999999;10000;70;0;12;65;30,00;Personas humanas Responsables Inscriptos;4,84;300,16;Fija;425,20;1453,00;Todo el territorio nacional;COMISION CANCELACION ANTICIPADA TOTAL: APLICA SIEMPRE QUE NO HAYAN TRANSCURRIDO, AL MENOS, LA CUARTA PARTE DEL PLAZO ORIGINAL O 180 DIAS CORRIDOS DESDE SU OTORGAMIENTO, DE AMBOS, EL MAYOR.- CFT INCLUYE IVA.
322;BANCO INDUSTRIAL S.A.;2025-02-24;PRESTAMOS PERSONALES A JUBILADOS;PRI;Pesos;1500000;10000;12;0;0;84;55,00;Beneficiarios de cuentas de la seguridad social;4,84;300,16;Fija;425,20;1801,00;Todo el territorio nacional;COMISION CANCELACION ANTICIPADA TOTAL: APLICA SIEMPRE QUE NO HAYAN TRANSCURRIDO, AL MENOS, LA CUARTA PARTE DEL PLAZO ORIGINAL O 180 DIAS CORRIDOS DESDE SU OTORGAMIENTO, DE AMBOS, EL MAYOR.- CFT INCLUYE IVA.
322;BANCO INDUSTRIAL S.A.;2025-02-24;PRESTAMOS PERSONALES;BIND70;Pesos;99999999;10000;70;0;12;65;30,00;Clientes con cuenta en la entidad;4,84;300,16;Fija;425,20;1453,00;Todo el territorio nacional;COMISION CANCELACION ANTICIPADA TOTAL: APLICA SIEMPRE QUE NO HAYAN TRANSCURRIDO, AL MENOS, LA CUARTA PARTE DEL PLAZO ORIGINAL O 180 DIAS CORRIDOS DESDE SU OTORGAMIENTO, DE AMBOS, EL MAYOR.- CFT INCLUYE IVA.
322;BANCO INDUSTRIAL S.A.;2025-02-24;PRESTAMOS PERSONALES;BIND70;Pesos;99999999;10000;70;0;12;65;30,00;Personas humanas Responsables Inscriptos;4,84;300,16;Fija;425,20;1453,00;Todo el territorio nacional;COMISION CANCELACION ANTICIPADA TOTAL: APLICA SIEMPRE QUE NO HAYAN TRANSCURRIDO, AL MENOS, LA CUARTA PARTE DEL PLAZO ORIGINAL O 180 DIAS CORRIDOS DESDE SU OTORGAMIENTO, DE AMBOS, EL MAYOR.- CFT INCLUYE IVA.
322;BANCO INDUSTRIAL S.A.;2025-02-24;PRESTAMOS PERSONALES;BIND70P;Pesos;99999999;10000;70;0;12;65;30,00;Clientes con cuenta en la entidad;4,84;300,16;Fija;425,20;1453,00;Todo el territorio nacional;COMISION CANCELACION ANTICIPADA TOTAL: APLICA SIEMPRE QUE NO HAYAN TRANSCURRIDO, AL MENOS, LA CUARTA PARTE DEL PLAZO ORIGINAL O 180 DIAS CORRIDOS DESDE SU OTORGAMIENTO, DE AMBOS, EL MAYOR.- CFT INCLUYE IVA.
322;BANCO INDUSTRIAL S.A.;2025-02-24;PRESTAMOS PERSONALES A JUBILADOS;JUB;Pesos;1500000;10000;60;0;0;84;55,00;Beneficiarios de cuentas de la seguridad social;4,84;300,16;Fija;425,20;1449,00;Todo el territorio nacional;COMISION CANCELACION ANTICIPADA TOTAL: APLICA SIEMPRE QUE NO HAYAN TRANSCURRIDO, AL MENOS, LA CUARTA PARTE DEL PLAZO ORIGINAL O 180 DIAS CORRIDOS DESDE SU OTORGAMIENTO, DE AMBOS, EL MAYOR.- CFT INCLUYE IVA.
322;BANCO INDUSTRIAL S.A.;2025-02-24;PRESTAMOS PERSONALES;BIND70;Pesos;99999999;10000;70;0;12;65;30,00;Personas humanas en relación de dependencia;4,84;300,16;Fija;425,20;1453,00;Todo el territorio nacional;COMISION CANCELACION ANTICIPADA TOTAL: APLICA SIEMPRE QUE NO HAYAN TRANSCURRIDO, AL MENOS, LA CUARTA PARTE DEL PLAZO ORIGINAL O 180 DIAS CORRIDOS DESDE SU OTORGAMIENTO, DE AMBOS, EL MAYOR.- CFT INCLUYE IVA.
322;BANCO INDUSTRIAL S.A.;2025-02-24;PRESTAMOS PERSONALES;BIND70P;Pesos;99999999;10000;70;0;12;65;30,00;Empleados públicos;4,84;300,16;Fija;425,20;1453,00;Todo el territorio nacional;COMISION CANCELACION ANTICIPADA TOTAL: APLICA SIEMPRE QUE NO HAYAN TRANSCURRIDO, AL MENOS, LA CUARTA PARTE DEL PLAZO ORIGINAL O 180 DIAS CORRIDOS DESDE SU OTORGAMIENTO, DE AMBOS, EL MAYOR.- CFT INCLUYE IVA.
322;BANCO INDUSTRIAL S.A.;2025-02-24;PRESTAMOS PERSONALES;BIND70S;Pesos;99999999;10000;70;0;12;65;30,00;Clientes que acrediten sueldos en la entidad;4,84;300,16;Fija;425,20;1453,00;Todo el territorio nacional;COMISION CANCELACION ANTICIPADA TOTAL: APLICA SIEMPRE QUE NO HAYAN TRANSCURRIDO, AL MENOS, LA CUARTA PARTE DEL PLAZO ORIGINAL O 180 DIAS CORRIDOS DESDE SU OTORGAMIENTO, DE AMBOS, EL MAYOR.- CFT INCLUYE IVA.
322;BANCO INDUSTRIAL S.A.;2025-02-24;PRESTAMOS PERSONALES;BIND70;Pesos;99999999;10000;70;0;12;65;30,00;Empleados públicos;4,84;300,16;Fija;425,20;1453,00;Todo el territorio nacional;COMISION CANCELACION ANTICIPADA TOTAL: APLICA SIEMPRE QUE NO HAYAN TRANSCURRIDO, AL MENOS, LA CUARTA PARTE DEL PLAZO ORIGINAL O 180 DIAS CORRIDOS DESDE SU OTORGAMIENTO, DE AMBOS, EL MAYOR.- CFT INCLUYE IVA.
322;BANCO INDUSTRIAL S.A.;2025-02-24;PRESTAMOS PERSONALES;BIND70P;Pesos;99999999;10000;70;0;12;65;30,00;Personas humanas en relación de dependencia;4,84;300,16;Fija;425,20;1453,00;Todo el territorio nacional;COMISION CANCELACION ANTICIPADA TOTAL: APLICA SIEMPRE QUE NO HAYAN TRANSCURRIDO, AL MENOS, LA CUARTA PARTE DEL PLAZO ORIGINAL O 180 DIAS CORRIDOS DESDE SU OTORGAMIENTO, DE AMBOS, EL MAYOR.- CFT INCLUYE IVA.
322;BANCO INDUSTRIAL S.A.;2025-02-24;PRESTAMOS PERSONALES;BIND70;Pesos;99999999;10000;70;0;12;65;30,00;Personas humanas Monotributistas;4,84;300,16;Fija;425,20;1453,00;Todo el territorio nacional;COMISION CANCELACION ANTICIPADA TOTAL: APLICA SIEMPRE QUE NO HAYAN TRANSCURRIDO, AL MENOS, LA CUARTA PARTE DEL PLAZO ORIGINAL O 180 DIAS CORRIDOS DESDE SU OTORGAMIENTO, DE AMBOS, EL MAYOR.- CFT INCLUYE IVA.
322;BANCO INDUSTRIAL S.A.;2025-02-24;PRESTAMOS PERSONALES;BIND70P;Pesos;99999999;10000;70;0;12;65;30,00;Personas humanas Monotributistas;4,84;300,16;Fija;425,20;1453,00;Todo el territorio nacional;COMISION CANCELACION ANTICIPADA TOTAL: APLICA SIEMPRE QUE NO HAYAN TRANSCURRIDO, AL MENOS, LA CUARTA PARTE DEL PLAZO ORIGINAL O 180 DIAS CORRIDOS DESDE SU OTORGAMIENTO, DE AMBOS, EL MAYOR.- CFT INCLUYE IVA.
330;NUEVO BANCO DE SANTA FE SOCIEDAD ANONIMA;2026-05-05;PRESTAMOS PARA EMPLEADOS PUBLICOS PROVINCIALES;CONVENIO BANCARIZADOS;Pesos;50000000;5000;72;2000;1;74;40,00;Empleados públicos;3,63;124,23;Fija;124,23;66370,00;Provincia de Santa Fe;COMISION CANCELACION ANTICIPADA: SE APLICA SIEMPRE QUE NO HAYA TRANSCURRIDO, AL MENOS, LA CUARTA PARTE DEL PLAZO ORIGINAL O 180 DIAS CORRIDOS DESDE SU OTORGAMIENTO, DE AMBOS, EL MAYOR. CFT EXPRESADO EN TEA INCLUYE EL IVA Y EL IMPUESTO DE SELLOS DE LA PROVINCIA DE SANTA FE 124,23 PORCIENTO.
332;BANCO DE SERVICIOS FINANCIEROS CARREFOUR SAU;2026-06-30;PRESTAMO PERSONAL;PR;Pesos;300000000;150000;36;367800;6;80;50,00;Personas humanas en relación de dependencia;3,00;909,67;Fija;1457,91;2573,00;Todo el territorio nacional;
332;BANCO DE SERVICIOS FINANCIEROS CARREFOUR SAU;2026-06-30;PRESTAMO PERSONAL;PR;Pesos;300000000;150000;36;367800;6;80;50,00;Personas humanas Monotributistas;3,00;909,67;Fija;1457,91;2573,00;Todo el territorio nacional;
332;BANCO DE SERVICIOS FINANCIEROS CARREFOUR SAU;2026-06-30;PRESTAMO PERSONAL;PR;Pesos;300000000;150000;36;367800;6;80;50,00;Beneficiarios de cuentas de la seguridad social;3,00;909,67;Fija;1457,91;2573,00;Todo el territorio nacional;
332;BANCO DE SERVICIOS FINANCIEROS CARREFOUR SAU;2026-06-30;PRESTAMO PERSONAL;PR;Pesos;300000000;150000;36;367800;6;80;50,00;Personas humanas Responsables Inscriptos;3,00;909,67;Fija;1457,91;2573,00;Todo el territorio nacional;
341;BANCO MASVENTAS S.A.;2026-06-08;PRESTAMOS CONVENIO VALUARTE;PTMO.CONV.VALUARTE;Pesos;1800000;40000;18;10000;6;65;50,00;Beneficiarios de cuentas de la seguridad social;,00;793,91;Fija;1252,14;2467,00;Provincia del Chubut;
341;BANCO MASVENTAS S.A.;2026-06-08;PRESTAMOS PAGO DIFERIDO;PTMOS PGO DIFERIDO;Pesos;5000000;10000;24;50000;0;79;35,00;Beneficiarios de cuentas de la seguridad social;4,84;200,07;Fija;274,40;3553,00;Provincia de Salta;
341;BANCO MASVENTAS S.A.;2026-06-08;PRESTAMOS CONVENIO VALUARTE;PTMO.CONV.VALUARTE;Pesos;1800000;40000;18;10000;6;65;50,00;Personas humanas en relación de dependencia;,00;793,91;Fija;1252,14;2467,00;Provincia del Chubut;
341;BANCO MASVENTAS S.A.;2026-06-08;PRESTAMOS SCORING CARTERA GENERAL;PRESTAMOS SCORING CARTERA;Pesos;5000000;10000;24;50000;12;79;35,00;Personas humanas en relación de dependencia;4,84;200,07;Fija;274,40;1266,00;Provincia de Salta;000A
341;BANCO MASVENTAS S.A.;2026-06-08;PRESTAMOS SCORING CARTERA GENERAL;PRESTAMOS SCORING CARTERA;Pesos;5000000;10000;24;50000;12;80;35,00;Personas humanas en relación de dependencia;4,84;200,07;Fija;274,40;1266,00;Provincia de Jujuy;000A
341;BANCO MASVENTAS S.A.;2026-06-08;PTMO PAGO HABERES/HONORARIOS;PTMO PAGO HAB;Pesos;5000000;10000;12;50000;6;67;50,00;Personas humanas en relación de dependencia;4,84;173,78;Fija;234,82;1405,00;Provincia de Jujuy;
341;BANCO MASVENTAS S.A.;2026-06-08;PRESTAMOS PAGO DIFERIDO;PTMOS PGO DIFERIDO;Pesos;5000000;10000;24;50000;6;67;40,00;Clientes que acrediten sueldos en la entidad;4,84;173,78;Fija;234,82;3270,00;Provincia de Jujuy;
341;BANCO MASVENTAS S.A.;2026-06-08;PRESTAMOS EMPLEADOS BMV;PTMO.EMP.BMV;Pesos;5000000;10000;12;50000;3;67;60,00;Personas humanas en relación de dependencia;4,84;138,28;Fija;183,76;1286,00;Provincia de Salta;
341;BANCO MASVENTAS S.A.;2026-06-08;PTMO REFINANCIACION;PTMO. REF.;Pesos;5000000;10000;12;50000;3;67;35,00;Personas humanas en relación de dependencia;4,84;202,82;Fija;277,48;1635,00;Provincia de Salta;
341;BANCO MASVENTAS S.A.;2026-06-08;PRESTAMOS CONVENIO PROTECAP;PMOS.CONV.PROTECAP;Pesos;1000000;40000;24;10000;6;65;30,00;Personas humanas en relación de dependencia;,00;186,65;Fija;253,63;1223,00;Ciudad Autónoma de Buenos Aires;
341;BANCO MASVENTAS S.A.;2026-06-08;PTMO CON GTIA PRENDARIA;PTMO. GTIA PREND.;Pesos;5000000;10000;12;50000;0;80;35,00;Beneficiarios de cuentas de la seguridad social;4,84;112,98;Fija;148,18;1441,00;Provincia de Jujuy;
341;BANCO MASVENTAS S.A.;2026-06-08;PRESTAMOS CONVENIO AMUS;PTMO.CONV.AMUS;Pesos;15000000;50000;36;500000;6;80;35,00;Beneficiarios de cuentas de la seguridad social;,00;92,87;Fija;120,42;746,00;Provincia de Salta;
341;BANCO MASVENTAS S.A.;2026-06-08;PRESTAMOS CONVENIO PROTECAP;PMOS.CONV.PROTECAP;Pesos;1000000;40000;24;10000;6;65;30,00;Beneficiarios de cuentas de la seguridad social;,00;186,65;Fija;253,63;1223,00;Ciudad Autónoma de Buenos Aires;
341;BANCO MASVENTAS S.A.;2026-06-08;PTMO LINEA GRAL RENOVACION CON/SIN GARANTE;PTMO RENOV.C/S GAR.;Pesos;5000000;10000;24;50000;12;79;35,00;Personas humanas Monotributistas;4,84;161,44;Fija;216,93;1140,00;Provincia de Salta;
341;BANCO MASVENTAS S.A.;2026-06-08;PRESTAMOS EMPLEADOS BMV;PTMO.EMP.BMV;Pesos;5000000;10000;12;50000;3;67;60,00;Personas humanas en relación de dependencia;4,84;138,28;Fija;183,76;1286,00;Provincia de Jujuy;
341;BANCO MASVENTAS S.A.;2026-06-08;PTMO REFINANCIACION;PTMO. REF.;Pesos;5000000;10000;12;50000;12;80;35,00;Personas humanas Monotributistas;4,84;202,82;Fija;277,48;1635,00;Provincia de Salta;
341;BANCO MASVENTAS S.A.;2026-06-08;PRESTAMOS CONVENIO VALUARTE;PTMO.CONV.VALUARTE;Pesos;1800000;40000;24;10000;6;65;50,00;Personas humanas en relación de dependencia;,00;722,04;Fija;1125,81;2317,00;Provincia de Río Negro;
341;BANCO MASVENTAS S.A.;2026-06-08;PRESTAMOS SCORING CUENTA SUELDO;PRESTAMOS SCORING CTA.SUE;Pesos;5000000;10000;24;50000;6;79;40,00;Clientes que acrediten sueldos en la entidad;4,84;173,78;Fija;234,82;1181,00;Provincia de Salta;000A
341;BANCO MASVENTAS S.A.;2026-06-08;PTMO LINEA GRAL RENOVACION CON/SIN GARANTE;PTMO RENOV.C/S GAR.;Pesos;5000000;10000;24;50000;12;67;35,00;Personas humanas en relación de dependencia;4,84;161,44;Fija;216,93;1140,00;Provincia de Jujuy;
341;BANCO MASVENTAS S.A.;2026-06-08;PTMO LINEA GRAL 1RA OPERACION CON/SIN GARANTE;PTMO 1RA OP.C/S GAR.;Pesos;5000000;10000;24;50000;12;79;35,00;Personas humanas en relación de dependencia;4,84;200,07;Fija;274,40;1266,00;Provincia de Salta;
341;BANCO MASVENTAS S.A.;2026-06-08;PRESTAMOS SCORING CUENTA SUELDO;PRESTAMOS SCORING CTA.SUE;Pesos;5000000;10000;24;50000;6;79;40,00;Clientes que acrediten sueldos en la entidad;4,84;173,78;Fija;234,82;1181,00;Provincia de Jujuy;000A
341;BANCO MASVENTAS S.A.;2026-06-08;PTMO CON GTIA PRENDARIA;PTMO. GTIA PREND.;Pesos;5000000;10000;12;50000;12;80;35,00;Personas humanas Monotributistas;4,84;112,98;Fija;148,18;1441,00;Provincia de Salta;
341;BANCO MASVENTAS S.A.;2026-06-08;PTMO LINEA GRAL 1RA OPERACION CON/SIN GARANTE;PTMO 1RA OP.C/S GAR.;Pesos;5000000;10000;24;50000;12;67;35,00;Personas humanas en relación de dependencia;4,84;200,07;Fija;274,40;1266,00;Provincia de Jujuy;
341;BANCO MASVENTAS S.A.;2026-06-08;PTMO REFINANCIACION;PTMO. REF.;Pesos;5000000;10000;12;50000;3;67;35,00;Personas humanas en relación de dependencia;4,84;202,82;Fija;277,48;1635,00;Provincia de Jujuy;
341;BANCO MASVENTAS S.A.;2026-06-08;PTMO LINEA GRAL RENOVACION CON/SIN GARANTE;PTMO RENOV.C/S GAR.;Pesos;5000000;10000;24;50000;0;79;35,00;Beneficiarios de cuentas de la seguridad social;4,84;161,44;Fija;216,93;1140,00;Provincia de Jujuy;
341;BANCO MASVENTAS S.A.;2026-06-08;PTMO LINEA GRAL RENOVACION CON/SIN GARANTE;PTMO RENOV.C/S GAR.;Pesos;5000000;10000;24;50000;0;79;35,00;Beneficiarios de cuentas de la seguridad social;4,84;161,44;Fija;216,93;1140,00;Provincia de Salta;
341;BANCO MASVENTAS S.A.;2026-06-08;PTMO CON GTIA PRENDARIA;PTMO. GTIA PREND.;Pesos;5000000;10000;12;50000;12;80;35,00;Personas humanas Monotributistas;4,84;112,98;Fija;148,18;1441,00;Provincia de Jujuy;
341;BANCO MASVENTAS S.A.;2026-06-08;PTMO LINEA GRAL RENOVACION CON/SIN GARANTE;PTMO RENOV.C/S GAR.;Pesos;5000000;10000;24;50000;12;79;35,00;Personas humanas en relación de dependencia;4,84;161,44;Fija;216,93;1140,00;Provincia de Salta;
341;BANCO MASVENTAS S.A.;2026-06-08;PRESTAMOS CONVENIO AMUS;PTMO.CONV.AMUS;Pesos;15000000;50000;36;500000;6;80;35,00;Personas humanas en relación de dependencia;,00;92,87;Fija;120,42;746,00;Provincia de Salta;
341;BANCO MASVENTAS S.A.;2026-06-08;PTMO REFINANCIACION;PTMO. REF.;Pesos;5000000;10000;12;50000;0;80;35,00;Beneficiarios de cuentas de la seguridad social;4,84;202,82;Fija;277,48;1635,00;Provincia de Salta;
341;BANCO MASVENTAS S.A.;2026-06-08;PRESTAMOS SCORING CUENTA SUELDO;PRESTAMOS SCORING CTA.SUE;Pesos;5000000;10000;24;50000;6;79;50,00;Personas humanas en relación de dependencia;4,84;173,78;Fija;234,82;1181,00;Provincia de Jujuy;000A
341;BANCO MASVENTAS S.A.;2026-06-08;PTMO LINEA GRAL 1RA OPERACION CON/SIN GARANTE;PTMO 1RA OP.C/S GAR.;Pesos;5000000;10000;24;50000;0;79;35,00;Beneficiarios de cuentas de la seguridad social;4,84;200,07;Fija;274,40;1266,00;Provincia de Jujuy;
341;BANCO MASVENTAS S.A.;2026-06-08;PRESTAMOS SCORING CUENTA SUELDO;PRESTAMOS SCORING CTA.SUE;Pesos;5000000;10000;24;50000;6;79;50,00;Personas humanas en relación de dependencia;4,84;173,78;Fija;234,82;1181,00;Provincia de Salta;000A
341;BANCO MASVENTAS S.A.;2026-06-08;PTMO CON GTIA PRENDARIA;PTMO. GTIA PREND.;Pesos;5000000;10000;12;50000;12;67;35,00;Personas humanas en relación de dependencia;4,84;112,98;Fija;148,18;1441,00;Provincia de Jujuy;
341;BANCO MASVENTAS S.A.;2026-06-08;PTMO CON GTIA PRENDARIA;PTMO. GTIA PREND.;Pesos;5000000;10000;12;50000;12;67;35,00;Personas humanas en relación de dependencia;4,84;112,98;Fija;148,18;1441,00;Provincia de Salta;
341;BANCO MASVENTAS S.A.;2026-06-08;PTMO PAGO HABERES/HONORARIOS;PTMO PAGO HAB;Pesos;5000000;10000;24;50000;6;79;50,00;Personas humanas en relación de dependencia;4,84;161,44;Fija;216,93;1140,00;Provincia de Salta;
341;BANCO MASVENTAS S.A.;2026-06-08;PTMO LINEA GRAL 1RA OPERACION CON/SIN GARANTE;PTMO 1RA OP.C/S GAR.;Pesos;5000000;10000;24;50000;0;79;35,00;Beneficiarios de cuentas de la seguridad social;4,84;200,07;Fija;274,40;1266,00;Provincia de Salta;
341;BANCO MASVENTAS S.A.;2026-06-08;PTMO LINEA GRAL 1RA OPERACION CON/SIN GARANTE;PTMO 1RA OP.C/S GAR.;Pesos;5000000;10000;24;50000;12;79;30,00;Personas humanas Monotributistas;4,84;200,07;Fija;274,40;1266,00;Provincia de Jujuy;
341;BANCO MASVENTAS S.A.;2026-06-08;PRESTAMOS PAGO DIFERIDO;PTMOS PGO DIFERIDO;Pesos;5000000;10000;24;50000;6;67;40,00;Clientes que acrediten sueldos en la entidad;4,84;173,78;Fija;234,82;3270,00;Provincia de Salta;
341;BANCO MASVENTAS S.A.;2026-06-08;PRESTAMOS PAGO DIFERIDO;PTMOS PGO DIFERIDO;Pesos;5000000;10000;24;50000;0;79;35,00;Beneficiarios de cuentas de la seguridad social;4,84;200,07;Fija;274,40;3553,00;Provincia de Jujuy;
341;BANCO MASVENTAS S.A.;2026-06-08;PRESTAMOS PAGO DIFERIDO;PTMOS PGO DIFERIDO;Pesos;5000000;10000;24;50000;6;67;35,00;Personas humanas en relación de dependencia;4,84;200,07;Fija;274,40;3553,00;Provincia de Salta;
341;BANCO MASVENTAS S.A.;2026-06-08;PRESTAMOS SCORING CARTERA GENERAL;PRESTAMOS SCORING CARTERA;Pesos;5000000;10000;24;50000;12;79;30,00;Personas humanas Monotributistas;4,84;200,07;Fija;274,40;1266,00;Provincia de Salta;000A
341;BANCO MASVENTAS S.A.;2026-06-08;PTMO LINEA GRAL 1RA OPERACION CON/SIN GARANTE;PTMO 1RA OP.C/S GAR.;Pesos;5000000;10000;24;50000;12;79;35,00;Personas humanas Monotributistas;4,84;200,07;Fija;274,40;1266,00;Provincia de Salta;
341;BANCO MASVENTAS S.A.;2026-06-08;PTMO CON GTIA PRENDARIA;PTMO. GTIA PREND.;Pesos;5000000;10000;12;50000;0;80;35,00;Beneficiarios de cuentas de la seguridad social;4,84;112,98;Fija;148,18;1441,00;Provincia de Salta;
341;BANCO MASVENTAS S.A.;2026-06-08;PRESTAMOS PAGO DIFERIDO;PTMOS PGO DIFERIDO;Pesos;5000000;10000;24;50000;6;67;35,00;Personas humanas en relación de dependencia;4,84;200,07;Fija;274,40;3553,00;Provincia de Jujuy;
341;BANCO MASVENTAS S.A.;2026-06-08;PRESTAMOS PAGO DIFERIDO;PTMOS PGO DIFERIDO;Pesos;5000000;10000;24;50000;12;79;30,00;Personas humanas Monotributistas;4,84;200,07;Fija;274,40;3553,00;Provincia de Salta;
341;BANCO MASVENTAS S.A.;2026-06-08;PRESTAMOS SCORING CARTERA GENERAL;PRESTAMOS SCORING CARTERA;Pesos;5000000;10000;24;50000;12;79;30,00;Personas humanas Responsables Inscriptos;4,84;200,07;Fija;274,40;1266,00;Provincia de Salta;000A
341;BANCO MASVENTAS S.A.;2026-06-08;PRESTAMOS CONVENIO VALUARTE;PTMO.CONV.VALUARTE;Pesos;1800000;40000;24;10000;6;65;50,00;Beneficiarios de cuentas de la seguridad social;,00;722,04;Fija;1125,81;2317,00;Provincia de Río Negro;
341;BANCO MASVENTAS S.A.;2026-06-08;PRESTAMOS CONVENIO VALUARTE;PTMO.CONV.VALUARTE;Pesos;1800000;40000;24;10000;6;65;50,00;Beneficiarios de cuentas de la seguridad social;,00;390,99;Fija;568,97;1754,00;Provincia de Mendoza;
341;BANCO MASVENTAS S.A.;2026-06-08;PRESTAMOS AMPROMM - DECRETO 1412;PRTMOS AMPROMM-DTO.1412;Pesos;850000;150000;12;10000;6;80;35,00;Beneficiarios de cuentas de la seguridad social;,00;6493,13;Fija;13476,52;5040,00;Provincia de Buenos Aires;
341;BANCO MASVENTAS S.A.;2026-06-08;PRESTAMO AMPROMM;PTMO. AMPROMM;Pesos;850000;150000;18;10000;6;80;35,00;Beneficiarios de cuentas de la seguridad social;,00;86,59;Fija;111,85;983,00;Provincia de Buenos Aires;
341;BANCO MASVENTAS S.A.;2026-06-08;PRESTAMOS SCORING CARTERA GENERAL;PRESTAMOS SCORING CARTERA;Pesos;5000000;10000;24;50000;12;79;30,00;Personas humanas Responsables Inscriptos;4,84;200,07;Fija;274,40;1266,00;Provincia de Jujuy;000A
341;BANCO MASVENTAS S.A.;2026-06-08;PRESTAMOS PAGO DIFERIDO;PTMOS PGO DIFERIDO;Pesos;5000000;10000;24;50000;12;79;30,00;Personas humanas Monotributistas;4,84;200,07;Fija;274,40;3553,00;Provincia de Jujuy;
341;BANCO MASVENTAS S.A.;2026-06-08;PTMO LINEA GRAL RENOVACION CON/SIN GARANTE;PTMO RENOV.C/S GAR.;Pesos;5000000;10000;24;50000;12;79;35,00;Personas humanas Monotributistas;4,84;161,44;Fija;216,93;1140,00;Provincia de Jujuy;
341;BANCO MASVENTAS S.A.;2026-06-08;PRESTAMO AMPROMM;PTMO. AMPROMM;Pesos;850000;150000;18;10000;6;65;35,00;Personas humanas en relación de dependencia;,00;86,59;Fija;111,85;983,00;Provincia de Buenos Aires;
341;BANCO MASVENTAS S.A.;2026-06-08;PRESTAMOS AMPROMM - DECRETO 1412;PRTMOS AMPROMM-DTO.1412;Pesos;850000;150000;12;10000;6;80;35,00;Personas humanas en relación de dependencia;,00;6493,13;Fija;13476,52;5040,00;Provincia de Buenos Aires;
341;BANCO MASVENTAS S.A.;2026-06-08;PRESTAMOS CONVENIO VGA;PTMOS CONVENIO VGA;Pesos;1800000;40000;12;10000;6;65;30,00;Personas humanas en relación de dependencia;,00;6493,13;Fija;13476,52;5040,00;Provincia de Buenos Aires;
341;BANCO MASVENTAS S.A.;2026-06-08;PRESTAMOS CONVENIO VGA;PTMOS CONVENIO VGA;Pesos;1800000;40000;12;10000;6;65;30,00;Beneficiarios de cuentas de la seguridad social;,00;6493,13;Fija;13476,52;5040,00;Provincia de Buenos Aires;
341;BANCO MASVENTAS S.A.;2026-06-08;PRESTAMOS CONVENIO VALUARTE;PTMO.CONV.VALUARTE;Pesos;1800000;40000;24;10000;6;65;50,00;Personas humanas en relación de dependencia;,00;390,99;Fija;568,97;1754,00;Provincia de Mendoza;
341;BANCO MASVENTAS S.A.;2026-06-08;PTMO REFINANCIACION;PTMO. REF.;Pesos;5000000;10000;12;50000;12;80;35,00;Personas humanas Monotributistas;4,84;202,82;Fija;277,48;1635,00;Provincia de Jujuy;
341;BANCO MASVENTAS S.A.;2026-06-08;PRESTAMOS CONVENIO VALUARTE;PTMO.CONV.VALUARTE;Pesos;1800000;40000;18;10000;6;80;50,00;Personas humanas en relación de dependencia;,00;955,23;Fija;1541,36;2653,00;Provincia de Santa Fe;
341;BANCO MASVENTAS S.A.;2026-06-08;PTMO REFINANCIACION;PTMO. REF.;Pesos;5000000;10000;12;50000;0;80;35,00;Beneficiarios de cuentas de la seguridad social;4,84;202,82;Fija;277,48;1635,00;Provincia de Jujuy;
341;BANCO MASVENTAS S.A.;2026-06-08;PRESTAMOS CONVENIO VALUARTE;PTMO.CONV.VALUARTE;Pesos;1800000;40000;18;10000;6;65;50,00;Beneficiarios de cuentas de la seguridad social;,00;955,23;Fija;1541,36;2653,00;Provincia de Santa Fe;
341;BANCO MASVENTAS S.A.;2026-06-08;PRESTAMOS SCORING CARTERA GENERAL;PRESTAMOS SCORING CARTERA;Pesos;5000000;10000;24;50000;12;79;30,00;Personas humanas Monotributistas;4,84;200,07;Fija;274,40;1266,00;Provincia de Jujuy;000A
384;UALA BANK S.A.U.;2026-06-11;PRESTAMOS CLIENTES UALA BANK;PRESTAMOS;Pesos;14000000;5000;24;10000;6;75;47,00;Todos los beneficiarios;4,00;390,99;Fija;568,94;173145,00;Todo el territorio nacional;EL CARGO MAXIMO POR CANCELACION ANTICIPADA CORRESPONDE AL 4 POR CIENTO MAS IVA
386;NUEVO BANCO DE ENTRE RÍOS S.A.;2026-05-06;PRESTAMOS PARA EMPLEADOS PUBLICOS PROVINCIALES;CONVENIOS BANCARIZADOS;Pesos;50000000;1000;72;1000;0;74;40,00;Empleados públicos;3,63;129,16;Fija;129,16;699,00;Provincia de Entre Ríos;COMISION CANCELACION ANTICIPADA PARA PRESTAMOS: CUANDO LA PRECANCELACION SEA TOTAL, NO SE APLICARA COMISION ALGUNA CUANDO AL MOMENTO DE EFECTUARLA HAYA TRANSCURRIDO AL MENOS LA CUARTA PARTE DEL PLAZO ORIGINAL DE LA FINANCIACION, O 180 DIAS CORRIDOS DESDE SU OTORGAMIENTO, DE AMBOS EL MAYOR. CFT EXPRESADO EN TEA INCLUYE EL IVA Y EL IMPUESTO DE SELLOS DE LA PROVINCIA DE ENTRE RIOS. 129,16 POR CIENTO. TEA Y CFT (TEA) SIN IMPUESTO DE SELLOS DE LA PROVINCIA DE ENTRE RIOS: 124.23 POR CIENTO.
389;BANCO COLUMBIA S.A.;2026-05-13;PCD;PCD;Pesos;20000000;4000;36;41500;1;84;55,00;Beneficiarios de cuentas de la seguridad social;10,00;286,00;Fija;415,00;1462,00;Todo el territorio nacional;CORRESPONDERA APLICAR EL CARGO DE CANCELACION ANTICIPADA SOBRE EL SALDO DE DEUDA, EXCEPTO SI HUBIERE  TRANSCURRIDO AL MENOS LA CUARTA PARTE DEL PLAZO ORIGINAL DEL PRESTAMO, O 180 DIAS CORRIDOS DESDE SU OTORGAMIENTO, DE AMBOS, EL MAYOR.
389;BANCO COLUMBIA S.A.;2026-05-13;PCD;PCD;Pesos;20000000;4000;36;41500;1;84;55,00;Beneficiarios de cuentas de la seguridad social;10,00;421,00;Fija;637,00;1795,00;Todo el territorio nacional;CORRESPONDERA APLICAR EL CARGO DE CANCELACION ANTICIPADA SOBRE EL SALDO DE DEUDA, EXCEPTO SI HUBIERE  TRANSCURRIDO AL MENOS LA CUARTA PARTE DEL PLAZO ORIGINAL DEL PRESTAMO, O 180 DIAS CORRIDOS DESDE SU OTORGAMIENTO, DE AMBOS, EL MAYOR.
389;BANCO COLUMBIA S.A.;2026-05-13;PVOL;PVOL;Pesos;20000000;5000;30;59000;12;84;45,00;Personas humanas en relación de dependencia;10,00;369,00;Fija;550,00;1693,00;Todo el territorio nacional;CORRESPONDERA APLICAR EL CARGO DE CANCELACION ANTICIPADA SOBRE EL SALDO DE DEUDA, EXCEPTO SI HUBIERE  TRANSCURRIDO AL MENOS LA CUARTA PARTE DEL PLAZO ORIGINAL DEL PRESTAMO, O 180 DIAS CORRIDOS DESDE SU OTORGAMIENTO, DE AMBOS, EL MAYOR.
426;BANCO BICA S.A.;2026-01-28;7043-CLIENTES SELECCIONADOS VOLUNTARIOS;7043;Pesos;5000000;50000;60;500000;12;64;30,00;Personas humanas Monotributistas;,00;137,31;Fija;170,46;8961,00;Todo el territorio nacional;
426;BANCO BICA S.A.;2026-01-28;7014-CLIENTES TARJETAS CREDITOS SELECCIONADOS;7414;Pesos;5000000;50000;60;500000;12;79;30,00;Clientes que acrediten sueldos en la entidad;,00;127,74;Fija;152,31;8534,00;Todo el territorio nacional;
426;BANCO BICA S.A.;2026-01-28;7415 - MICROCREDITOS;7415;Pesos;5000000;50000;3;500000;12;64;30,00;Personas humanas Monotributistas;,00;138,38;Fija;146,91;13407,00;Todo el territorio nacional;
426;BANCO BICA S.A.;2026-01-28;7309- EX CAMBATIENTES 2;7309;Pesos;8000000;50000;60;300000;12;82;30,00;Empleados públicos;,00;131,13;Fija;160,97;9096,00;Todo el territorio nacional;
426;BANCO BICA S.A.;2026-01-28;7407 PASIVOS - SITUACION 3 4 Y 5;7407;Pesos;8000000;50000;36;300000;12;64;30,00;Empleados públicos;,00;146,18;Fija;177,84;10151,00;Todo el territorio nacional;
426;BANCO BICA S.A.;2026-01-28;7056- ACTIVOS-SITOS 1;7056;Pesos;8000000;50000;18;300000;12;64;30,00;Empleados públicos;,00;152,65;Fija;164,05;11865,00;Todo el territorio nacional;
426;BANCO BICA S.A.;2026-01-28;7043-CLIENTES SELECCIONADOS VOLUNTARIOS;7043;Pesos;5000000;50000;60;500000;12;64;30,00;Empleados públicos;,00;137,31;Fija;170,46;8961,00;Todo el territorio nacional;
426;BANCO BICA S.A.;2026-01-28;7339- AMCL - MINISTERIO DE SALUD;7339;Pesos;8000000;50000;60;300000;12;64;30,00;Empleados públicos;,00;151,78;Fija;182,83;9929,00;Todo el territorio nacional;
426;BANCO BICA S.A.;2026-01-28;7387- PODER JUDICIAL ACTIVOS;7387;Pesos;8000000;50000;60;300000;12;64;30,00;Empleados públicos;,00;139,31;Fija;168,36;9376,00;Todo el territorio nacional;
426;BANCO BICA S.A.;2026-01-28;7391- PODER JUDICIAL AMCL;7391;Pesos;8000000;50000;60;300000;12;64;30,00;Empleados públicos;,00;131,46;Fija;159,12;9017,00;Todo el territorio nacional;
426;BANCO BICA S.A.;2026-01-28;7019-MERCADO VOLUNTARIOS;7019;Pesos;5000000;50000;60;500000;12;79;30,00;Personas humanas Monotributistas;,00;137,31;Fija;170,46;8961,00;Todo el territorio nacional;
426;BANCO BICA S.A.;2026-01-28;7405 ACTIVOS - SITUACION 3  4 Y 5;7405;Pesos;8000000;50000;36;300000;12;64;30,00;Empleados públicos;,00;148,64;Fija;177,70;10146,00;Todo el territorio nacional;
426;BANCO BICA S.A.;2026-01-28;7395- PODER JUDICIAL ACTIVOS II;7395;Pesos;8000000;50000;60;300000;12;64;30,00;Empleados públicos;,00;161,02;Fija;193,73;10323,00;Todo el territorio nacional;
426;BANCO BICA S.A.;2026-01-28;7019-MERCADO VOLUNTARIOS;7019;Pesos;5000000;50000;60;500000;12;79;30,00;Beneficiarios de cuentas de la seguridad social;,00;137,31;Fija;170,46;8961,00;Todo el territorio nacional;
426;BANCO BICA S.A.;2026-01-28;7415 - MICROCREDITOS;7415;Pesos;5000000;50000;3;500000;12;64;30,00;Beneficiarios de cuentas de la seguridad social;,00;138,38;Fija;146,91;13407,00;Todo el territorio nacional;
426;BANCO BICA S.A.;2026-01-28;7043-CLIENTES SELECCIONADOS VOLUNTARIOS;7043;Pesos;5000000;50000;60;500000;12;64;30,00;Personas humanas en relación de dependencia;,00;137,31;Fija;170,46;8961,00;Todo el territorio nacional;
426;BANCO BICA S.A.;2026-01-28;7404 ACTIVOS - SITUACION 1 Y 2;7404;Pesos;8000000;50000;36;300000;12;64;30,00;Empleados públicos;,00;144,90;Fija;173,35;9994,00;Todo el territorio nacional;
426;BANCO BICA S.A.;2026-01-28;7014-CLIENTES TARJETAS CREDITOS SELECCIONADOS;7414;Pesos;5000000;50000;60;500000;12;79;30,00;Beneficiarios de cuentas de la seguridad social;,00;127,74;Fija;152,31;8534,00;Todo el territorio nacional;
426;BANCO BICA S.A.;2026-01-28;7080- ACTIVOS UPCN 1;7080;Pesos;8000000;50000;24;300000;12;64;30,00;Empleados públicos;,00;261,95;Fija;284,69;14173,00;Todo el territorio nacional;
426;BANCO BICA S.A.;2026-01-28;7422 PASIVOS - SITUACION 1 Y 2 DIFERIDO -;7422;Pesos;8000000;50000;36;300000;12;64;30,00;Empleados públicos;,00;152,78;Fija;163,36;10421,00;Todo el territorio nacional;
426;BANCO BICA S.A.;2026-01-28;7408 SEGURIDAD - SITUACION 1;7408;Pesos;8000000;50000;36;300000;12;64;30,00;Empleados públicos;,00;188,26;Fija;223,32;11672,00;Todo el territorio nacional;
426;BANCO BICA S.A.;2026-01-28;7421 ACTIVOS - ACTIVOS - SITUACION 3  4 Y 5 DIFERIDO-;7421;Pesos;8000000;50000;36;300000;12;64;30,00;Empleados públicos;,00;165,50;Fija;172,72;10815,00;Todo el territorio nacional;
426;BANCO BICA S.A.;2026-01-28;7388- PODER JUDICIAL PASIVOS;7388;Pesos;8000000;50000;60;300000;12;64;30,00;Empleados públicos;,00;139,31;Fija;168,36;9376,00;Todo el territorio nacional;
426;BANCO BICA S.A.;2026-01-28;7406 PASIVOS - SITUACION 1 Y 2;7406;Pesos;8000000;50000;36;300000;12;64;30,00;Empleados públicos;,00;137,95;Fija;168,10;9807,00;Todo el territorio nacional;
426;BANCO BICA S.A.;2026-01-28;7043-CLIENTES SELECCIONADOS VOLUNTARIOS;7043;Pesos;5000000;50000;60;500000;12;64;30,00;Beneficiarios de cuentas de la seguridad social;,00;137,31;Fija;170,46;8961,00;Todo el territorio nacional;
426;BANCO BICA S.A.;2026-01-28;7014-CLIENTES TARJETAS CREDITOS SELECCIONADOS;7414;Pesos;5000000;50000;60;500000;12;79;30,00;Personas humanas Monotributistas;,00;127,74;Fija;152,31;8534,00;Todo el territorio nacional;
426;BANCO BICA S.A.;2026-01-28;7014-CLIENTES TARJETAS CREDITOS SELECCIONADOS;7414;Pesos;5000000;50000;60;500000;12;79;30,00;Clientes con cuenta en la entidad;,00;127,74;Fija;152,31;8534,00;Todo el territorio nacional;
426;BANCO BICA S.A.;2026-01-28;7019-MERCADO VOLUNTARIOS;7019;Pesos;5000000;50000;60;500000;12;79;30,00;Personas humanas Responsables Inscriptos;,00;137,31;Fija;170,46;8961,00;Todo el territorio nacional;
426;BANCO BICA S.A.;2026-01-28;7043-CLIENTES SELECCIONADOS VOLUNTARIOS;7043;Pesos;5000000;50000;60;500000;12;64;30,00;Clientes con cuenta en la entidad;,00;137,31;Fija;170,46;8961,00;Todo el territorio nacional;
426;BANCO BICA S.A.;2026-01-28;7415 - MICROCREDITOS;7415;Pesos;5000000;50000;3;500000;12;64;30,00;Clientes que acrediten sueldos en la entidad;,00;138,38;Fija;146,91;13407,00;Todo el territorio nacional;
426;BANCO BICA S.A.;2026-01-28;7323- AMCL - MINISTERIO DE SEGURIDAD;7323;Pesos;4000000;50000;60;300000;12;64;30,00;Empleados públicos;,00;177,76;Fija;212,99;11009,00;Todo el territorio nacional;
426;BANCO BICA S.A.;2026-01-28;7019-MERCADO VOLUNTARIOS;7019;Pesos;5000000;50000;60;500000;12;79;30,00;Clientes que acrediten sueldos en la entidad;,00;137,31;Fija;170,46;8961,00;Todo el territorio nacional;
426;BANCO BICA S.A.;2026-01-28;7433-CUAD 7433 AMCL 2 - DIF - 2;7433;Pesos;8000000;50000;60;300000;12;64;30,00;Empleados públicos;,00;133,07;Fija;144,98;9091,00;Todo el territorio nacional;
426;BANCO BICA S.A.;2026-01-28;7428- ACTIVOS- MUTUAL AMCL 2 DIFERIDO;7428;Pesos;8000000;50000;60;300000;12;64;30,00;Empleados públicos;,00;144,18;Fija;155,85;9595,00;Todo el territorio nacional;
426;BANCO BICA S.A.;2026-01-28;7415 - MICROCREDITOS;7415;Pesos;5000000;50000;3;500000;12;64;30,00;Personas humanas en relación de dependencia;,00;138,38;Fija;146,91;13407,00;Todo el territorio nacional;
426;BANCO BICA S.A.;2026-01-28;7427- AMCL - MINISTERIO DE SEGURIDAD DIFERIDO;7427;Pesos;8000000;50000;60;300000;12;64;30,00;Empleados públicos;,00;200,00;Fija;208,00;11867,00;Todo el territorio nacional;
426;BANCO BICA S.A.;2026-01-28;7438- PODER JUDICIAL ACTIVOS III;7438;Pesos;8000000;50000;60;300000;12;64;30,00;Empleados públicos;,00;188,88;Fija;222,30;11328,00;Todo el territorio nacional;
426;BANCO BICA S.A.;2026-01-28;7019-MERCADO VOLUNTARIOS;7019;Pesos;5000000;50000;60;500000;12;79;30,00;Personas humanas en relación de dependencia;,00;137,31;Fija;170,46;8961,00;Todo el territorio nacional;
426;BANCO BICA S.A.;2026-01-28;7352- AMCL - MINISTERIO DE EDUCACION;7352;Pesos;8000000;50000;60;300000;12;64;30,00;Empleados públicos;,00;131,46;Fija;158,96;9017,00;Todo el territorio nacional;
426;BANCO BICA S.A.;2026-01-28;7043-CLIENTES SELECCIONADOS VOLUNTARIOS;7043;Pesos;5000000;50000;60;500000;12;64;30,00;Clientes que acrediten sueldos en la entidad;,00;137,31;Fija;170,46;8961,00;Todo el territorio nacional;
426;BANCO BICA S.A.;2026-01-28;7019-MERCADO VOLUNTARIOS;7019;Pesos;5000000;50000;60;500000;12;79;30,00;Empleados públicos;,00;137,31;Fija;170,46;8961,00;Todo el territorio nacional;
426;BANCO BICA S.A.;2026-01-28;7308- ACTIVOS- MUTUAL ACML 2;7308;Pesos;8000000;50000;60;300000;12;82;30,00;Empleados públicos;,00;131,36;Fija;158,84;9012,00;Todo el territorio nacional;
426;BANCO BICA S.A.;2026-01-28;7424 SEGURIDAD - SITUACION 1 DIFERIDO;7424;Pesos;8000000;50000;36;300000;12;64;30,00;Empleados públicos;,00;213,40;Fija;216,28;12561,00;Todo el territorio nacional;
426;BANCO BICA S.A.;2026-01-28;7420 ACTIVOS -  SITUACION 1 Y 2 DIFERIDO-;7420;Pesos;8000000;50000;36;300000;12;64;30,00;Empleados públicos;,00;161,06;Fija;168,61;10642,00;Todo el territorio nacional;
426;BANCO BICA S.A.;2026-01-28;7419 - SIDECREER;7419;Pesos;5000000;50000;48;500000;12;64;30,00;Empleados públicos;,00;216,92;Fija;234,75;12207,00;Todo el territorio nacional;
426;BANCO BICA S.A.;2026-01-28;7415 - MICROCREDITOS;7415;Pesos;5000000;50000;3;500000;12;64;30,00;Clientes con cuenta en la entidad;,00;138,38;Fija;146,91;13407,00;Todo el territorio nacional;
426;BANCO BICA S.A.;2026-01-28;7019-MERCADO VOLUNTARIOS;7019;Pesos;5000000;50000;60;500000;12;79;30,00;Clientes con cuenta en la entidad;,00;137,31;Fija;170,46;8961,00;Todo el territorio nacional;
426;BANCO BICA S.A.;2026-01-28;7431- AMCL - MINISTERIO DE EDUCACION DIFERIDO;7431;Pesos;8000000;50000;60;300000;12;64;30,00;Empleados públicos;,00;144,29;Fija;155,96;9600,00;Todo el territorio nacional;
426;BANCO BICA S.A.;2026-01-28;7430- AMCL - MINISTERIO DE SALUD DIFERIDO;7430;Pesos;8000000;50000;60;300000;12;64;30,00;Empleados públicos;,00;168,44;Fija;179,07;10632,00;Todo el territorio nacional;
426;BANCO BICA S.A.;2026-01-28;7043-CLIENTES SELECCIONADOS VOLUNTARIOS;7043;Pesos;5000000;50000;60;500000;12;64;30,00;Personas humanas Responsables Inscriptos;,00;137,31;Fija;170,46;8961,00;Todo el territorio nacional;
426;BANCO BICA S.A.;2026-01-28;7415 - MICROCREDITOS;7415;Pesos;5000000;50000;3;500000;12;64;30,00;Personas humanas Responsables Inscriptos;,00;138,38;Fija;146,91;13407,00;Todo el territorio nacional;
426;BANCO BICA S.A.;2026-01-28;7014-CLIENTES TARJETAS CREDITOS SELECCIONADOS;7414;Pesos;5000000;50000;60;500000;12;79;30,00;Personas humanas Responsables Inscriptos;,00;127,74;Fija;152,31;8534,00;Todo el territorio nacional;
426;BANCO BICA S.A.;2026-01-28;7342- ACTIVOS UPCN NUEVA;7342;Pesos;8000000;50000;18;300000;12;64;30,00;Empleados públicos;,00;84,42;Fija;126,70;1397,00;Todo el territorio nacional;
426;BANCO BICA S.A.;2026-01-28;7317-CLIENTES SELECCIONADOS DE IAPSER-IAPV-SA SS FUNEBRES;7317;Pesos;8000000;50000;60;300000;12;79;30,00;Clientes que acrediten sueldos en la entidad;,00;113,03;Fija;139,54;7849,00;Todo el territorio nacional;
426;BANCO BICA S.A.;2026-01-28;7018-PLAN SUELDO;7018;Pesos;8000000;50000;60;300000;12;79;30,00;Clientes que acrediten sueldos en la entidad;,00;123,76;Fija;153,18;8351,00;Todo el territorio nacional;
426;BANCO BICA S.A.;2026-01-28;7042-LINEA SUELDOS CLIENTES SELECCIONADOS;7042;Pesos;8000000;50000;60;300000;12;79;30,00;Clientes que acrediten sueldos en la entidad;,00;123,76;Fija;153,18;8351,00;Todo el territorio nacional;
426;BANCO BICA S.A.;2026-01-28;7415 - MICROCREDITOS;7415;Pesos;5000000;50000;3;500000;12;64;30,00;Empleados públicos;,00;138,38;Fija;146,91;13407,00;Todo el territorio nacional;
426;BANCO BICA S.A.;2026-01-28;7014-CLIENTES TARJETAS CREDITOS SELECCIONADOS;7414;Pesos;5000000;50000;60;500000;12;79;30,00;Personas humanas en relación de dependencia;,00;127,74;Fija;152,31;8534,00;Todo el territorio nacional;
426;BANCO BICA S.A.;2026-01-28;7434-CTRO. EX COMB PASIVOS - SANCOR 2 - DIF 2;7434;Pesos;8000000;50000;60;300000;12;64;30,00;Empleados públicos;,00;132,75;Fija;162,93;9172,00;Todo el territorio nacional;
426;BANCO BICA S.A.;2026-01-28;7014-CLIENTES TARJETAS CREDITOS SELECCIONADOS;7414;Pesos;5000000;50000;60;500000;12;79;30,00;Empleados públicos;,00;127,74;Fija;152,31;8534,00;Todo el territorio nacional;
426;BANCO BICA S.A.;2026-01-28;7066- ACTIVOS SITOS II;7066;Pesos;8000000;50000;36;300000;12;64;30,00;Empleados públicos;,00;141,42;Fija;160,79;9505,00;Todo el territorio nacional;
426;BANCO BICA S.A.;2026-01-28;7429- EX COMBATIENTES 2 DIFERIDO;7429;Pesos;8000000;50000;60;300000;12;64;30,00;Empleados públicos;,00;143,85;Fija;155,53;9580,00;Todo el territorio nacional;
426;BANCO BICA S.A.;2026-01-28;7423 PASIVOS - SITUACION 3 4 Y 5 DIFERIDO -;7423;Pesos;8000000;50000;36;300000;12;64;30,00;Empleados públicos;,00;162,51;Fija;172,67;10811,00;Todo el territorio nacional;
431;BANCO COINAG S.A.;2026-04-30;PRESTAMOS PERSONALES ESMERALDA;PERSONALES ESMERALDA;Pesos;2500000;8000;48;8000;12;74;30,00;Clientes con cuenta en la entidad;3,00;63,23;Fija;81,75;1163,00;Todo el territorio nacional;CANCELACION ANTICIPADA CUANDO SE REALICE DENTRO DE 180 DIAS CORRIDOS  DE SU OTORGAMIENTO O DENTRO DE LA PRIMER CUARTA PARTE DEL PLAZO
431;BANCO COINAG S.A.;2026-04-30;PRESTAMOS PERSONALES PLAN SUELDO;PERSONALES PLAN SUELDO;Pesos;2500000;8000;48;8000;12;74;30,00;Clientes que acrediten sueldos en la entidad;3,00;55,56;Fija;71,54;1129,00;Todo el territorio nacional;CANCELACION ANTICIPADA CUANDO SE REALICE DENTRO DE 180 DIAS CORRIDOS  DE SU OTORGAMIENTO O DENTRO DE LA PRIMER CUARTA PARTE DEL PLAZO
431;BANCO COINAG S.A.;2026-04-30;PRESTAMOS PERSONALES SOSTENIBLES;PERSONALES SOSTENIBLES;Pesos;2500000;8000;48;8000;12;74;30,00;Clientes que acrediten sueldos en la entidad;3,00;55,56;Fija;71,02;718,00;Todo el territorio nacional;CANCELACION ANTICIPADA CUANDO SE REALICE DENTRO DE 180 DIAS CORRIDOS  DE SU OTORGAMIENTO O DENTRO DE LA PRIMER CUARTA PARTE DEL PLAZO
431;BANCO COINAG S.A.;2026-04-30;PRESTAMOS PERSONALES SOSTENIBLES;PERSONALES SOSTENIBLES;Pesos;2500000;8000;48;8000;12;74;30,00;Personas humanas Responsables Inscriptos;3,00;48,23;Fija;61,37;682,00;Todo el territorio nacional;CANCELACION ANTICIPADA CUANDO SE REALICE DENTRO DE 180 DIAS CORRIDOS  DE SU OTORGAMIENTO O DENTRO DE LA PRIMER CUARTA PARTE DEL PLAZO
431;BANCO COINAG S.A.;2026-04-30;PRESTAMOS PERSONALES;PERSONALES;Pesos;2500000;8000;36;8000;12;74;30,00;Personas humanas Responsables Inscriptos;3,00;71,25;Fija;92,51;1198,00;Todo el territorio nacional;CANCELACION ANTICIPADA CUANDO SE REALICE DENTRO DE 180 DIAS CORRIDOS  DE SU OTORGAMIENTO O DENTRO DE LA PRIMER CUARTA PARTE DEL PLAZO
431;BANCO COINAG S.A.;2026-04-30;PRESTAMOS PERSONALES;PERSONALES;Pesos;2500000;8000;36;8000;12;74;30,00;Clientes con cuenta en la entidad;3,00;71,25;Fija;92,51;1198,00;Todo el territorio nacional;CANCELACION ANTICIPADA CUANDO SE REALICE DENTRO DE 180 DIAS CORRIDOS  DE SU OTORGAMIENTO O DENTRO DE LA PRIMER CUARTA PARTE DEL PLAZO
431;BANCO COINAG S.A.;2026-04-30;PRESTAMOS PERSONALES;PERSONALES;Pesos;2500000;8000;36;8000;12;74;30,00;Personas humanas en relación de dependencia;3,00;71,25;Fija;92,51;1198,00;Todo el territorio nacional;CANCELACION ANTICIPADA CUANDO SE REALICE DENTRO DE 180 DIAS CORRIDOS  DE SU OTORGAMIENTO O DENTRO DE LA PRIMER CUARTA PARTE DEL PLAZO
431;BANCO COINAG S.A.;2026-04-30;PRESTAMOS PERSONALES SOSTENIBLES;PERSONALES SOSTENIBLES;Pesos;2500000;8000;48;8000;12;74;30,00;Personas humanas Monotributistas;3,00;48,23;Fija;61,37;682,00;Todo el territorio nacional;CANCELACION ANTICIPADA CUANDO SE REALICE DENTRO DE 180 DIAS CORRIDOS  DE SU OTORGAMIENTO O DENTRO DE LA PRIMER CUARTA PARTE DEL PLAZO
431;BANCO COINAG S.A.;2026-04-30;PRESTAMOS PERSONALES;PERSONALES;Pesos;2500000;8000;36;8000;12;74;30,00;Personas humanas Monotributistas;3,00;71,25;Fija;92,51;1198,00;Todo el territorio nacional;CANCELACION ANTICIPADA CUANDO SE REALICE DENTRO DE 180 DIAS CORRIDOS  DE SU OTORGAMIENTO O DENTRO DE LA PRIMER CUARTA PARTE DEL PLAZO
431;BANCO COINAG S.A.;2026-04-30;PRESTAMOS PERSONALES CLIENTES PREMIUM;PRESTAMOS PREMIUM;Pesos;2500000;8000;48;8000;12;74;30,00;Clientes con cuenta en la entidad;3,00;34,50;Fija;43,98;1027,00;Todo el territorio nacional;CANCELACION ANTICIPADA CUANDO SE REALICE DENTRO DE 180 DIAS CORRIDOS  DE SU OTORGAMIENTO O DENTRO DE LA PRIMER CUARTA PARTE DEL PLAZO
431;BANCO COINAG S.A.;2026-04-30;PRESTAMOS PERSONALES DIAMANTE;PERSONALES DIAMANTE;Pesos;2500000;8000;48;8000;12;74;30,00;Clientes con cuenta en la entidad;3,00;55,56;Fija;71,54;1129,00;Todo el territorio nacional;CANCELACION ANTICIPADA CUANDO SE REALICE DENTRO DE 180 DIAS CORRIDOS  DE SU OTORGAMIENTO O DENTRO DE LA PRIMER CUARTA PARTE DEL PLAZO
431;BANCO COINAG S.A.;2026-04-30;PRESTAMOS PERSONALES SOSTENIBLES;PERSONALES SOSTENIBLES;Pesos;2500000;8000;48;8000;12;74;30,00;Personas humanas en relación de dependencia;3,00;48,23;Fija;61,37;682,00;Todo el territorio nacional;CANCELACION ANTICIPADA CUANDO SE REALICE DENTRO DE 180 DIAS CORRIDOS  DE SU OTORGAMIENTO O DENTRO DE LA PRIMER CUARTA PARTE DEL PLAZO
431;BANCO COINAG S.A.;2026-04-30;PRESTAMOS PERSONALES SOSTENIBLES;PERSONALES SOSTENIBLES;Pesos;2500000;8000;48;8000;12;74;30,00;Clientes con cuenta en la entidad;3,00;48,23;Fija;61,37;682,00;Todo el territorio nacional;CANCELACION ANTICIPADA CUANDO SE REALICE DENTRO DE 180 DIAS CORRIDOS  DE SU OTORGAMIENTO O DENTRO DE LA PRIMER CUARTA PARTE DEL PLAZO
432;BANCO DE COMERCIO S.A.;2026-06-12;PRESTAMOS PERSONALES;PP;Pesos;30000;1;24;1500;12;70;30,00;Personas humanas en relación de dependencia;,00;125,45;Fija;187,87;,00;Todo el territorio nacional;
432;BANCO DE COMERCIO S.A.;2026-06-12;PRESTAMOS PERSONALES;PP;Pesos;30000;1;24;1500;12;70;30,00;Clientes con cuenta en la entidad;,00;125,45;Fija;187,87;,00;Todo el territorio nacional;
432;BANCO DE COMERCIO S.A.;2026-06-12;PRESTAMOS PERSONALES;PP;Pesos;30000;1;24;1500;12;70;30,00;Personas humanas Responsables Inscriptos;,00;125,45;Fija;187,87;,00;Todo el territorio nacional;
432;BANCO DE COMERCIO S.A.;2026-06-12;PRESTAMOS PERSONALES;PP;Pesos;30000;1;24;1500;12;70;30,00;Empleados públicos;,00;125,45;Fija;187,87;,00;Todo el territorio nacional;
432;BANCO DE COMERCIO S.A.;2026-06-12;PRESTAMOS PERSONALES;PP;Pesos;30000;1;24;1500;12;70;30,00;Personas humanas Monotributistas;,00;125,45;Fija;187,87;,00;Todo el territorio nacional;
435;BANCO SUCREDITO REGIONAL S.A.U.;2026-06-30;PERSONA JURIDICA - ADELANTO EN CUENTA CORRIENTE CON ACUERDO;PER. JUR. ADELANTO CC C/A;Pesos;0;10000;0;0;0;100;,00;Todos los beneficiarios;,00;95,65;Fija;115,73;,00;Provincia de Tucumán;
435;BANCO SUCREDITO REGIONAL S.A.U.;2026-06-30;PERSONAS JURIDICAS - DESCUENTO DE CHEQUES;PER.JUR. DCTO. DE CHEQUE;Pesos;0;10000;12;0;0;100;,00;Todos los beneficiarios;,00;83,07;Fija;83,07;,00;Provincia de Tucumán;
435;BANCO SUCREDITO REGIONAL S.A.U.;2026-06-30;PERSONA JURIDICA PRESTAMO AMORTIZABLE;PER. JUR. - PREST. AMORT.;Pesos;0;10000;24;0;0;100;,00;Todos los beneficiarios;,00;112,98;Fija;136,70;,00;Provincia de Tucumán;
435;BANCO SUCREDITO REGIONAL S.A.U.;2026-06-30;PERSONA JURIDICA - ADELANTO EN CUENTA CORRIENTE SIN ACUERDO;PER. JUR. ADELANTO CC S/A;Pesos;0;10000;0;0;0;100;,00;Todos los beneficiarios;,00;240,79;Fija;291,35;,00;Provincia de Tucumán;
435;BANCO SUCREDITO REGIONAL S.A.U.;2026-06-30;PRESTAMO AMORTIZABLE.;PRESTAMO AMORTIZABLE;Pesos;50000000;10000;12;0;0;100;,00;Todos los beneficiarios;,00;211,22;Fija;255,58;,00;Provincia de Tucumán;
435;BANCO SUCREDITO REGIONAL S.A.U.;2026-06-30;PERSONA JURIDICA PRESTAMO AMORTIZABLE;PER. JUR. - PREST. AMORT.;Pesos;0;10000;12;0;0;100;,00;Todos los beneficiarios;,00;107,05;Fija;129,53;,00;Provincia de Tucumán;
448;BANCO DINO S.A.;2025-12-03;PRESTAMO PERSONAL MERCADO ABIERTO;PRESTAMO MERCADO ABIERTO;Pesos;2000000;1000;18;800000;12;75;30,00;Personas humanas en relación de dependencia;3,00;157,84;Fija;211,75;1244,00;Provincia de Córdoba;
44077;COMPAÑIA FINANCIERA ARGENTINA S.A.;2025-11-07;DESCUENTO DE HABERES;CONVENIOS;Pesos;9000000;60000;60;0;0;84;,00;Empleados públicos;10,00;272,91;Fija;383,25;1382,00;Todo el territorio nacional;
44077;COMPAÑIA FINANCIERA ARGENTINA S.A.;2025-11-07;DESCUENTO DE HABERES;CONVENIOS;Pesos;9000000;60000;60;0;0;84;,00;Personas humanas en relación de dependencia;10,00;272,91;Fija;383,25;1382,00;Todo el territorio nacional;
44077;COMPAÑIA FINANCIERA ARGENTINA S.A.;2025-11-07;PRESTAMOS EN EFECTIVO;EFECTIVO;Pesos;0;0;0;0;0;84;,00;Personas humanas Monotributistas;10,00;,00;Fija;,00;,00;Todo el territorio nacional;
44077;COMPAÑIA FINANCIERA ARGENTINA S.A.;2025-11-07;PRESTAMOS EN EFECTIVO;EFECTIVO;Pesos;0;0;0;0;0;84;,00;Empleados públicos;10,00;,00;Fija;,00;,00;Todo el territorio nacional;
44077;COMPAÑIA FINANCIERA ARGENTINA S.A.;2025-11-07;PRESTAMOS EN EFECTIVO;EFECTIVO;Pesos;0;0;0;0;0;84;,00;Personas humanas Responsables Inscriptos;10,00;,00;Fija;,00;,00;Todo el territorio nacional;
44077;COMPAÑIA FINANCIERA ARGENTINA S.A.;2025-11-07;PRESTAMOS ANSES;ANSES;Pesos;9500000;4000;60;500;0;85;50,00;Beneficiarios de cuentas de la seguridad social;10,00;291,74;Fija;412,27;2645,00;Todo el territorio nacional;
44077;COMPAÑIA FINANCIERA ARGENTINA S.A.;2025-11-07;PRESTAMOS DE CONSUMO;CONSUMO;Pesos;0;0;0;0;0;84;,00;Personas humanas Monotributistas;10,00;,00;Fija;,00;,00;Todo el territorio nacional;
44077;COMPAÑIA FINANCIERA ARGENTINA S.A.;2025-11-07;ANTICIPO RECURRENTE;ANTICIPO RECURRENTE;Pesos;400000;5000;1;0;0;96;,00;Beneficiarios de cuentas de la seguridad social;10,00;198,70;Fija;271,39;11138,00;Todo el territorio nacional;
44077;COMPAÑIA FINANCIERA ARGENTINA S.A.;2025-11-07;PRESTAMOS DE CONSUMO;CONSUMO;Pesos;0;0;0;0;0;84;,00;Personas humanas en relación de dependencia;10,00;,00;Fija;,00;,00;Todo el territorio nacional;
44077;COMPAÑIA FINANCIERA ARGENTINA S.A.;2025-11-07;PRESTAMOS EN EFECTIVO;EFECTIVO;Pesos;0;0;0;0;0;84;,00;Personas humanas en relación de dependencia;10,00;,00;Fija;,00;,00;Todo el territorio nacional;
44077;COMPAÑIA FINANCIERA ARGENTINA S.A.;2025-11-07;PRESTAMOS DE CONSUMO;CONSUMO;Pesos;0;0;0;0;0;84;,00;Empleados públicos;10,00;,00;Fija;,00;,00;Todo el territorio nacional;
44093;GPAT COMPAÑIA FINANCIERA S.A.U.;2026-06-16;PRESTAMOS PERSONALES GPAT PLAN DE AHORRO;GPAT PLAN DE AHORRO;Pesos;2206800;551700;36;0;12;70;30,00;Beneficiarios de cuentas de la seguridad social;5,00;199,87;Fija;266,73;118177,00;Todo el territorio nacional;PLAN VALIDO EN TODO EL TERRITORIO NACIONAL, EXCEPTO TIERRA DEL FUEGO . EL COSTO FINANCIERO EFECTIVO TOTAL MAXIMO CORRESPONDE A UN PRESTAMO POR 335281,20 A 12 MESES E INCLUYE IVA  HAY MONTO MINIMO OTORGABLE PARA PERSONALES EN 1 SMVM INGRESO MINIMO MENSUAL SOLICITADO 2 SALARIOS MINIMO VITAL MOVIL
44093;GPAT COMPAÑIA FINANCIERA S.A.U.;2026-06-16;PRESTAMOS PERSONALES GPAT PLAN DE AHORRO;GPAT PLAN DE AHORRO;Pesos;2206800;551700;36;0;12;70;30,00;Empleados públicos;5,00;199,87;Fija;266,73;118177,00;Todo el territorio nacional;PLAN VALIDO EN TODO EL TERRITORIO NACIONAL, EXCEPTO TIERRA DEL FUEGO . EL COSTO FINANCIERO EFECTIVO TOTAL MAXIMO CORRESPONDE A UN PRESTAMO POR 335281,20 A 12 MESES E INCLUYE IVA  HAY MONTO MINIMO OTORGABLE PARA PERSONALES EN 1 SMVM INGRESO MINIMO MENSUAL SOLICITADO 2 SALARIOS MINIMO VITAL MOVIL
44093;GPAT COMPAÑIA FINANCIERA S.A.U.;2026-06-16;PRESTAMOS PERSONALES GPAT PLAN DE AHORRO;GPAT PLAN DE AHORRO;Pesos;2206800;551700;36;0;12;70;30,00;Personas humanas Monotributistas;5,00;199,87;Fija;266,73;118177,00;Todo el territorio nacional;PLAN VALIDO EN TODO EL TERRITORIO NACIONAL, EXCEPTO TIERRA DEL FUEGO . EL COSTO FINANCIERO EFECTIVO TOTAL MAXIMO CORRESPONDE A UN PRESTAMO POR 335281,20 A 12 MESES E INCLUYE IVA  HAY MONTO MINIMO OTORGABLE PARA PERSONALES EN 1 SMVM INGRESO MINIMO MENSUAL SOLICITADO 2 SALARIOS MINIMO VITAL MOVIL
44093;GPAT COMPAÑIA FINANCIERA S.A.U.;2026-06-16;PRESTAMOS PERSONALES GPAT PLAN DE AHORRO;GPAT PLAN DE AHORRO;Pesos;2206800;551700;36;0;12;70;30,00;Personas humanas en relación de dependencia;5,00;199,87;Fija;266,73;118177,00;Todo el territorio nacional;PLAN VALIDO EN TODO EL TERRITORIO NACIONAL, EXCEPTO TIERRA DEL FUEGO . EL COSTO FINANCIERO EFECTIVO TOTAL MAXIMO CORRESPONDE A UN PRESTAMO POR 335281,20 A 12 MESES E INCLUYE IVA  HAY MONTO MINIMO OTORGABLE PARA PERSONALES EN 1 SMVM INGRESO MINIMO MENSUAL SOLICITADO 2 SALARIOS MINIMO VITAL MOVIL
44093;GPAT COMPAÑIA FINANCIERA S.A.U.;2026-06-16;PRESTAMOS PERSONALES GPAT PLAN DE AHORRO;GPAT PLAN DE AHORRO;Pesos;2206800;551700;36;0;12;70;30,00;Personas humanas Responsables Inscriptos;5,00;199,87;Fija;266,73;118177,00;Todo el territorio nacional;PLAN VALIDO EN TODO EL TERRITORIO NACIONAL, EXCEPTO TIERRA DEL FUEGO . EL COSTO FINANCIERO EFECTIVO TOTAL MAXIMO CORRESPONDE A UN PRESTAMO POR 335281,20 A 12 MESES E INCLUYE IVA  HAY MONTO MINIMO OTORGABLE PARA PERSONALES EN 1 SMVM INGRESO MINIMO MENSUAL SOLICITADO 2 SALARIOS MINIMO VITAL MOVIL
44095;ROMBO COMPAÑÍA FINANCIERA S.A.;2026-06-11;N USADO PRES PERS 12PV JUN26;N USADO PRES PERS 12PV JU;Pesos;500000;600000;12;0;1;77;25,00;Todos los beneficiarios;6,00;79,41;Fija;72,88;1253,00;Todo el territorio nacional;EXCLUSIVO PARA USADOS, INCLUYE SEGURO DE AUTO. LA TEA NO INCLUYE EL VALOR DEL IVA
44095;ROMBO COMPAÑÍA FINANCIERA S.A.;2026-06-11;N 0KM PRES PERS 12 PV JUN26;N 0KM PRES PERS 12 PV JUN;Pesos;500000;600000;12;0;1;77;25,00;Todos los beneficiarios;6,00;79,41;Fija;72,88;1253,00;Todo el territorio nacional;EXCLUSIVO PARA 0KM, NO INCLUYE SEGURO DE AUTO. LA TEA NO INCLUYE EL VALOR DEL IVA
45030;NARANJA DIGITAL COMPAÑÍA FINANCIERA S.A.U.;2026-01-22;PRESTAMOS PERSONALES NARANJA DIGITAL;PRESTAMOS PERSONALES;Pesos;14000000;10000;48;0;0;80;;Clientes con cuenta en la entidad;,00;307,35;Fija;436,38;69714,00;Todo el territorio nacional;LA CUOTA INICIAL INFORMADA CORRESPONDE A UN PRESTAMO DE 48 CUOTAS TOMADO EL DIA 10 DEL MES, CON VENCIMIENTO EL DIA 10 DEL MES SIGUIENTE.
45056;MONTEMAR COMPAÑIA FINANCIERA S.A.;2026-05-05;DD - PAQ. CUENTA MTM ORO CGTE;DD - PAQ.CTA MTM ORO CGTE;Pesos;20500000;45000;12;22000;12;75;45,00;Personas humanas en relación de dependencia;8,40;125,22;Fija;165,29;1646,00;Provincia de Córdoba;
45056;MONTEMAR COMPAÑIA FINANCIERA S.A.;2026-05-05;DD - PAQ. CUENTA MTM SGTE;DD - PAQ. CTA. MTM SGTE;Pesos;2050000;1000;12;0;12;75;45,00;Clientes con cuenta en la entidad;8,40;151,82;Fija;203,06;1748,00;Provincia del Neuquén;
45056;MONTEMAR COMPAÑIA FINANCIERA S.A.;2026-05-05;DD - PAQ. CUENTA MTM ORO CGTE;DD - PAQ.CTA MTM ORO CGTE;Pesos;20500000;45000;36;22000;12;75;45,00;Personas humanas en relación de dependencia;8,40;101,22;Fija;131,87;1298,00;Provincia de Córdoba;
45056;MONTEMAR COMPAÑIA FINANCIERA S.A.;2026-05-05;DD - PAQ. CUENTA MTM PROMOCIONAL  CGTE;DD-PAQ.CTA MTM PROM CGTE;Pesos;20500000;45000;12;35000;12;75;45,00;Personas humanas Responsables Inscriptos;8,40;112,91;Fija;148,07;1596,00;Provincia del Neuquén;
45056;MONTEMAR COMPAÑIA FINANCIERA S.A.;2026-05-05;DD - PAQ. CUENTA MTM PROMOCIONAL  SGTE;DD-PAQ.CTA MTM PROM SGTE;Pesos;15400000;45000;12;35000;12;75;45,00;Clientes con cuenta en la entidad;8,40;112,91;Fija;148,07;1596,00;Provincia de Córdoba;
45056;MONTEMAR COMPAÑIA FINANCIERA S.A.;2026-05-05;DD - PAQ. CUENTA MTM SGTE;DD - PAQ. CTA. MTM SGTE;Pesos;2050000;1000;36;0;12;75;45,00;Clientes con cuenta en la entidad;8,40;125,22;Fija;165,29;1471,00;Provincia del Neuquén;
45056;MONTEMAR COMPAÑIA FINANCIERA S.A.;2026-05-05;DD - PAQ. CUENTA MTM ORO SGTE;DD - PAQ.CTA MTM ORO SGTE;Pesos;15400000;45000;36;22000;12;75;45,00;Personas humanas Monotributistas;8,40;101,22;Fija;131,87;1298,00;Provincia de Córdoba;
45056;MONTEMAR COMPAÑIA FINANCIERA S.A.;2026-05-05;DD - PAQ. CUENTA MTM ORO CGTE;DD - PAQ.CTA MTM ORO CGTE;Pesos;20500000;45000;36;22000;12;75;45,00;Personas humanas Responsables Inscriptos;8,40;101,22;Fija;131,87;1298,00;Provincia del Neuquén;
45056;MONTEMAR COMPAÑIA FINANCIERA S.A.;2026-05-05;DD - PAQ. CUENTA MTM PROMOCIONAL  SGTE;DD-PAQ.CTA MTM PROM SGTE;Pesos;15400000;45000;36;35000;12;75;45,00;Empleados públicos;8,40;90,12;Fija;116,66;1214,00;Provincia de Córdoba;
45056;MONTEMAR COMPAÑIA FINANCIERA S.A.;2026-05-05;DD - PAQ. CUENTA MTM PROMOCIONAL  SGTE;DD-PAQ.CTA MTM PROM SGTE;Pesos;15400000;45000;36;35000;12;75;45,00;Clientes que acrediten sueldos en la entidad;8,40;90,12;Fija;116,66;1214,00;Provincia del Neuquén;
45056;MONTEMAR COMPAÑIA FINANCIERA S.A.;2026-05-05;DD - PAQ. CUENTA MTM ORO CGTE;DD - PAQ.CTA MTM ORO CGTE;Pesos;20500000;45000;12;22000;12;75;45,00;Clientes con cuenta en la entidad;8,40;125,22;Fija;165,29;1646,00;Provincia de Córdoba;
45056;MONTEMAR COMPAÑIA FINANCIERA S.A.;2026-05-05;DD - PAQ. CUENTA MTM SGTE;DD - PAQ. CTA. MTM SGTE;Pesos;2050000;1000;36;0;12;75;45,00;Personas humanas Monotributistas;8,40;125,22;Fija;165,29;1471,00;Provincia del Neuquén;
45056;MONTEMAR COMPAÑIA FINANCIERA S.A.;2026-05-05;DD - PAQ. CUENTA MTM ORO SGTE;DD - PAQ.CTA MTM ORO SGTE;Pesos;15400000;45000;36;22000;12;75;45,00;Clientes con cuenta en la entidad;8,40;101,22;Fija;131,87;1298,00;Provincia de Córdoba;
45056;MONTEMAR COMPAÑIA FINANCIERA S.A.;2026-05-05;DD - PAQ. CUENTA MTM ORO CGTE;DD - PAQ.CTA MTM ORO CGTE;Pesos;20500000;45000;36;22000;12;75;45,00;Personas humanas en relación de dependencia;8,40;101,22;Fija;131,87;1298,00;Provincia de Mendoza;
45056;MONTEMAR COMPAÑIA FINANCIERA S.A.;2026-05-05;DD - PAQ. CUENTA MTM ORO CGTE;DD - PAQ.CTA MTM ORO CGTE;Pesos;20500000;45000;12;22000;12;75;45,00;Personas humanas Monotributistas;8,40;125,22;Fija;165,29;1646,00;Provincia de Córdoba;
45056;MONTEMAR COMPAÑIA FINANCIERA S.A.;2026-05-05;DD - PAQ. CUENTA MTM ORO SGTE;DD - PAQ.CTA MTM ORO SGTE;Pesos;15400000;45000;36;22000;12;75;45,00;Empleados públicos;8,40;101,22;Fija;131,87;1298,00;Provincia del Neuquén;
45056;MONTEMAR COMPAÑIA FINANCIERA S.A.;2026-05-05;DD - PAQ. CUENTA MTM ORO SGTE;DD - PAQ.CTA MTM ORO SGTE;Pesos;15400000;45000;36;22000;12;75;45,00;Personas humanas en relación de dependencia;8,40;101,22;Fija;131,87;1298,00;Provincia de Córdoba;
45056;MONTEMAR COMPAÑIA FINANCIERA S.A.;2026-05-05;DD - PAQ. CUENTA MTM CGTE;DD - PAQ. CTA. MTM CGTE;Pesos;2050000;1000;12;0;12;75;45,00;Personas humanas Responsables Inscriptos;8,40;151,82;Fija;203,06;1748,00;Provincia del Neuquén;
45056;MONTEMAR COMPAÑIA FINANCIERA S.A.;2026-05-05;DD - PAQ. CUENTA MTM PROMOCIONAL  SGTE;DD-PAQ.CTA MTM PROM SGTE;Pesos;15400000;45000;36;35000;12;75;45,00;Clientes con cuenta en la entidad;8,40;90,12;Fija;116,66;1214,00;Provincia de Córdoba;
45056;MONTEMAR COMPAÑIA FINANCIERA S.A.;2026-05-05;DD - PAQ. CUENTA MTM CGTE;DD - PAQ. CTA. MTM CGTE;Pesos;2050000;1000;12;0;12;75;45,00;Clientes con cuenta en la entidad;8,40;151,82;Fija;203,06;1748,00;Provincia del Neuquén;
45056;MONTEMAR COMPAÑIA FINANCIERA S.A.;2026-05-05;DD - PAQ. CUENTA MTM SGTE;DD - PAQ. CTA. MTM SGTE;Pesos;2050000;1000;36;0;12;75;45,00;Empleados públicos;8,40;125,22;Fija;165,29;1471,00;Provincia de Córdoba;
45056;MONTEMAR COMPAÑIA FINANCIERA S.A.;2026-05-05;DD - PAQ. CUENTA MTM SGTE;DD - PAQ. CTA. MTM SGTE;Pesos;2050000;1000;12;0;12;75;45,00;Personas humanas Responsables Inscriptos;8,40;151,82;Fija;203,06;1748,00;Provincia del Neuquén;
45056;MONTEMAR COMPAÑIA FINANCIERA S.A.;2026-05-05;DD - PAQ. CUENTA MTM SGTE;DD - PAQ. CTA. MTM SGTE;Pesos;2050000;1000;12;0;12;75;45,00;Personas humanas en relación de dependencia;8,40;151,82;Fija;203,06;1748,00;Provincia de Córdoba;
45056;MONTEMAR COMPAÑIA FINANCIERA S.A.;2026-05-05;DD - PAQ. CUENTA MTM SGTE;DD - PAQ. CTA. MTM SGTE;Pesos;2050000;1000;12;0;12;75;45,00;Clientes que acrediten sueldos en la entidad;8,40;151,82;Fija;203,06;1748,00;Provincia del Neuquén;
45056;MONTEMAR COMPAÑIA FINANCIERA S.A.;2026-05-05;DD - PAQ. CUENTA MTM SGTE;DD - PAQ. CTA. MTM SGTE;Pesos;2050000;1000;36;0;12;75;45,00;Clientes con cuenta en la entidad;8,40;125,22;Fija;165,29;1471,00;Provincia de Córdoba;
45056;MONTEMAR COMPAÑIA FINANCIERA S.A.;2026-05-05;DD - PAQ. CUENTA MTM ORO CGTE;DD - PAQ.CTA MTM ORO CGTE;Pesos;20500000;45000;36;22000;12;75;45,00;Empleados públicos;8,40;101,22;Fija;131,87;1298,00;Provincia del Neuquén;
45056;MONTEMAR COMPAÑIA FINANCIERA S.A.;2026-05-05;DD - PAQ. CUENTA MTM ORO SGTE;DD - PAQ.CTA MTM ORO SGTE;Pesos;15400000;45000;36;22000;12;75;45,00;Clientes que acrediten sueldos en la entidad;8,40;101,22;Fija;131,87;1298,00;Provincia de Córdoba;
45056;MONTEMAR COMPAÑIA FINANCIERA S.A.;2026-05-05;DD - PAQ. CUENTA MTM PROMOCIONAL  CGTE;DD-PAQ.CTA MTM PROM CGTE;Pesos;20500000;45000;36;35000;12;75;45,00;Clientes que acrediten sueldos en la entidad;8,40;90,12;Fija;116,66;1214,00;Provincia del Neuquén;
45056;MONTEMAR COMPAÑIA FINANCIERA S.A.;2026-05-05;DD - PAQ. CUENTA MTM PROMOCIONAL  CGTE;DD-PAQ.CTA MTM PROM CGTE;Pesos;20500000;45000;12;35000;12;75;45,00;Clientes con cuenta en la entidad;8,40;112,91;Fija;148,07;1596,00;Provincia de Córdoba;
45056;MONTEMAR COMPAÑIA FINANCIERA S.A.;2026-05-05;DD - PAQ. CUENTA MTM SGTE;DD - PAQ. CTA. MTM SGTE;Pesos;2050000;1000;36;0;12;75;45,00;Personas humanas Responsables Inscriptos;8,40;125,22;Fija;165,29;1471,00;Provincia del Neuquén;
45056;MONTEMAR COMPAÑIA FINANCIERA S.A.;2026-05-05;DD - PAQ. CUENTA MTM PROMOCIONAL  CGTE;DD-PAQ.CTA MTM PROM CGTE;Pesos;20500000;45000;36;35000;12;75;45,00;Personas humanas en relación de dependencia;8,40;90,12;Fija;116,66;1214,00;Provincia de Córdoba;
45056;MONTEMAR COMPAÑIA FINANCIERA S.A.;2026-05-05;PV - PRESTAMO EXPRESS;PV - PRESTAMO EXPRESS;Pesos;205000;1000;12;0;12;75;45,00;Personas humanas Monotributistas;8,40;381,79;Fija;553,97;2104,00;Provincia del Neuquén;
45056;MONTEMAR COMPAÑIA FINANCIERA S.A.;2026-05-05;PV - INICIAL SGTE;PV - INICIAL SGTE;Pesos;515000;1000;18;0;12;75;45,00;Personas humanas en relación de dependencia;8,40;381,79;Fija;553,97;2065,00;Provincia de Córdoba;
45056;MONTEMAR COMPAÑIA FINANCIERA S.A.;2026-05-05;DD - PAQ. CUENTA MTM ORO SGTE;DD - PAQ.CTA MTM ORO SGTE;Pesos;15400000;45000;12;22000;12;75;45,00;Empleados públicos;8,40;125,22;Fija;165,29;1646,00;Provincia del Neuquén;
45056;MONTEMAR COMPAÑIA FINANCIERA S.A.;2026-05-05;DD - PAQ. CUENTA MTM ORO CGTE;DD - PAQ.CTA MTM ORO CGTE;Pesos;20500000;45000;12;22000;12;75;45,00;Clientes que acrediten sueldos en la entidad;8,40;125,22;Fija;165,29;1646,00;Provincia de Córdoba;
45056;MONTEMAR COMPAÑIA FINANCIERA S.A.;2026-05-05;DD - PAQ. CUENTA MTM PROMOCIONAL  CGTE;DD-PAQ.CTA MTM PROM CGTE;Pesos;20500000;45000;12;35000;12;75;45,00;Clientes con cuenta en la entidad;8,40;112,91;Fija;148,07;1596,00;Provincia de Mendoza;
45056;MONTEMAR COMPAÑIA FINANCIERA S.A.;2026-05-05;DD - PAQ. CUENTA MTM PROMOCIONAL  CGTE;DD-PAQ.CTA MTM PROM CGTE;Pesos;20500000;45000;12;35000;12;75;45,00;Personas humanas Responsables Inscriptos;8,40;112,91;Fija;148,07;1596,00;Provincia de Córdoba;
45056;MONTEMAR COMPAÑIA FINANCIERA S.A.;2026-05-05;DD - PAQ. CUENTA MTM PROMOCIONAL  SGTE;DD-PAQ.CTA MTM PROM SGTE;Pesos;15400000;45000;12;35000;12;75;45,00;Clientes con cuenta en la entidad;8,40;112,91;Fija;148,07;1596,00;Provincia de Mendoza;
45056;MONTEMAR COMPAÑIA FINANCIERA S.A.;2026-05-05;PV - PRESTAMO EXPRESS;PV - PRESTAMO EXPRESS;Pesos;205000;1000;12;0;12;75;45,00;Personas humanas Monotributistas;8,40;381,79;Fija;553,97;2104,00;Provincia de Córdoba;
45056;MONTEMAR COMPAÑIA FINANCIERA S.A.;2026-05-05;DD - PAQ. CUENTA MTM PROMOCIONAL  CGTE;DD-PAQ.CTA MTM PROM CGTE;Pesos;20500000;45000;12;35000;12;75;45,00;Clientes con cuenta en la entidad;8,40;112,91;Fija;148,07;1596,00;Provincia del Neuquén;
45056;MONTEMAR COMPAÑIA FINANCIERA S.A.;2026-05-05;DD - PAQ. CUENTA MTM CGTE;DD - PAQ. CTA. MTM CGTE;Pesos;2050000;1000;12;0;12;75;45,00;Personas humanas Responsables Inscriptos;8,40;151,82;Fija;203,06;1748,00;Provincia de Córdoba;
45056;MONTEMAR COMPAÑIA FINANCIERA S.A.;2026-05-05;DD - PAQ. CUENTA MTM PROMOCIONAL  SGTE;DD-PAQ.CTA MTM PROM SGTE;Pesos;15400000;45000;36;35000;12;75;45,00;Clientes con cuenta en la entidad;8,40;90,12;Fija;116,66;1214,00;Provincia de Mendoza;
45056;MONTEMAR COMPAÑIA FINANCIERA S.A.;2026-05-05;DD - PAQ. CUENTA MTM PROMOCIONAL  SGTE;DD-PAQ.CTA MTM PROM SGTE;Pesos;15400000;45000;12;35000;12;75;45,00;Personas humanas en relación de dependencia;8,40;112,91;Fija;148,07;1596,00;Provincia de Córdoba;
45056;MONTEMAR COMPAÑIA FINANCIERA S.A.;2026-05-05;DD - PAQ. CUENTA MTM CGTE;DD - PAQ. CTA. MTM CGTE;Pesos;2050000;1000;12;0;12;75;45,00;Personas humanas en relación de dependencia;8,40;151,82;Fija;203,06;1748,00;Provincia de Mendoza;
45056;MONTEMAR COMPAÑIA FINANCIERA S.A.;2026-05-05;DD - PAQ. CUENTA MTM ORO SGTE;DD - PAQ.CTA MTM ORO SGTE;Pesos;15400000;45000;12;22000;12;75;45,00;Personas humanas Monotributistas;8,40;125,22;Fija;165,29;1646,00;Provincia de Córdoba;
45056;MONTEMAR COMPAÑIA FINANCIERA S.A.;2026-05-05;DD - PAQ. CUENTA MTM ORO CGTE;DD - PAQ.CTA MTM ORO CGTE;Pesos;20500000;45000;12;22000;12;75;45,00;Personas humanas en relación de dependencia;8,40;125,22;Fija;165,29;1646,00;Provincia de Mendoza;
45056;MONTEMAR COMPAÑIA FINANCIERA S.A.;2026-05-05;DD - PAQ. CUENTA MTM CGTE;DD - PAQ. CTA. MTM CGTE;Pesos;2050000;1000;12;0;12;75;45,00;Clientes con cuenta en la entidad;8,40;151,82;Fija;203,06;1748,00;Provincia de Córdoba;
45056;MONTEMAR COMPAÑIA FINANCIERA S.A.;2026-05-05;DD - PAQ. CUENTA MTM ORO CGTE;DD - PAQ.CTA MTM ORO CGTE;Pesos;20500000;45000;12;22000;12;75;45,00;Personas humanas Monotributistas;8,40;125,22;Fija;165,29;1646,00;Provincia del Neuquén;
45056;MONTEMAR COMPAÑIA FINANCIERA S.A.;2026-05-05;DD - PAQ. CUENTA MTM SGTE;DD - PAQ. CTA. MTM SGTE;Pesos;2050000;1000;12;0;12;75;45,00;Personas humanas Monotributistas;8,40;151,82;Fija;203,06;1748,00;Provincia de Córdoba;
45056;MONTEMAR COMPAÑIA FINANCIERA S.A.;2026-05-05;DD - PAQ. CUENTA MTM ORO SGTE;DD - PAQ.CTA MTM ORO SGTE;Pesos;15400000;45000;12;22000;12;75;45,00;Clientes con cuenta en la entidad;8,40;125,22;Fija;165,29;1646,00;Provincia de Mendoza;
45056;MONTEMAR COMPAÑIA FINANCIERA S.A.;2026-05-05;DD - PAQ. CUENTA MTM PROMOCIONAL  CGTE;DD-PAQ.CTA MTM PROM CGTE;Pesos;20500000;45000;12;35000;12;75;45,00;Personas humanas en relación de dependencia;8,40;112,91;Fija;148,07;1596,00;Provincia de Córdoba;
45056;MONTEMAR COMPAÑIA FINANCIERA S.A.;2026-05-05;PV - PRESTAMO EXPRESS;PV - PRESTAMO EXPRESS;Pesos;205000;1000;12;0;12;75;45,00;Personas humanas en relación de dependencia;8,40;381,79;Fija;553,97;2104,00;Provincia del Neuquén;
45056;MONTEMAR COMPAÑIA FINANCIERA S.A.;2026-05-05;DD - PAQ. CUENTA MTM PROMOCIONAL  SGTE;DD-PAQ.CTA MTM PROM SGTE;Pesos;15400000;45000;36;35000;12;75;45,00;Personas humanas Monotributistas;8,40;90,12;Fija;116,66;1214,00;Provincia de Córdoba;
45056;MONTEMAR COMPAÑIA FINANCIERA S.A.;2026-05-05;DD - PAQ. CUENTA MTM ORO CGTE;DD - PAQ.CTA MTM ORO CGTE;Pesos;20500000;45000;12;22000;12;75;45,00;Empleados públicos;8,40;125,22;Fija;165,29;1646,00;Provincia de Mendoza;
45056;MONTEMAR COMPAÑIA FINANCIERA S.A.;2026-05-05;DD - PAQ. CUENTA MTM PROMOCIONAL  SGTE;DD-PAQ.CTA MTM PROM SGTE;Pesos;15400000;45000;12;35000;12;75;45,00;Personas humanas Monotributistas;8,40;112,91;Fija;148,07;1596,00;Provincia de Córdoba;
45056;MONTEMAR COMPAÑIA FINANCIERA S.A.;2026-05-05;DD - PAQ. CUENTA MTM ORO SGTE;DD - PAQ.CTA MTM ORO SGTE;Pesos;15400000;45000;36;22000;12;75;45,00;Clientes que acrediten sueldos en la entidad;8,40;101,22;Fija;131,87;1298,00;Provincia de Mendoza;
45056;MONTEMAR COMPAÑIA FINANCIERA S.A.;2026-05-05;DD - PAQ. CUENTA MTM PROMOCIONAL  CGTE;DD-PAQ.CTA MTM PROM CGTE;Pesos;20500000;45000;36;35000;12;75;45,00;Clientes que acrediten sueldos en la entidad;8,40;90,12;Fija;116,66;1214,00;Provincia de Córdoba;
45056;MONTEMAR COMPAÑIA FINANCIERA S.A.;2026-05-05;DD - PAQ. CUENTA MTM CGTE;DD - PAQ. CTA. MTM CGTE;Pesos;2050000;1000;12;0;12;75;45,00;Empleados públicos;8,40;151,82;Fija;203,06;1748,00;Provincia de Mendoza;
45056;MONTEMAR COMPAÑIA FINANCIERA S.A.;2026-05-05;DD - PAQ. CUENTA MTM PROMOCIONAL  SGTE;DD-PAQ.CTA MTM PROM SGTE;Pesos;15400000;45000;36;35000;12;75;45,00;Personas humanas Responsables Inscriptos;8,40;90,12;Fija;116,66;1214,00;Provincia de Córdoba;
45056;MONTEMAR COMPAÑIA FINANCIERA S.A.;2026-05-05;DD - PAQ. CUENTA MTM CGTE;DD - PAQ. CTA. MTM CGTE;Pesos;2050000;1000;12;0;12;75;45,00;Personas humanas Responsables Inscriptos;8,40;151,82;Fija;203,06;1748,00;Provincia de Mendoza;
45056;MONTEMAR COMPAÑIA FINANCIERA S.A.;2026-05-05;DD - PAQ. CUENTA MTM SGTE;DD - PAQ. CTA. MTM SGTE;Pesos;2050000;1000;12;0;12;75;45,00;Clientes con cuenta en la entidad;8,40;151,82;Fija;203,06;1748,00;Provincia de Córdoba;
45056;MONTEMAR COMPAÑIA FINANCIERA S.A.;2026-05-05;DD - PAQ. CUENTA MTM PROMOCIONAL  SGTE;DD-PAQ.CTA MTM PROM SGTE;Pesos;15400000;45000;36;35000;12;75;45,00;Personas humanas Responsables Inscriptos;8,40;90,12;Fija;116,66;1214,00;Provincia del Neuquén;
45056;MONTEMAR COMPAÑIA FINANCIERA S.A.;2026-05-05;PV - PRESTAMO EXPRESS;PV - PRESTAMO EXPRESS;Pesos;205000;1000;12;0;12;75;45,00;Personas humanas en relación de dependencia;8,40;381,79;Fija;553,97;2104,00;Provincia de Córdoba;
45056;MONTEMAR COMPAÑIA FINANCIERA S.A.;2026-05-05;DD - PAQ. CUENTA MTM SGTE;DD - PAQ. CTA. MTM SGTE;Pesos;2050000;1000;36;0;12;75;45,00;Clientes que acrediten sueldos en la entidad;8,40;125,22;Fija;165,29;1471,00;Provincia de Mendoza;
45056;MONTEMAR COMPAÑIA FINANCIERA S.A.;2026-05-05;DD - PAQ. CUENTA MTM ORO SGTE;DD - PAQ.CTA MTM ORO SGTE;Pesos;15400000;45000;12;22000;12;75;45,00;Personas humanas Responsables Inscriptos;8,40;125,22;Fija;165,29;1646,00;Provincia de Córdoba;
45056;MONTEMAR COMPAÑIA FINANCIERA S.A.;2026-05-05;DD - PAQ. CUENTA MTM ORO SGTE;DD - PAQ.CTA MTM ORO SGTE;Pesos;15400000;45000;36;22000;12;75;45,00;Personas humanas Responsables Inscriptos;8,40;101,22;Fija;131,87;1298,00;Provincia de Mendoza;
45056;MONTEMAR COMPAÑIA FINANCIERA S.A.;2026-05-05;PV - INICIAL SGTE;PV - INICIAL SGTE;Pesos;515000;1000;18;0;12;75;45,00;Personas humanas Monotributistas;8,40;381,79;Fija;553,97;2065,00;Provincia de Córdoba;
45056;MONTEMAR COMPAÑIA FINANCIERA S.A.;2026-05-05;PV - INICIAL SGTE;PV - INICIAL SGTE;Pesos;515000;1000;18;0;12;75;45,00;Personas humanas en relación de dependencia;8,40;381,79;Fija;553,97;2065,00;Provincia de Mendoza;
45056;MONTEMAR COMPAÑIA FINANCIERA S.A.;2026-05-05;DD - PAQ. CUENTA MTM CGTE;DD - PAQ. CTA. MTM CGTE;Pesos;2050000;1000;36;0;12;75;45,00;Personas humanas en relación de dependencia;8,40;125,22;Fija;165,29;1471,00;Provincia de Córdoba;
45056;MONTEMAR COMPAÑIA FINANCIERA S.A.;2026-05-05;DD - PAQ. CUENTA MTM ORO CGTE;DD - PAQ.CTA MTM ORO CGTE;Pesos;20500000;45000;36;22000;12;75;45,00;Personas humanas Monotributistas;8,40;101,22;Fija;131,87;1298,00;Provincia del Neuquén;
45056;MONTEMAR COMPAÑIA FINANCIERA S.A.;2026-05-05;DD - PAQ. CUENTA MTM CGTE;DD - PAQ. CTA. MTM CGTE;Pesos;2050000;1000;12;0;12;75;45,00;Clientes que acrediten sueldos en la entidad;8,40;151,82;Fija;203,06;1748,00;Provincia de Córdoba;
45056;MONTEMAR COMPAÑIA FINANCIERA S.A.;2026-05-05;DD - PAQ. CUENTA MTM PROMOCIONAL  CGTE;DD-PAQ.CTA MTM PROM CGTE;Pesos;20500000;45000;12;35000;12;75;45,00;Personas humanas Monotributistas;8,40;112,91;Fija;148,07;1596,00;Provincia del Neuquén;
45056;MONTEMAR COMPAÑIA FINANCIERA S.A.;2026-05-05;DD - PAQ. CUENTA MTM PROMOCIONAL  SGTE;DD-PAQ.CTA MTM PROM SGTE;Pesos;15400000;45000;36;35000;12;75;45,00;Personas humanas en relación de dependencia;8,40;90,12;Fija;116,66;1214,00;Provincia de Córdoba;
45056;MONTEMAR COMPAÑIA FINANCIERA S.A.;2026-05-05;DD - PAQ. CUENTA MTM PROMOCIONAL  SGTE;DD-PAQ.CTA MTM PROM SGTE;Pesos;15400000;45000;12;35000;12;75;45,00;Clientes que acrediten sueldos en la entidad;8,40;112,91;Fija;148,07;1596,00;Provincia del Neuquén;
45056;MONTEMAR COMPAÑIA FINANCIERA S.A.;2026-05-05;DD - PAQ. CUENTA MTM PROMOCIONAL  CGTE;DD-PAQ.CTA MTM PROM CGTE;Pesos;20500000;45000;12;35000;12;75;45,00;Personas humanas Monotributistas;8,40;112,91;Fija;148,07;1596,00;Provincia de Córdoba;
45056;MONTEMAR COMPAÑIA FINANCIERA S.A.;2026-05-05;DD - PAQ. CUENTA MTM SGTE;DD - PAQ. CTA. MTM SGTE;Pesos;2050000;1000;12;0;12;75;45,00;Personas humanas Responsables Inscriptos;8,40;151,82;Fija;203,06;1748,00;Provincia de Mendoza;
45056;MONTEMAR COMPAÑIA FINANCIERA S.A.;2026-05-05;DD - PAQ. CUENTA MTM CGTE;DD - PAQ. CTA. MTM CGTE;Pesos;2050000;1000;12;0;12;75;45,00;Personas humanas Monotributistas;8,40;151,82;Fija;203,06;1748,00;Provincia de Córdoba;
45056;MONTEMAR COMPAÑIA FINANCIERA S.A.;2026-05-05;DD - PAQ. CUENTA MTM ORO SGTE;DD - PAQ.CTA MTM ORO SGTE;Pesos;15400000;45000;36;22000;12;75;45,00;Clientes con cuenta en la entidad;8,40;101,22;Fija;131,87;1298,00;Provincia del Neuquén;
45056;MONTEMAR COMPAÑIA FINANCIERA S.A.;2026-05-05;DD - PAQ. CUENTA MTM ORO CGTE;DD - PAQ.CTA MTM ORO CGTE;Pesos;20500000;45000;36;22000;12;75;45,00;Personas humanas Responsables Inscriptos;8,40;101,22;Fija;131,87;1298,00;Provincia de Córdoba;
45056;MONTEMAR COMPAÑIA FINANCIERA S.A.;2026-05-05;PV - PRESTAMO EXPRESS;PV - PRESTAMO EXPRESS;Pesos;205000;1000;12;0;12;75;45,00;Personas humanas Responsables Inscriptos;8,40;381,79;Fija;553,97;2104,00;Provincia del Neuquén;
45056;MONTEMAR COMPAÑIA FINANCIERA S.A.;2026-05-05;DD - PAQ. CUENTA MTM ORO CGTE;DD - PAQ.CTA MTM ORO CGTE;Pesos;20500000;45000;36;22000;12;75;45,00;Empleados públicos;8,40;101,22;Fija;131,87;1298,00;Provincia de Córdoba;
45056;MONTEMAR COMPAÑIA FINANCIERA S.A.;2026-05-05;DD - PAQ. CUENTA MTM ORO CGTE;DD - PAQ.CTA MTM ORO CGTE;Pesos;20500000;45000;12;22000;12;75;45,00;Clientes que acrediten sueldos en la entidad;8,40;125,22;Fija;165,29;1646,00;Provincia de Mendoza;
45056;MONTEMAR COMPAÑIA FINANCIERA S.A.;2026-05-05;DD - PAQ. CUENTA MTM PROMOCIONAL  CGTE;DD-PAQ.CTA MTM PROM CGTE;Pesos;20500000;45000;36;35000;12;75;45,00;Personas humanas Responsables Inscriptos;8,40;90,12;Fija;116,66;1214,00;Provincia de Córdoba;
45056;MONTEMAR COMPAÑIA FINANCIERA S.A.;2026-05-05;DD - PAQ. CUENTA MTM SGTE;DD - PAQ. CTA. MTM SGTE;Pesos;2050000;1000;12;0;12;75;45,00;Empleados públicos;8,40;151,82;Fija;203,06;1748,00;Provincia de Mendoza;
45056;MONTEMAR COMPAÑIA FINANCIERA S.A.;2026-05-05;DD - PAQ. CUENTA MTM ORO CGTE;DD - PAQ.CTA MTM ORO CGTE;Pesos;20500000;45000;12;22000;12;75;45,00;Personas humanas Responsables Inscriptos;8,40;125,22;Fija;165,29;1646,00;Provincia de Córdoba;
45056;MONTEMAR COMPAÑIA FINANCIERA S.A.;2026-05-05;DD - PAQ. CUENTA MTM CGTE;DD - PAQ. CTA. MTM CGTE;Pesos;2050000;1000;12;0;12;75;45,00;Clientes que acrediten sueldos en la entidad;8,40;151,82;Fija;203,06;1748,00;Provincia de Mendoza;
45056;MONTEMAR COMPAÑIA FINANCIERA S.A.;2026-05-05;DD - PAQ. CUENTA MTM SGTE;DD - PAQ. CTA. MTM SGTE;Pesos;2050000;1000;12;0;12;75;45,00;Empleados públicos;8,40;151,82;Fija;203,06;1748,00;Provincia de Córdoba;
45056;MONTEMAR COMPAÑIA FINANCIERA S.A.;2026-05-05;DD - PAQ. CUENTA MTM PROMOCIONAL  CGTE;DD-PAQ.CTA MTM PROM CGTE;Pesos;20500000;45000;36;35000;12;75;45,00;Personas humanas en relación de dependencia;8,40;90,12;Fija;116,66;1214,00;Provincia del Neuquén;
45056;MONTEMAR COMPAÑIA FINANCIERA S.A.;2026-05-05;DD - PAQ. CUENTA MTM PROMOCIONAL  SGTE;DD-PAQ.CTA MTM PROM SGTE;Pesos;15400000;45000;36;35000;12;75;45,00;Clientes que acrediten sueldos en la entidad;8,40;90,12;Fija;116,66;1214,00;Provincia de Córdoba;
45056;MONTEMAR COMPAÑIA FINANCIERA S.A.;2026-05-05;DD - PAQ. CUENTA MTM ORO SGTE;DD - PAQ.CTA MTM ORO SGTE;Pesos;15400000;45000;12;22000;12;75;45,00;Clientes con cuenta en la entidad;8,40;125,22;Fija;165,29;1646,00;Provincia del Neuquén;
45056;MONTEMAR COMPAÑIA FINANCIERA S.A.;2026-05-05;PV - INICIAL SGTE;PV - INICIAL SGTE;Pesos;515000;1000;18;0;12;75;45,00;Personas humanas Responsables Inscriptos;8,40;381,79;Fija;553,97;2065,00;Provincia de Córdoba;
45056;MONTEMAR COMPAÑIA FINANCIERA S.A.;2026-05-05;DD - PAQ. CUENTA MTM CGTE;DD - PAQ. CTA. MTM CGTE;Pesos;2050000;1000;36;0;12;75;45,00;Clientes que acrediten sueldos en la entidad;8,40;125,22;Fija;165,29;1471,00;Provincia del Neuquén;
45056;MONTEMAR COMPAÑIA FINANCIERA S.A.;2026-05-05;DD - PAQ. CUENTA MTM ORO SGTE;DD - PAQ.CTA MTM ORO SGTE;Pesos;15400000;45000;12;22000;12;75;45,00;Personas humanas en relación de dependencia;8,40;125,22;Fija;165,29;1646,00;Provincia de Córdoba;
45056;MONTEMAR COMPAÑIA FINANCIERA S.A.;2026-05-05;DD - PAQ. CUENTA MTM PROMOCIONAL  CGTE;DD-PAQ.CTA MTM PROM CGTE;Pesos;20500000;45000;36;35000;12;75;45,00;Empleados públicos;8,40;90,12;Fija;116,66;1214,00;Provincia del Neuquén;
45056;MONTEMAR COMPAÑIA FINANCIERA S.A.;2026-05-05;DD - PAQ. CUENTA MTM ORO SGTE;DD - PAQ.CTA MTM ORO SGTE;Pesos;15400000;45000;12;22000;12;75;45,00;Empleados públicos;8,40;125,22;Fija;165,29;1646,00;Provincia de Córdoba;
45056;MONTEMAR COMPAÑIA FINANCIERA S.A.;2026-05-05;DD - PAQ. CUENTA MTM ORO CGTE;DD - PAQ.CTA MTM ORO CGTE;Pesos;20500000;45000;12;22000;12;75;45,00;Personas humanas Responsables Inscriptos;8,40;125,22;Fija;165,29;1646,00;Provincia del Neuquén;
45056;MONTEMAR COMPAÑIA FINANCIERA S.A.;2026-05-05;DD - PAQ. CUENTA MTM SGTE;DD - PAQ. CTA. MTM SGTE;Pesos;2050000;1000;36;0;12;75;45,00;Personas humanas Responsables Inscriptos;8,40;125,22;Fija;165,29;1471,00;Provincia de Córdoba;
45056;MONTEMAR COMPAÑIA FINANCIERA S.A.;2026-05-05;DD - PAQ. CUENTA MTM CGTE;DD - PAQ. CTA. MTM CGTE;Pesos;2050000;1000;36;0;12;75;45,00;Clientes con cuenta en la entidad;8,40;125,22;Fija;165,29;1471,00;Provincia del Neuquén;
45056;MONTEMAR COMPAÑIA FINANCIERA S.A.;2026-05-05;DD - PAQ. CUENTA MTM CGTE;DD - PAQ. CTA. MTM CGTE;Pesos;2050000;1000;36;0;12;75;45,00;Clientes que acrediten sueldos en la entidad;8,40;125,22;Fija;165,29;1471,00;Provincia de Córdoba;
45056;MONTEMAR COMPAÑIA FINANCIERA S.A.;2026-05-05;DD - PAQ. CUENTA MTM ORO SGTE;DD - PAQ.CTA MTM ORO SGTE;Pesos;15400000;45000;12;22000;12;75;45,00;Personas humanas Responsables Inscriptos;8,40;125,22;Fija;165,29;1646,00;Provincia del Neuquén;
45056;MONTEMAR COMPAÑIA FINANCIERA S.A.;2026-05-05;DD - PAQ. CUENTA MTM PROMOCIONAL  CGTE;DD-PAQ.CTA MTM PROM CGTE;Pesos;20500000;45000;36;35000;12;75;45,00;Empleados públicos;8,40;90,12;Fija;116,66;1214,00;Provincia de Córdoba;
45056;MONTEMAR COMPAÑIA FINANCIERA S.A.;2026-05-05;DD - PAQ. CUENTA MTM ORO SGTE;DD - PAQ.CTA MTM ORO SGTE;Pesos;15400000;45000;12;22000;12;75;45,00;Clientes que acrediten sueldos en la entidad;8,40;125,22;Fija;165,29;1646,00;Provincia del Neuquén;
45056;MONTEMAR COMPAÑIA FINANCIERA S.A.;2026-05-05;DD - PAQ. CUENTA MTM PROMOCIONAL  SGTE;DD-PAQ.CTA MTM PROM SGTE;Pesos;15400000;45000;12;35000;12;75;45,00;Personas humanas Responsables Inscriptos;8,40;112,91;Fija;148,07;1596,00;Provincia de Córdoba;
45056;MONTEMAR COMPAÑIA FINANCIERA S.A.;2026-05-05;PV - INICIAL SGTE;PV - INICIAL SGTE;Pesos;515000;1000;18;0;12;75;45,00;Personas humanas Responsables Inscriptos;8,40;381,79;Fija;553,97;2065,00;Provincia del Neuquén;
45056;MONTEMAR COMPAÑIA FINANCIERA S.A.;2026-05-05;DD - PAQ. CUENTA MTM SGTE;DD - PAQ. CTA. MTM SGTE;Pesos;2050000;1000;36;0;12;75;45,00;Personas humanas en relación de dependencia;8,40;125,22;Fija;165,29;1471,00;Provincia de Córdoba;
45056;MONTEMAR COMPAÑIA FINANCIERA S.A.;2026-05-05;DD - PAQ. CUENTA MTM PROMOCIONAL  SGTE;DD-PAQ.CTA MTM PROM SGTE;Pesos;15400000;45000;12;35000;12;75;45,00;Empleados públicos;8,40;112,91;Fija;148,07;1596,00;Provincia de Mendoza;
45056;MONTEMAR COMPAÑIA FINANCIERA S.A.;2026-05-05;DD - PAQ. CUENTA MTM CGTE;DD - PAQ. CTA. MTM CGTE;Pesos;2050000;1000;36;0;12;75;45,00;Personas humanas Monotributistas;8,40;125,22;Fija;165,29;1471,00;Provincia de Córdoba;
45056;MONTEMAR COMPAÑIA FINANCIERA S.A.;2026-05-05;DD - PAQ. CUENTA MTM ORO CGTE;DD - PAQ.CTA MTM ORO CGTE;Pesos;20500000;45000;12;22000;12;75;45,00;Empleados públicos;8,40;125,22;Fija;165,29;1646,00;Provincia del Neuquén;
45056;MONTEMAR COMPAÑIA FINANCIERA S.A.;2026-05-05;DD - PAQ. CUENTA MTM ORO SGTE;DD - PAQ.CTA MTM ORO SGTE;Pesos;15400000;45000;12;22000;12;75;45,00;Clientes con cuenta en la entidad;8,40;125,22;Fija;165,29;1646,00;Provincia de Córdoba;
45056;MONTEMAR COMPAÑIA FINANCIERA S.A.;2026-05-05;PV - INICIAL SGTE;PV - INICIAL SGTE;Pesos;515000;1000;18;0;12;75;45,00;Personas humanas en relación de dependencia;8,40;381,79;Fija;553,97;2065,00;Provincia del Neuquén;
45056;MONTEMAR COMPAÑIA FINANCIERA S.A.;2026-05-05;DD - PAQ. CUENTA MTM ORO CGTE;DD - PAQ.CTA MTM ORO CGTE;Pesos;20500000;45000;36;22000;12;75;45,00;Clientes que acrediten sueldos en la entidad;8,40;101,22;Fija;131,87;1298,00;Provincia de Córdoba;
45056;MONTEMAR COMPAÑIA FINANCIERA S.A.;2026-05-05;DD - PAQ. CUENTA MTM SGTE;DD - PAQ. CTA. MTM SGTE;Pesos;2050000;1000;36;0;12;75;45,00;Clientes que acrediten sueldos en la entidad;8,40;125,22;Fija;165,29;1471,00;Provincia del Neuquén;
45056;MONTEMAR COMPAÑIA FINANCIERA S.A.;2026-05-05;DD - PAQ. CUENTA MTM PROMOCIONAL  SGTE;DD-PAQ.CTA MTM PROM SGTE;Pesos;15400000;45000;12;35000;12;75;45,00;Clientes que acrediten sueldos en la entidad;8,40;112,91;Fija;148,07;1596,00;Provincia de Córdoba;
45056;MONTEMAR COMPAÑIA FINANCIERA S.A.;2026-05-05;DD - PAQ. CUENTA MTM PROMOCIONAL  SGTE;DD-PAQ.CTA MTM PROM SGTE;Pesos;15400000;45000;12;35000;12;75;45,00;Personas humanas Monotributistas;8,40;112,91;Fija;148,07;1596,00;Provincia del Neuquén;
45056;MONTEMAR COMPAÑIA FINANCIERA S.A.;2026-05-05;PV - PRESTAMO EXPRESS;PV - PRESTAMO EXPRESS;Pesos;205000;1000;12;0;12;75;45,00;Personas humanas Responsables Inscriptos;8,40;381,79;Fija;553,97;2104,00;Provincia de Córdoba;
45056;MONTEMAR COMPAÑIA FINANCIERA S.A.;2026-05-05;DD - PAQ. CUENTA MTM PROMOCIONAL  SGTE;DD-PAQ.CTA MTM PROM SGTE;Pesos;15400000;45000;36;35000;12;75;45,00;Personas humanas en relación de dependencia;8,40;90,12;Fija;116,66;1214,00;Provincia del Neuquén;
45056;MONTEMAR COMPAÑIA FINANCIERA S.A.;2026-05-05;DD - PAQ. CUENTA MTM PROMOCIONAL  CGTE;DD-PAQ.CTA MTM PROM CGTE;Pesos;20500000;45000;36;35000;12;75;45,00;Personas humanas Monotributistas;8,40;90,12;Fija;116,66;1214,00;Provincia de Córdoba;
45056;MONTEMAR COMPAÑIA FINANCIERA S.A.;2026-05-05;DD - PAQ. CUENTA MTM ORO SGTE;DD - PAQ.CTA MTM ORO SGTE;Pesos;15400000;45000;12;22000;12;75;45,00;Personas humanas en relación de dependencia;8,40;125,22;Fija;165,29;1646,00;Provincia del Neuquén;
45056;MONTEMAR COMPAÑIA FINANCIERA S.A.;2026-05-05;DD - PAQ. CUENTA MTM SGTE;DD - PAQ. CTA. MTM SGTE;Pesos;2050000;1000;12;0;12;75;45,00;Clientes que acrediten sueldos en la entidad;8,40;151,82;Fija;203,06;1748,00;Provincia de Córdoba;
45056;MONTEMAR COMPAÑIA FINANCIERA S.A.;2026-05-05;DD - PAQ. CUENTA MTM ORO CGTE;DD - PAQ.CTA MTM ORO CGTE;Pesos;20500000;45000;36;22000;12;75;45,00;Personas humanas en relación de dependencia;8,40;101,22;Fija;131,87;1298,00;Provincia del Neuquén;
45056;MONTEMAR COMPAÑIA FINANCIERA S.A.;2026-05-05;DD - PAQ. CUENTA MTM SGTE;DD - PAQ. CTA. MTM SGTE;Pesos;2050000;1000;36;0;12;75;45,00;Clientes que acrediten sueldos en la entidad;8,40;125,22;Fija;165,29;1471,00;Provincia de Córdoba;
45056;MONTEMAR COMPAÑIA FINANCIERA S.A.;2026-05-05;DD - PAQ. CUENTA MTM SGTE;DD - PAQ. CTA. MTM SGTE;Pesos;2050000;1000;36;0;12;75;45,00;Personas humanas en relación de dependencia;8,40;125,22;Fija;165,29;1471,00;Provincia del Neuquén;
45056;MONTEMAR COMPAÑIA FINANCIERA S.A.;2026-05-05;DD - PAQ. CUENTA MTM PROMOCIONAL  CGTE;DD-PAQ.CTA MTM PROM CGTE;Pesos;20500000;45000;12;35000;12;75;45,00;Clientes que acrediten sueldos en la entidad;8,40;112,91;Fija;148,07;1596,00;Provincia de Córdoba;
45056;MONTEMAR COMPAÑIA FINANCIERA S.A.;2026-05-05;DD - PAQ. CUENTA MTM SGTE;DD - PAQ. CTA. MTM SGTE;Pesos;2050000;1000;36;0;12;75;45,00;Empleados públicos;8,40;125,22;Fija;165,29;1471,00;Provincia del Neuquén;
45056;MONTEMAR COMPAÑIA FINANCIERA S.A.;2026-05-05;DD - PAQ. CUENTA MTM ORO SGTE;DD - PAQ.CTA MTM ORO SGTE;Pesos;15400000;45000;12;22000;12;75;45,00;Clientes que acrediten sueldos en la entidad;8,40;125,22;Fija;165,29;1646,00;Provincia de Córdoba;
45056;MONTEMAR COMPAÑIA FINANCIERA S.A.;2026-05-05;DD - PAQ. CUENTA MTM PROMOCIONAL  CGTE;DD-PAQ.CTA MTM PROM CGTE;Pesos;20500000;45000;36;35000;12;75;45,00;Clientes con cuenta en la entidad;8,40;90,12;Fija;116,66;1214,00;Provincia del Neuquén;
45056;MONTEMAR COMPAÑIA FINANCIERA S.A.;2026-05-05;DD - PAQ. CUENTA MTM ORO SGTE;DD - PAQ.CTA MTM ORO SGTE;Pesos;15400000;45000;36;22000;12;75;45,00;Personas humanas Responsables Inscriptos;8,40;101,22;Fija;131,87;1298,00;Provincia de Córdoba;
45056;MONTEMAR COMPAÑIA FINANCIERA S.A.;2026-05-05;DD - PAQ. CUENTA MTM SGTE;DD - PAQ. CTA. MTM SGTE;Pesos;2050000;1000;12;0;12;75;45,00;Personas humanas Monotributistas;8,40;151,82;Fija;203,06;1748,00;Provincia del Neuquén;
45056;MONTEMAR COMPAÑIA FINANCIERA S.A.;2026-05-05;DD - PAQ. CUENTA MTM CGTE;DD - PAQ. CTA. MTM CGTE;Pesos;2050000;1000;12;0;12;75;45,00;Personas humanas en relación de dependencia;8,40;151,82;Fija;203,06;1748,00;Provincia de Córdoba;
45056;MONTEMAR COMPAÑIA FINANCIERA S.A.;2026-05-05;DD - PAQ. CUENTA MTM ORO CGTE;DD - PAQ.CTA MTM ORO CGTE;Pesos;20500000;45000;12;22000;12;75;45,00;Personas humanas en relación de dependencia;8,40;125,22;Fija;165,29;1646,00;Provincia del Neuquén;
45056;MONTEMAR COMPAÑIA FINANCIERA S.A.;2026-05-05;DD - PAQ. CUENTA MTM SGTE;DD - PAQ. CTA. MTM SGTE;Pesos;2050000;1000;12;0;12;75;45,00;Personas humanas Responsables Inscriptos;8,40;151,82;Fija;203,06;1748,00;Provincia de Córdoba;
45056;MONTEMAR COMPAÑIA FINANCIERA S.A.;2026-05-05;DD - PAQ. CUENTA MTM CGTE;DD - PAQ. CTA. MTM CGTE;Pesos;2050000;1000;12;0;12;75;45,00;Clientes que acrediten sueldos en la entidad;8,40;151,82;Fija;203,06;1748,00;Provincia del Neuquén;
45056;MONTEMAR COMPAÑIA FINANCIERA S.A.;2026-05-05;DD - PAQ. CUENTA MTM CGTE;DD - PAQ. CTA. MTM CGTE;Pesos;2050000;1000;12;0;12;75;45,00;Empleados públicos;8,40;151,82;Fija;203,06;1748,00;Provincia de Córdoba;
45056;MONTEMAR COMPAÑIA FINANCIERA S.A.;2026-05-05;DD - PAQ. CUENTA MTM ORO CGTE;DD - PAQ.CTA MTM ORO CGTE;Pesos;20500000;45000;12;22000;12;75;45,00;Clientes con cuenta en la entidad;8,40;125,22;Fija;165,29;1646,00;Provincia del Neuquén;
45056;MONTEMAR COMPAÑIA FINANCIERA S.A.;2026-05-05;DD - PAQ. CUENTA MTM CGTE;DD - PAQ. CTA. MTM CGTE;Pesos;2050000;1000;36;0;12;75;45,00;Personas humanas Responsables Inscriptos;8,40;125,22;Fija;165,29;1471,00;Provincia de Córdoba;
45056;MONTEMAR COMPAÑIA FINANCIERA S.A.;2026-05-05;DD - PAQ. CUENTA MTM SGTE;DD - PAQ. CTA. MTM SGTE;Pesos;2050000;1000;12;0;12;75;45,00;Personas humanas en relación de dependencia;8,40;151,82;Fija;203,06;1748,00;Provincia del Neuquén;
45056;MONTEMAR COMPAÑIA FINANCIERA S.A.;2026-05-05;DD - PAQ. CUENTA MTM ORO CGTE;DD - PAQ.CTA MTM ORO CGTE;Pesos;20500000;45000;12;22000;12;75;45,00;Empleados públicos;8,40;125,22;Fija;165,29;1646,00;Provincia de Córdoba;
45056;MONTEMAR COMPAÑIA FINANCIERA S.A.;2026-05-05;DD - PAQ. CUENTA MTM ORO SGTE;DD - PAQ.CTA MTM ORO SGTE;Pesos;15400000;45000;36;22000;12;75;45,00;Clientes que acrediten sueldos en la entidad;8,40;101,22;Fija;131,87;1298,00;Provincia del Neuquén;
45056;MONTEMAR COMPAÑIA FINANCIERA S.A.;2026-05-05;DD - PAQ. CUENTA MTM CGTE;DD - PAQ. CTA. MTM CGTE;Pesos;2050000;1000;36;0;12;75;45,00;Empleados públicos;8,40;125,22;Fija;165,29;1471,00;Provincia de Córdoba;
45056;MONTEMAR COMPAÑIA FINANCIERA S.A.;2026-05-05;DD - PAQ. CUENTA MTM CGTE;DD - PAQ. CTA. MTM CGTE;Pesos;2050000;1000;12;0;12;75;45,00;Personas humanas Monotributistas;8,40;151,82;Fija;203,06;1748,00;Provincia del Neuquén;
45056;MONTEMAR COMPAÑIA FINANCIERA S.A.;2026-05-05;DD - PAQ. CUENTA MTM ORO CGTE;DD - PAQ.CTA MTM ORO CGTE;Pesos;20500000;45000;36;22000;12;75;45,00;Personas humanas Monotributistas;8,40;101,22;Fija;131,87;1298,00;Provincia de Córdoba;
45056;MONTEMAR COMPAÑIA FINANCIERA S.A.;2026-05-05;DD - PAQ. CUENTA MTM CGTE;DD - PAQ. CTA. MTM CGTE;Pesos;2050000;1000;36;0;12;75;45,00;Personas humanas Monotributistas;8,40;125,22;Fija;165,29;1471,00;Provincia del Neuquén;
45056;MONTEMAR COMPAÑIA FINANCIERA S.A.;2026-05-05;DD - PAQ. CUENTA MTM ORO SGTE;DD - PAQ.CTA MTM ORO SGTE;Pesos;15400000;45000;36;22000;12;75;45,00;Empleados públicos;8,40;101,22;Fija;131,87;1298,00;Provincia de Córdoba;
45056;MONTEMAR COMPAÑIA FINANCIERA S.A.;2026-05-05;DD - PAQ. CUENTA MTM ORO CGTE;DD - PAQ.CTA MTM ORO CGTE;Pesos;20500000;45000;36;22000;12;75;45,00;Clientes que acrediten sueldos en la entidad;8,40;101,22;Fija;131,87;1298,00;Provincia del Neuquén;
45056;MONTEMAR COMPAÑIA FINANCIERA S.A.;2026-05-05;DD - PAQ. CUENTA MTM CGTE;DD - PAQ. CTA. MTM CGTE;Pesos;2050000;1000;36;0;12;75;45,00;Clientes con cuenta en la entidad;8,40;125,22;Fija;165,29;1471,00;Provincia de Córdoba;
45056;MONTEMAR COMPAÑIA FINANCIERA S.A.;2026-05-05;PV - INICIAL SGTE;PV - INICIAL SGTE;Pesos;515000;1000;18;0;12;75;45,00;Personas humanas Monotributistas;8,40;381,79;Fija;553,97;2065,00;Provincia del Neuquén;
45056;MONTEMAR COMPAÑIA FINANCIERA S.A.;2026-05-05;DD - PAQ. CUENTA MTM PROMOCIONAL  CGTE;DD-PAQ.CTA MTM PROM CGTE;Pesos;20500000;45000;12;35000;12;75;45,00;Empleados públicos;8,40;112,91;Fija;148,07;1596,00;Provincia de Córdoba;
45056;MONTEMAR COMPAÑIA FINANCIERA S.A.;2026-05-05;DD - PAQ. CUENTA MTM CGTE;DD - PAQ. CTA. MTM CGTE;Pesos;2050000;1000;12;0;12;75;45,00;Personas humanas en relación de dependencia;8,40;151,82;Fija;203,06;1748,00;Provincia del Neuquén;
45056;MONTEMAR COMPAÑIA FINANCIERA S.A.;2026-05-05;DD - PAQ. CUENTA MTM PROMOCIONAL  CGTE;DD-PAQ.CTA MTM PROM CGTE;Pesos;20500000;45000;36;35000;12;75;45,00;Clientes con cuenta en la entidad;8,40;90,12;Fija;116,66;1214,00;Provincia de Córdoba;
45056;MONTEMAR COMPAÑIA FINANCIERA S.A.;2026-05-05;DD - PAQ. CUENTA MTM PROMOCIONAL  SGTE;DD-PAQ.CTA MTM PROM SGTE;Pesos;15400000;45000;36;35000;12;75;45,00;Clientes con cuenta en la entidad;8,40;90,12;Fija;116,66;1214,00;Provincia del Neuquén;
45056;MONTEMAR COMPAÑIA FINANCIERA S.A.;2026-05-05;DD - PAQ. CUENTA MTM ORO CGTE;DD - PAQ.CTA MTM ORO CGTE;Pesos;20500000;45000;36;22000;12;75;45,00;Clientes con cuenta en la entidad;8,40;101,22;Fija;131,87;1298,00;Provincia de Córdoba;
45056;MONTEMAR COMPAÑIA FINANCIERA S.A.;2026-05-05;DD - PAQ. CUENTA MTM SGTE;DD - PAQ. CTA. MTM SGTE;Pesos;2050000;1000;12;0;12;75;45,00;Empleados públicos;8,40;151,82;Fija;203,06;1748,00;Provincia del Neuquén;
45056;MONTEMAR COMPAÑIA FINANCIERA S.A.;2026-05-05;DD - PAQ. CUENTA MTM SGTE;DD - PAQ. CTA. MTM SGTE;Pesos;2050000;1000;36;0;12;75;45,00;Personas humanas Monotributistas;8,40;125,22;Fija;165,29;1471,00;Provincia de Córdoba;
45056;MONTEMAR COMPAÑIA FINANCIERA S.A.;2026-05-05;DD - PAQ. CUENTA MTM PROMOCIONAL  SGTE;DD-PAQ.CTA MTM PROM SGTE;Pesos;15400000;45000;36;35000;12;75;45,00;Personas humanas Monotributistas;8,40;90,12;Fija;116,66;1214,00;Provincia del Neuquén;
45056;MONTEMAR COMPAÑIA FINANCIERA S.A.;2026-05-05;DD - PAQ. CUENTA MTM PROMOCIONAL  SGTE;DD-PAQ.CTA MTM PROM SGTE;Pesos;15400000;45000;12;35000;12;75;45,00;Empleados públicos;8,40;112,91;Fija;148,07;1596,00;Provincia de Córdoba;
45056;MONTEMAR COMPAÑIA FINANCIERA S.A.;2026-05-05;DD - PAQ. CUENTA MTM PROMOCIONAL  CGTE;DD-PAQ.CTA MTM PROM CGTE;Pesos;20500000;45000;36;35000;12;75;45,00;Personas humanas en relación de dependencia;8,40;90,12;Fija;116,66;1214,00;Provincia de Mendoza;
45056;MONTEMAR COMPAÑIA FINANCIERA S.A.;2026-05-05;DD - PAQ. CUENTA MTM PROMOCIONAL  SGTE;DD-PAQ.CTA MTM PROM SGTE;Pesos;15400000;45000;36;35000;12;75;45,00;Clientes que acrediten sueldos en la entidad;8,40;90,12;Fija;116,66;1214,00;Provincia de Mendoza;
45056;MONTEMAR COMPAÑIA FINANCIERA S.A.;2026-05-05;DD - PAQ. CUENTA MTM PROMOCIONAL  SGTE;DD-PAQ.CTA MTM PROM SGTE;Pesos;15400000;45000;36;35000;12;75;45,00;Empleados públicos;8,40;90,12;Fija;116,66;1214,00;Provincia de Mendoza;
45056;MONTEMAR COMPAÑIA FINANCIERA S.A.;2026-05-05;DD - PAQ. CUENTA MTM ORO CGTE;DD - PAQ.CTA MTM ORO CGTE;Pesos;20500000;45000;36;22000;12;75;45,00;Clientes que acrediten sueldos en la entidad;8,40;101,22;Fija;131,87;1298,00;Provincia de Mendoza;
45056;MONTEMAR COMPAÑIA FINANCIERA S.A.;2026-05-05;DD - PAQ. CUENTA MTM ORO SGTE;DD - PAQ.CTA MTM ORO SGTE;Pesos;15400000;45000;36;22000;12;75;45,00;Personas humanas Responsables Inscriptos;8,40;101,22;Fija;131,87;1298,00;Provincia del Neuquén;
45056;MONTEMAR COMPAÑIA FINANCIERA S.A.;2026-05-05;DD - PAQ. CUENTA MTM ORO CGTE;DD - PAQ.CTA MTM ORO CGTE;Pesos;20500000;45000;12;22000;12;75;45,00;Personas humanas Monotributistas;8,40;125,22;Fija;165,29;1646,00;Provincia de Mendoza;
45056;MONTEMAR COMPAÑIA FINANCIERA S.A.;2026-05-05;DD - PAQ. CUENTA MTM CGTE;DD - PAQ. CTA. MTM CGTE;Pesos;2050000;1000;12;0;12;75;45,00;Empleados públicos;8,40;151,82;Fija;203,06;1748,00;Provincia del Neuquén;
45056;MONTEMAR COMPAÑIA FINANCIERA S.A.;2026-05-05;DD - PAQ. CUENTA MTM PROMOCIONAL  CGTE;DD-PAQ.CTA MTM PROM CGTE;Pesos;20500000;45000;12;35000;12;75;45,00;Personas humanas en relación de dependencia;8,40;112,91;Fija;148,07;1596,00;Provincia del Neuquén;
45056;MONTEMAR COMPAÑIA FINANCIERA S.A.;2026-05-05;DD - PAQ. CUENTA MTM PROMOCIONAL  SGTE;DD-PAQ.CTA MTM PROM SGTE;Pesos;15400000;45000;36;35000;12;75;45,00;Empleados públicos;8,40;90,12;Fija;116,66;1214,00;Provincia del Neuquén;
45056;MONTEMAR COMPAÑIA FINANCIERA S.A.;2026-05-05;DD - PAQ. CUENTA MTM CGTE;DD - PAQ. CTA. MTM CGTE;Pesos;2050000;1000;36;0;12;75;45,00;Clientes que acrediten sueldos en la entidad;8,40;125,22;Fija;165,29;1471,00;Provincia de Mendoza;
45056;MONTEMAR COMPAÑIA FINANCIERA S.A.;2026-05-05;DD - PAQ. CUENTA MTM PROMOCIONAL  SGTE;DD-PAQ.CTA MTM PROM SGTE;Pesos;15400000;45000;12;35000;12;75;45,00;Empleados públicos;8,40;112,91;Fija;148,07;1596,00;Provincia del Neuquén;
45056;MONTEMAR COMPAÑIA FINANCIERA S.A.;2026-05-05;DD - PAQ. CUENTA MTM PROMOCIONAL  CGTE;DD-PAQ.CTA MTM PROM CGTE;Pesos;20500000;45000;12;35000;12;75;45,00;Empleados públicos;8,40;112,91;Fija;148,07;1596,00;Provincia del Neuquén;
45056;MONTEMAR COMPAÑIA FINANCIERA S.A.;2026-05-05;DD - PAQ. CUENTA MTM PROMOCIONAL  SGTE;DD-PAQ.CTA MTM PROM SGTE;Pesos;15400000;45000;12;35000;12;75;45,00;Personas humanas Responsables Inscriptos;8,40;112,91;Fija;148,07;1596,00;Provincia del Neuquén;
45056;MONTEMAR COMPAÑIA FINANCIERA S.A.;2026-05-05;DD - PAQ. CUENTA MTM PROMOCIONAL  CGTE;DD-PAQ.CTA MTM PROM CGTE;Pesos;20500000;45000;12;35000;12;75;45,00;Clientes que acrediten sueldos en la entidad;8,40;112,91;Fija;148,07;1596,00;Provincia de Mendoza;
45056;MONTEMAR COMPAÑIA FINANCIERA S.A.;2026-05-05;DD - PAQ. CUENTA MTM ORO CGTE;DD - PAQ.CTA MTM ORO CGTE;Pesos;20500000;45000;36;22000;12;75;45,00;Personas humanas Monotributistas;8,40;101,22;Fija;131,87;1298,00;Provincia de Mendoza;
45056;MONTEMAR COMPAÑIA FINANCIERA S.A.;2026-05-05;DD - PAQ. CUENTA MTM ORO SGTE;DD - PAQ.CTA MTM ORO SGTE;Pesos;15400000;45000;36;22000;12;75;45,00;Personas humanas en relación de dependencia;8,40;101,22;Fija;131,87;1298,00;Provincia del Neuquén;
45056;MONTEMAR COMPAÑIA FINANCIERA S.A.;2026-05-05;DD - PAQ. CUENTA MTM ORO CGTE;DD - PAQ.CTA MTM ORO CGTE;Pesos;20500000;45000;36;22000;12;75;45,00;Clientes con cuenta en la entidad;8,40;101,22;Fija;131,87;1298,00;Provincia del Neuquén;
45056;MONTEMAR COMPAÑIA FINANCIERA S.A.;2026-05-05;DD - PAQ. CUENTA MTM PROMOCIONAL  SGTE;DD-PAQ.CTA MTM PROM SGTE;Pesos;15400000;45000;12;35000;12;75;45,00;Clientes con cuenta en la entidad;8,40;112,91;Fija;148,07;1596,00;Provincia del Neuquén;
45056;MONTEMAR COMPAÑIA FINANCIERA S.A.;2026-05-05;DD - PAQ. CUENTA MTM ORO SGTE;DD - PAQ.CTA MTM ORO SGTE;Pesos;15400000;45000;36;22000;12;75;45,00;Personas humanas Monotributistas;8,40;101,22;Fija;131,87;1298,00;Provincia del Neuquén;
45056;MONTEMAR COMPAÑIA FINANCIERA S.A.;2026-05-05;DD - PAQ. CUENTA MTM ORO SGTE;DD - PAQ.CTA MTM ORO SGTE;Pesos;15400000;45000;12;22000;12;75;45,00;Personas humanas Monotributistas;8,40;125,22;Fija;165,29;1646,00;Provincia del Neuquén;
45056;MONTEMAR COMPAÑIA FINANCIERA S.A.;2026-05-05;DD - PAQ. CUENTA MTM PROMOCIONAL  CGTE;DD-PAQ.CTA MTM PROM CGTE;Pesos;20500000;45000;36;35000;12;75;45,00;Personas humanas Monotributistas;8,40;90,12;Fija;116,66;1214,00;Provincia del Neuquén;
45056;MONTEMAR COMPAÑIA FINANCIERA S.A.;2026-05-05;DD - PAQ. CUENTA MTM PROMOCIONAL  CGTE;DD-PAQ.CTA MTM PROM CGTE;Pesos;20500000;45000;36;35000;12;75;45,00;Personas humanas Responsables Inscriptos;8,40;90,12;Fija;116,66;1214,00;Provincia del Neuquén;
45056;MONTEMAR COMPAÑIA FINANCIERA S.A.;2026-05-05;DD - PAQ. CUENTA MTM PROMOCIONAL  CGTE;DD-PAQ.CTA MTM PROM CGTE;Pesos;20500000;45000;12;35000;12;75;45,00;Clientes que acrediten sueldos en la entidad;8,40;112,91;Fija;148,07;1596,00;Provincia del Neuquén;
45056;MONTEMAR COMPAÑIA FINANCIERA S.A.;2026-05-05;DD - PAQ. CUENTA MTM CGTE;DD - PAQ. CTA. MTM CGTE;Pesos;2050000;1000;36;0;12;75;45,00;Empleados públicos;8,40;125,22;Fija;165,29;1471,00;Provincia del Neuquén;
45056;MONTEMAR COMPAÑIA FINANCIERA S.A.;2026-05-05;DD - PAQ. CUENTA MTM ORO SGTE;DD - PAQ.CTA MTM ORO SGTE;Pesos;15400000;45000;36;22000;12;75;45,00;Personas humanas Monotributistas;8,40;101,22;Fija;131,87;1298,00;Provincia de Mendoza;
45056;MONTEMAR COMPAÑIA FINANCIERA S.A.;2026-05-05;DD - PAQ. CUENTA MTM CGTE;DD - PAQ. CTA. MTM CGTE;Pesos;2050000;1000;36;0;12;75;45,00;Personas humanas Responsables Inscriptos;8,40;125,22;Fija;165,29;1471,00;Provincia del Neuquén;
45056;MONTEMAR COMPAÑIA FINANCIERA S.A.;2026-05-05;DD - PAQ. CUENTA MTM CGTE;DD - PAQ. CTA. MTM CGTE;Pesos;2050000;1000;36;0;12;75;45,00;Personas humanas en relación de dependencia;8,40;125,22;Fija;165,29;1471,00;Provincia del Neuquén;
45056;MONTEMAR COMPAÑIA FINANCIERA S.A.;2026-05-05;DD - PAQ. CUENTA MTM PROMOCIONAL  SGTE;DD-PAQ.CTA MTM PROM SGTE;Pesos;15400000;45000;12;35000;12;75;45,00;Personas humanas en relación de dependencia;8,40;112,91;Fija;148,07;1596,00;Provincia del Neuquén;
45056;MONTEMAR COMPAÑIA FINANCIERA S.A.;2026-05-05;DD - PAQ. CUENTA MTM ORO CGTE;DD - PAQ.CTA MTM ORO CGTE;Pesos;20500000;45000;12;22000;12;75;45,00;Clientes que acrediten sueldos en la entidad;8,40;125,22;Fija;165,29;1646,00;Provincia del Neuquén;
45056;MONTEMAR COMPAÑIA FINANCIERA S.A.;2026-05-05;DD - PAQ. CUENTA MTM PROMOCIONAL  SGTE;DD-PAQ.CTA MTM PROM SGTE;Pesos;15400000;45000;36;35000;12;75;45,00;Personas humanas Monotributistas;8,40;90,12;Fija;116,66;1214,00;Provincia de Mendoza;
45056;MONTEMAR COMPAÑIA FINANCIERA S.A.;2026-05-05;DD - PAQ. CUENTA MTM ORO CGTE;DD - PAQ.CTA MTM ORO CGTE;Pesos;20500000;45000;36;22000;12;75;45,00;Personas humanas Responsables Inscriptos;8,40;101,22;Fija;131,87;1298,00;Provincia de Mendoza;
45056;MONTEMAR COMPAÑIA FINANCIERA S.A.;2026-05-05;DD - PAQ. CUENTA MTM CGTE;DD - PAQ. CTA. MTM CGTE;Pesos;2050000;1000;12;0;12;75;45,00;Clientes que acrediten sueldos en la entidad;8,40;151,82;Fija;203,06;1748,00;Provincia de San Luis;
45056;MONTEMAR COMPAÑIA FINANCIERA S.A.;2026-05-05;DD - PAQ. CUENTA MTM SGTE;DD - PAQ. CTA. MTM SGTE;Pesos;2050000;1000;12;0;12;75;45,00;Clientes que acrediten sueldos en la entidad;8,40;151,82;Fija;203,06;1748,00;Provincia de San Luis;
45056;MONTEMAR COMPAÑIA FINANCIERA S.A.;2026-05-05;DD - PAQ. CUENTA MTM SGTE;DD - PAQ. CTA. MTM SGTE;Pesos;2050000;1000;12;0;12;75;45,00;Empleados públicos;8,40;151,82;Fija;203,06;1748,00;Provincia de San Luis;
45056;MONTEMAR COMPAÑIA FINANCIERA S.A.;2026-05-05;DD - PAQ. CUENTA MTM SGTE;DD - PAQ. CTA. MTM SGTE;Pesos;2050000;1000;12;0;12;75;45,00;Personas humanas Responsables Inscriptos;8,40;151,82;Fija;203,06;1748,00;Provincia de San Juan;
45056;MONTEMAR COMPAÑIA FINANCIERA S.A.;2026-05-05;PV - INICIAL SGTE;PV - INICIAL SGTE;Pesos;515000;1000;18;0;12;75;45,00;Personas humanas Responsables Inscriptos;8,40;381,79;Fija;553,97;2065,00;Provincia de San Juan;
45056;MONTEMAR COMPAÑIA FINANCIERA S.A.;2026-05-05;DD - PAQ. CUENTA MTM PROMOCIONAL  CGTE;DD-PAQ.CTA MTM PROM CGTE;Pesos;20500000;45000;36;35000;12;75;45,00;Personas humanas Responsables Inscriptos;8,40;90,12;Fija;116,66;1214,00;Provincia de San Juan;
45056;MONTEMAR COMPAÑIA FINANCIERA S.A.;2026-05-05;DD - PAQ. CUENTA MTM ORO SGTE;DD - PAQ.CTA MTM ORO SGTE;Pesos;15400000;45000;12;22000;12;75;45,00;Personas humanas en relación de dependencia;8,40;125,22;Fija;165,29;1646,00;Provincia de San Juan;
45056;MONTEMAR COMPAÑIA FINANCIERA S.A.;2026-05-05;DD - PAQ. CUENTA MTM PROMOCIONAL  CGTE;DD-PAQ.CTA MTM PROM CGTE;Pesos;20500000;45000;12;35000;12;75;45,00;Clientes con cuenta en la entidad;8,40;112,91;Fija;148,07;1596,00;Provincia de San Juan;
45056;MONTEMAR COMPAÑIA FINANCIERA S.A.;2026-05-05;DD - PAQ. CUENTA MTM SGTE;DD - PAQ. CTA. MTM SGTE;Pesos;2050000;1000;36;0;12;75;45,00;Personas humanas en relación de dependencia;8,40;125,22;Fija;165,29;1471,00;Provincia de San Juan;
45056;MONTEMAR COMPAÑIA FINANCIERA S.A.;2026-05-05;DD - PAQ. CUENTA MTM PROMOCIONAL  CGTE;DD-PAQ.CTA MTM PROM CGTE;Pesos;20500000;45000;12;35000;12;75;45,00;Personas humanas en relación de dependencia;8,40;112,91;Fija;148,07;1596,00;Provincia de San Luis;
45056;MONTEMAR COMPAÑIA FINANCIERA S.A.;2026-05-05;DD - PAQ. CUENTA MTM ORO SGTE;DD - PAQ.CTA MTM ORO SGTE;Pesos;15400000;45000;12;22000;12;75;45,00;Personas humanas Monotributistas;8,40;125,22;Fija;165,29;1646,00;Provincia de San Juan;
45056;MONTEMAR COMPAÑIA FINANCIERA S.A.;2026-05-05;DD - PAQ. CUENTA MTM CGTE;DD - PAQ. CTA. MTM CGTE;Pesos;2050000;1000;12;0;12;75;45,00;Empleados públicos;8,40;151,82;Fija;203,06;1748,00;Provincia de San Luis;
45056;MONTEMAR COMPAÑIA FINANCIERA S.A.;2026-05-05;DD - PAQ. CUENTA MTM ORO CGTE;DD - PAQ.CTA MTM ORO CGTE;Pesos;20500000;45000;12;22000;12;75;45,00;Personas humanas en relación de dependencia;8,40;125,22;Fija;165,29;1646,00;Provincia de San Luis;
45056;MONTEMAR COMPAÑIA FINANCIERA S.A.;2026-05-05;DD - PAQ. CUENTA MTM SGTE;DD - PAQ. CTA. MTM SGTE;Pesos;2050000;1000;36;0;12;75;45,00;Personas humanas Monotributistas;8,40;125,22;Fija;165,29;1471,00;Provincia de San Luis;
45056;MONTEMAR COMPAÑIA FINANCIERA S.A.;2026-05-05;DD - PAQ. CUENTA MTM PROMOCIONAL  SGTE;DD-PAQ.CTA MTM PROM SGTE;Pesos;15400000;45000;12;35000;12;75;45,00;Personas humanas en relación de dependencia;8,40;112,91;Fija;148,07;1596,00;Provincia de San Luis;
45056;MONTEMAR COMPAÑIA FINANCIERA S.A.;2026-05-05;PV - PRESTAMO EXPRESS;PV - PRESTAMO EXPRESS;Pesos;205000;1000;12;0;12;75;45,00;Personas humanas en relación de dependencia;8,40;381,79;Fija;553,97;2104,00;Provincia de Mendoza;
45056;MONTEMAR COMPAÑIA FINANCIERA S.A.;2026-05-05;PV - PRESTAMO EXPRESS;PV - PRESTAMO EXPRESS;Pesos;205000;1000;12;0;12;75;45,00;Personas humanas en relación de dependencia;8,40;381,79;Fija;553,97;2104,00;Provincia de San Luis;
45056;MONTEMAR COMPAÑIA FINANCIERA S.A.;2026-05-05;DD - PAQ. CUENTA MTM ORO SGTE;DD - PAQ.CTA MTM ORO SGTE;Pesos;15400000;45000;12;22000;12;75;45,00;Clientes que acrediten sueldos en la entidad;8,40;125,22;Fija;165,29;1646,00;Provincia de San Luis;
45056;MONTEMAR COMPAÑIA FINANCIERA S.A.;2026-05-05;DD - PAQ. CUENTA MTM PROMOCIONAL  CGTE;DD-PAQ.CTA MTM PROM CGTE;Pesos;20500000;45000;36;35000;12;75;45,00;Personas humanas en relación de dependencia;8,40;90,12;Fija;116,66;1214,00;Provincia de San Luis;
45056;MONTEMAR COMPAÑIA FINANCIERA S.A.;2026-05-05;DD - PAQ. CUENTA MTM ORO CGTE;DD - PAQ.CTA MTM ORO CGTE;Pesos;20500000;45000;36;22000;12;75;45,00;Empleados públicos;8,40;101,22;Fija;131,87;1298,00;Provincia de San Luis;
45056;MONTEMAR COMPAÑIA FINANCIERA S.A.;2026-05-05;DD - PAQ. CUENTA MTM PROMOCIONAL  SGTE;DD-PAQ.CTA MTM PROM SGTE;Pesos;15400000;45000;12;35000;12;75;45,00;Personas humanas Monotributistas;8,40;112,91;Fija;148,07;1596,00;Provincia de Mendoza;
45056;MONTEMAR COMPAÑIA FINANCIERA S.A.;2026-05-05;DD - PAQ. CUENTA MTM ORO CGTE;DD - PAQ.CTA MTM ORO CGTE;Pesos;20500000;45000;12;22000;12;75;45,00;Clientes que acrediten sueldos en la entidad;8,40;125,22;Fija;165,29;1646,00;Provincia de San Luis;
45056;MONTEMAR COMPAÑIA FINANCIERA S.A.;2026-05-05;DD - PAQ. CUENTA MTM ORO SGTE;DD - PAQ.CTA MTM ORO SGTE;Pesos;15400000;45000;12;22000;12;75;45,00;Empleados públicos;8,40;125,22;Fija;165,29;1646,00;Provincia de San Luis;
45056;MONTEMAR COMPAÑIA FINANCIERA S.A.;2026-05-05;DD - PAQ. CUENTA MTM CGTE;DD - PAQ. CTA. MTM CGTE;Pesos;2050000;1000;36;0;12;75;45,00;Clientes que acrediten sueldos en la entidad;8,40;125,22;Fija;165,29;1471,00;Provincia de San Juan;
45056;MONTEMAR COMPAÑIA FINANCIERA S.A.;2026-05-05;DD - PAQ. CUENTA MTM ORO SGTE;DD - PAQ.CTA MTM ORO SGTE;Pesos;15400000;45000;12;22000;12;75;45,00;Clientes que acrediten sueldos en la entidad;8,40;125,22;Fija;165,29;1646,00;Provincia de San Juan;
45056;MONTEMAR COMPAÑIA FINANCIERA S.A.;2026-05-05;DD - PAQ. CUENTA MTM ORO CGTE;DD - PAQ.CTA MTM ORO CGTE;Pesos;20500000;45000;12;22000;12;75;45,00;Empleados públicos;8,40;125,22;Fija;165,29;1646,00;Provincia de San Juan;
45056;MONTEMAR COMPAÑIA FINANCIERA S.A.;2026-05-05;DD - PAQ. CUENTA MTM PROMOCIONAL  SGTE;DD-PAQ.CTA MTM PROM SGTE;Pesos;15400000;45000;36;35000;12;75;45,00;Personas humanas en relación de dependencia;8,40;90,12;Fija;116,66;1214,00;Provincia de San Juan;
45056;MONTEMAR COMPAÑIA FINANCIERA S.A.;2026-05-05;DD - PAQ. CUENTA MTM ORO CGTE;DD - PAQ.CTA MTM ORO CGTE;Pesos;20500000;45000;36;22000;12;75;45,00;Personas humanas Monotributistas;8,40;101,22;Fija;131,87;1298,00;Provincia de San Juan;
45056;MONTEMAR COMPAÑIA FINANCIERA S.A.;2026-05-05;DD - PAQ. CUENTA MTM CGTE;DD - PAQ. CTA. MTM CGTE;Pesos;2050000;1000;36;0;12;75;45,00;Personas humanas Monotributistas;8,40;125,22;Fija;165,29;1471,00;Provincia de San Juan;
45056;MONTEMAR COMPAÑIA FINANCIERA S.A.;2026-05-05;DD - PAQ. CUENTA MTM PROMOCIONAL  CGTE;DD-PAQ.CTA MTM PROM CGTE;Pesos;20500000;45000;12;35000;12;75;45,00;Personas humanas Responsables Inscriptos;8,40;112,91;Fija;148,07;1596,00;Provincia de San Juan;
45056;MONTEMAR COMPAÑIA FINANCIERA S.A.;2026-05-05;DD - PAQ. CUENTA MTM ORO CGTE;DD - PAQ.CTA MTM ORO CGTE;Pesos;20500000;45000;36;22000;12;75;45,00;Personas humanas en relación de dependencia;8,40;101,22;Fija;131,87;1298,00;Provincia de San Juan;
45056;MONTEMAR COMPAÑIA FINANCIERA S.A.;2026-05-05;DD - PAQ. CUENTA MTM PROMOCIONAL  CGTE;DD-PAQ.CTA MTM PROM CGTE;Pesos;20500000;45000;12;35000;12;75;45,00;Personas humanas Monotributistas;8,40;112,91;Fija;148,07;1596,00;Provincia de San Juan;
45056;MONTEMAR COMPAÑIA FINANCIERA S.A.;2026-05-05;DD - PAQ. CUENTA MTM PROMOCIONAL  SGTE;DD-PAQ.CTA MTM PROM SGTE;Pesos;15400000;45000;36;35000;12;75;45,00;Personas humanas Monotributistas;8,40;90,12;Fija;116,66;1214,00;Provincia de San Juan;
45056;MONTEMAR COMPAÑIA FINANCIERA S.A.;2026-05-05;DD - PAQ. CUENTA MTM CGTE;DD - PAQ. CTA. MTM CGTE;Pesos;2050000;1000;36;0;12;75;45,00;Clientes con cuenta en la entidad;8,40;125,22;Fija;165,29;1471,00;Provincia de Mendoza;
45056;MONTEMAR COMPAÑIA FINANCIERA S.A.;2026-05-05;DD - PAQ. CUENTA MTM SGTE;DD - PAQ. CTA. MTM SGTE;Pesos;2050000;1000;36;0;12;75;45,00;Clientes con cuenta en la entidad;8,40;125,22;Fija;165,29;1471,00;Provincia de San Luis;
45056;MONTEMAR COMPAÑIA FINANCIERA S.A.;2026-05-05;DD - PAQ. CUENTA MTM ORO SGTE;DD - PAQ.CTA MTM ORO SGTE;Pesos;15400000;45000;12;22000;12;75;45,00;Empleados públicos;8,40;125,22;Fija;165,29;1646,00;Provincia de San Juan;
45056;MONTEMAR COMPAÑIA FINANCIERA S.A.;2026-05-05;DD - PAQ. CUENTA MTM ORO CGTE;DD - PAQ.CTA MTM ORO CGTE;Pesos;20500000;45000;36;22000;12;75;45,00;Empleados públicos;8,40;101,22;Fija;131,87;1298,00;Provincia de Mendoza;
45056;MONTEMAR COMPAÑIA FINANCIERA S.A.;2026-05-05;DD - PAQ. CUENTA MTM SGTE;DD - PAQ. CTA. MTM SGTE;Pesos;2050000;1000;12;0;12;75;45,00;Clientes con cuenta en la entidad;8,40;151,82;Fija;203,06;1748,00;Provincia de San Luis;
45056;MONTEMAR COMPAÑIA FINANCIERA S.A.;2026-05-05;DD - PAQ. CUENTA MTM PROMOCIONAL  CGTE;DD-PAQ.CTA MTM PROM CGTE;Pesos;20500000;45000;36;35000;12;75;45,00;Personas humanas Monotributistas;8,40;90,12;Fija;116,66;1214,00;Provincia de San Luis;
45056;MONTEMAR COMPAÑIA FINANCIERA S.A.;2026-05-05;DD - PAQ. CUENTA MTM SGTE;DD - PAQ. CTA. MTM SGTE;Pesos;2050000;1000;12;0;12;75;45,00;Clientes con cuenta en la entidad;8,40;151,82;Fija;203,06;1748,00;Provincia de San Juan;
45056;MONTEMAR COMPAÑIA FINANCIERA S.A.;2026-05-05;DD - PAQ. CUENTA MTM SGTE;DD - PAQ. CTA. MTM SGTE;Pesos;2050000;1000;12;0;12;75;45,00;Clientes que acrediten sueldos en la entidad;8,40;151,82;Fija;203,06;1748,00;Provincia de San Juan;
45056;MONTEMAR COMPAÑIA FINANCIERA S.A.;2026-05-05;DD - PAQ. CUENTA MTM SGTE;DD - PAQ. CTA. MTM SGTE;Pesos;2050000;1000;12;0;12;75;45,00;Empleados públicos;8,40;151,82;Fija;203,06;1748,00;Provincia de San Juan;
45056;MONTEMAR COMPAÑIA FINANCIERA S.A.;2026-05-05;DD - PAQ. CUENTA MTM PROMOCIONAL  CGTE;DD-PAQ.CTA MTM PROM CGTE;Pesos;20500000;45000;12;35000;12;75;45,00;Empleados públicos;8,40;112,91;Fija;148,07;1596,00;Provincia de San Juan;
45056;MONTEMAR COMPAÑIA FINANCIERA S.A.;2026-05-05;DD - PAQ. CUENTA MTM SGTE;DD - PAQ. CTA. MTM SGTE;Pesos;2050000;1000;36;0;12;75;45,00;Empleados públicos;8,40;125,22;Fija;165,29;1471,00;Provincia de San Luis;
45056;MONTEMAR COMPAÑIA FINANCIERA S.A.;2026-05-05;DD - PAQ. CUENTA MTM PROMOCIONAL  CGTE;DD-PAQ.CTA MTM PROM CGTE;Pesos;20500000;45000;36;35000;12;75;45,00;Clientes que acrediten sueldos en la entidad;8,40;90,12;Fija;116,66;1214,00;Provincia de San Juan;
45056;MONTEMAR COMPAÑIA FINANCIERA S.A.;2026-05-05;DD - PAQ. CUENTA MTM PROMOCIONAL  CGTE;DD-PAQ.CTA MTM PROM CGTE;Pesos;20500000;45000;36;35000;12;75;45,00;Empleados públicos;8,40;90,12;Fija;116,66;1214,00;Provincia de San Juan;
45056;MONTEMAR COMPAÑIA FINANCIERA S.A.;2026-05-05;DD - PAQ. CUENTA MTM SGTE;DD - PAQ. CTA. MTM SGTE;Pesos;2050000;1000;36;0;12;75;45,00;Personas humanas Responsables Inscriptos;8,40;125,22;Fija;165,29;1471,00;Provincia de San Juan;
45056;MONTEMAR COMPAÑIA FINANCIERA S.A.;2026-05-05;PV - PRESTAMO EXPRESS;PV - PRESTAMO EXPRESS;Pesos;205000;1000;12;0;12;75;45,00;Personas humanas Responsables Inscriptos;8,40;381,79;Fija;553,97;2104,00;Provincia de San Juan;
45056;MONTEMAR COMPAÑIA FINANCIERA S.A.;2026-05-05;DD - PAQ. CUENTA MTM PROMOCIONAL  SGTE;DD-PAQ.CTA MTM PROM SGTE;Pesos;15400000;45000;36;35000;12;75;45,00;Empleados públicos;8,40;90,12;Fija;116,66;1214,00;Provincia de San Juan;
45056;MONTEMAR COMPAÑIA FINANCIERA S.A.;2026-05-05;DD - PAQ. CUENTA MTM PROMOCIONAL  SGTE;DD-PAQ.CTA MTM PROM SGTE;Pesos;15400000;45000;12;35000;12;75;45,00;Clientes que acrediten sueldos en la entidad;8,40;112,91;Fija;148,07;1596,00;Provincia de San Juan;
45056;MONTEMAR COMPAÑIA FINANCIERA S.A.;2026-05-05;DD - PAQ. CUENTA MTM PROMOCIONAL  SGTE;DD-PAQ.CTA MTM PROM SGTE;Pesos;15400000;45000;12;35000;12;75;45,00;Clientes que acrediten sueldos en la entidad;8,40;112,91;Fija;148,07;1596,00;Provincia de San Luis;
45056;MONTEMAR COMPAÑIA FINANCIERA S.A.;2026-05-05;DD - PAQ. CUENTA MTM PROMOCIONAL  CGTE;DD-PAQ.CTA MTM PROM CGTE;Pesos;20500000;45000;12;35000;12;75;45,00;Empleados públicos;8,40;112,91;Fija;148,07;1596,00;Provincia de San Luis;
45056;MONTEMAR COMPAÑIA FINANCIERA S.A.;2026-05-05;DD - PAQ. CUENTA MTM PROMOCIONAL  CGTE;DD-PAQ.CTA MTM PROM CGTE;Pesos;20500000;45000;36;35000;12;75;45,00;Clientes con cuenta en la entidad;8,40;90,12;Fija;116,66;1214,00;Provincia de Mendoza;
45056;MONTEMAR COMPAÑIA FINANCIERA S.A.;2026-05-05;DD - PAQ. CUENTA MTM ORO SGTE;DD - PAQ.CTA MTM ORO SGTE;Pesos;15400000;45000;12;22000;12;75;45,00;Personas humanas Responsables Inscriptos;8,40;125,22;Fija;165,29;1646,00;Provincia de San Luis;
45056;MONTEMAR COMPAÑIA FINANCIERA S.A.;2026-05-05;PV - PRESTAMO EXPRESS;PV - PRESTAMO EXPRESS;Pesos;205000;1000;12;0;12;75;45,00;Personas humanas Responsables Inscriptos;8,40;381,79;Fija;553,97;2104,00;Provincia de San Luis;
45056;MONTEMAR COMPAÑIA FINANCIERA S.A.;2026-05-05;DD - PAQ. CUENTA MTM ORO CGTE;DD - PAQ.CTA MTM ORO CGTE;Pesos;20500000;45000;12;22000;12;75;45,00;Personas humanas Responsables Inscriptos;8,40;125,22;Fija;165,29;1646,00;Provincia de San Luis;
45056;MONTEMAR COMPAÑIA FINANCIERA S.A.;2026-05-05;DD - PAQ. CUENTA MTM PROMOCIONAL  SGTE;DD-PAQ.CTA MTM PROM SGTE;Pesos;15400000;45000;36;35000;12;75;45,00;Personas humanas en relación de dependencia;8,40;90,12;Fija;116,66;1214,00;Provincia de San Luis;
45056;MONTEMAR COMPAÑIA FINANCIERA S.A.;2026-05-05;DD - PAQ. CUENTA MTM ORO SGTE;DD - PAQ.CTA MTM ORO SGTE;Pesos;15400000;45000;36;22000;12;75;45,00;Personas humanas Responsables Inscriptos;8,40;101,22;Fija;131,87;1298,00;Provincia de San Luis;
45056;MONTEMAR COMPAÑIA FINANCIERA S.A.;2026-05-05;DD - PAQ. CUENTA MTM ORO CGTE;DD - PAQ.CTA MTM ORO CGTE;Pesos;20500000;45000;12;22000;12;75;45,00;Personas humanas Monotributistas;8,40;125,22;Fija;165,29;1646,00;Provincia de San Luis;
45056;MONTEMAR COMPAÑIA FINANCIERA S.A.;2026-05-05;DD - PAQ. CUENTA MTM CGTE;DD - PAQ. CTA. MTM CGTE;Pesos;2050000;1000;12;0;12;75;45,00;Personas humanas Responsables Inscriptos;8,40;151,82;Fija;203,06;1748,00;Provincia de San Luis;
45056;MONTEMAR COMPAÑIA FINANCIERA S.A.;2026-05-05;DD - PAQ. CUENTA MTM ORO SGTE;DD - PAQ.CTA MTM ORO SGTE;Pesos;15400000;45000;36;22000;12;75;45,00;Personas humanas Monotributistas;8,40;101,22;Fija;131,87;1298,00;Provincia de San Luis;
45056;MONTEMAR COMPAÑIA FINANCIERA S.A.;2026-05-05;DD - PAQ. CUENTA MTM SGTE;DD - PAQ. CTA. MTM SGTE;Pesos;2050000;1000;12;0;12;75;45,00;Personas humanas Responsables Inscriptos;8,40;151,82;Fija;203,06;1748,00;Provincia de San Luis;
45056;MONTEMAR COMPAÑIA FINANCIERA S.A.;2026-05-05;DD - PAQ. CUENTA MTM PROMOCIONAL  CGTE;DD-PAQ.CTA MTM PROM CGTE;Pesos;20500000;45000;36;35000;12;75;45,00;Clientes con cuenta en la entidad;8,40;90,12;Fija;116,66;1214,00;Provincia de San Luis;
45056;MONTEMAR COMPAÑIA FINANCIERA S.A.;2026-05-05;DD - PAQ. CUENTA MTM PROMOCIONAL  SGTE;DD-PAQ.CTA MTM PROM SGTE;Pesos;15400000;45000;36;35000;12;75;45,00;Personas humanas Responsables Inscriptos;8,40;90,12;Fija;116,66;1214,00;Provincia de San Luis;
45056;MONTEMAR COMPAÑIA FINANCIERA S.A.;2026-05-05;DD - PAQ. CUENTA MTM ORO SGTE;DD - PAQ.CTA MTM ORO SGTE;Pesos;15400000;45000;12;22000;12;75;45,00;Personas humanas Monotributistas;8,40;125,22;Fija;165,29;1646,00;Provincia de San Luis;
45056;MONTEMAR COMPAÑIA FINANCIERA S.A.;2026-05-05;DD - PAQ. CUENTA MTM CGTE;DD - PAQ. CTA. MTM CGTE;Pesos;2050000;1000;36;0;12;75;45,00;Personas humanas Responsables Inscriptos;8,40;125,22;Fija;165,29;1471,00;Provincia de San Luis;
45056;MONTEMAR COMPAÑIA FINANCIERA S.A.;2026-05-05;DD - PAQ. CUENTA MTM SGTE;DD - PAQ. CTA. MTM SGTE;Pesos;2050000;1000;36;0;12;75;45,00;Personas humanas Responsables Inscriptos;8,40;125,22;Fija;165,29;1471,00;Provincia de San Luis;
45056;MONTEMAR COMPAÑIA FINANCIERA S.A.;2026-05-05;DD - PAQ. CUENTA MTM PROMOCIONAL  CGTE;DD-PAQ.CTA MTM PROM CGTE;Pesos;20500000;45000;36;35000;12;75;45,00;Personas humanas Responsables Inscriptos;8,40;90,12;Fija;116,66;1214,00;Provincia de San Luis;
45056;MONTEMAR COMPAÑIA FINANCIERA S.A.;2026-05-05;DD - PAQ. CUENTA MTM PROMOCIONAL  SGTE;DD-PAQ.CTA MTM PROM SGTE;Pesos;15400000;45000;36;35000;12;75;45,00;Clientes que acrediten sueldos en la entidad;8,40;90,12;Fija;116,66;1214,00;Provincia de San Luis;
45056;MONTEMAR COMPAÑIA FINANCIERA S.A.;2026-05-05;DD - PAQ. CUENTA MTM PROMOCIONAL  CGTE;DD-PAQ.CTA MTM PROM CGTE;Pesos;20500000;45000;12;35000;12;75;45,00;Clientes con cuenta en la entidad;8,40;112,91;Fija;148,07;1596,00;Provincia de San Luis;
45056;MONTEMAR COMPAÑIA FINANCIERA S.A.;2026-05-05;PV - INICIAL SGTE;PV - INICIAL SGTE;Pesos;515000;1000;18;0;12;75;45,00;Personas humanas Responsables Inscriptos;8,40;381,79;Fija;553,97;2065,00;Provincia de San Luis;
45056;MONTEMAR COMPAÑIA FINANCIERA S.A.;2026-05-05;DD - PAQ. CUENTA MTM ORO SGTE;DD - PAQ.CTA MTM ORO SGTE;Pesos;15400000;45000;36;22000;12;75;45,00;Clientes con cuenta en la entidad;8,40;101,22;Fija;131,87;1298,00;Provincia de San Luis;
45056;MONTEMAR COMPAÑIA FINANCIERA S.A.;2026-05-05;DD - PAQ. CUENTA MTM ORO CGTE;DD - PAQ.CTA MTM ORO CGTE;Pesos;20500000;45000;36;22000;12;75;45,00;Personas humanas Responsables Inscriptos;8,40;101,22;Fija;131,87;1298,00;Provincia de San Luis;
45056;MONTEMAR COMPAÑIA FINANCIERA S.A.;2026-05-05;DD - PAQ. CUENTA MTM PROMOCIONAL  CGTE;DD-PAQ.CTA MTM PROM CGTE;Pesos;20500000;45000;12;35000;12;75;45,00;Personas humanas Responsables Inscriptos;8,40;112,91;Fija;148,07;1596,00;Provincia de San Luis;
45056;MONTEMAR COMPAÑIA FINANCIERA S.A.;2026-05-05;DD - PAQ. CUENTA MTM ORO SGTE;DD - PAQ.CTA MTM ORO SGTE;Pesos;15400000;45000;12;22000;12;75;45,00;Clientes con cuenta en la entidad;8,40;125,22;Fija;165,29;1646,00;Provincia de San Luis;
45056;MONTEMAR COMPAÑIA FINANCIERA S.A.;2026-05-05;DD - PAQ. CUENTA MTM CGTE;DD - PAQ. CTA. MTM CGTE;Pesos;2050000;1000;36;0;12;75;45,00;Clientes que acrediten sueldos en la entidad;8,40;125,22;Fija;165,29;1471,00;Provincia de San Luis;
45056;MONTEMAR COMPAÑIA FINANCIERA S.A.;2026-05-05;DD - PAQ. CUENTA MTM SGTE;DD - PAQ. CTA. MTM SGTE;Pesos;2050000;1000;36;0;12;75;45,00;Personas humanas en relación de dependencia;8,40;125,22;Fija;165,29;1471,00;Provincia de Mendoza;
45056;MONTEMAR COMPAÑIA FINANCIERA S.A.;2026-05-05;DD - PAQ. CUENTA MTM PROMOCIONAL  CGTE;DD-PAQ.CTA MTM PROM CGTE;Pesos;20500000;45000;12;35000;12;75;45,00;Personas humanas Monotributistas;8,40;112,91;Fija;148,07;1596,00;Provincia de San Luis;
45056;MONTEMAR COMPAÑIA FINANCIERA S.A.;2026-05-05;DD - PAQ. CUENTA MTM ORO CGTE;DD - PAQ.CTA MTM ORO CGTE;Pesos;20500000;45000;36;22000;12;75;45,00;Personas humanas Monotributistas;8,40;101,22;Fija;131,87;1298,00;Provincia de San Luis;
45056;MONTEMAR COMPAÑIA FINANCIERA S.A.;2026-05-05;DD - PAQ. CUENTA MTM CGTE;DD - PAQ. CTA. MTM CGTE;Pesos;2050000;1000;12;0;12;75;45,00;Personas humanas Monotributistas;8,40;151,82;Fija;203,06;1748,00;Provincia de San Luis;
45056;MONTEMAR COMPAÑIA FINANCIERA S.A.;2026-05-05;DD - PAQ. CUENTA MTM ORO CGTE;DD - PAQ.CTA MTM ORO CGTE;Pesos;20500000;45000;36;22000;12;75;45,00;Personas humanas en relación de dependencia;8,40;101,22;Fija;131,87;1298,00;Provincia de San Luis;
45056;MONTEMAR COMPAÑIA FINANCIERA S.A.;2026-05-05;DD - PAQ. CUENTA MTM CGTE;DD - PAQ. CTA. MTM CGTE;Pesos;2050000;1000;36;0;12;75;45,00;Empleados públicos;8,40;125,22;Fija;165,29;1471,00;Provincia de San Luis;
45056;MONTEMAR COMPAÑIA FINANCIERA S.A.;2026-05-05;DD - PAQ. CUENTA MTM PROMOCIONAL  CGTE;DD-PAQ.CTA MTM PROM CGTE;Pesos;20500000;45000;36;35000;12;75;45,00;Empleados públicos;8,40;90,12;Fija;116,66;1214,00;Provincia de San Luis;
45056;MONTEMAR COMPAÑIA FINANCIERA S.A.;2026-05-05;DD - PAQ. CUENTA MTM ORO CGTE;DD - PAQ.CTA MTM ORO CGTE;Pesos;20500000;45000;12;22000;12;75;45,00;Personas humanas Responsables Inscriptos;8,40;125,22;Fija;165,29;1646,00;Provincia de Mendoza;
45056;MONTEMAR COMPAÑIA FINANCIERA S.A.;2026-05-05;PV - INICIAL SGTE;PV - INICIAL SGTE;Pesos;515000;1000;18;0;12;75;45,00;Personas humanas Monotributistas;8,40;381,79;Fija;553,97;2065,00;Provincia de Mendoza;
45056;MONTEMAR COMPAÑIA FINANCIERA S.A.;2026-05-05;DD - PAQ. CUENTA MTM CGTE;DD - PAQ. CTA. MTM CGTE;Pesos;2050000;1000;36;0;12;75;45,00;Personas humanas Monotributistas;8,40;125,22;Fija;165,29;1471,00;Provincia de San Luis;
45056;MONTEMAR COMPAÑIA FINANCIERA S.A.;2026-05-05;DD - PAQ. CUENTA MTM ORO CGTE;DD - PAQ.CTA MTM ORO CGTE;Pesos;20500000;45000;36;22000;12;75;45,00;Clientes con cuenta en la entidad;8,40;101,22;Fija;131,87;1298,00;Provincia de Mendoza;
45056;MONTEMAR COMPAÑIA FINANCIERA S.A.;2026-05-05;DD - PAQ. CUENTA MTM PROMOCIONAL  SGTE;DD-PAQ.CTA MTM PROM SGTE;Pesos;15400000;45000;36;35000;12;75;45,00;Empleados públicos;8,40;90,12;Fija;116,66;1214,00;Provincia de San Luis;
45056;MONTEMAR COMPAÑIA FINANCIERA S.A.;2026-05-05;PV - INICIAL SGTE;PV - INICIAL SGTE;Pesos;515000;1000;18;0;12;75;45,00;Personas humanas en relación de dependencia;8,40;381,79;Fija;553,97;2065,00;Provincia de San Luis;
45056;MONTEMAR COMPAÑIA FINANCIERA S.A.;2026-05-05;DD - PAQ. CUENTA MTM PROMOCIONAL  SGTE;DD-PAQ.CTA MTM PROM SGTE;Pesos;15400000;45000;36;35000;12;75;45,00;Personas humanas Monotributistas;8,40;90,12;Fija;116,66;1214,00;Provincia de San Luis;
45056;MONTEMAR COMPAÑIA FINANCIERA S.A.;2026-05-05;DD - PAQ. CUENTA MTM ORO SGTE;DD - PAQ.CTA MTM ORO SGTE;Pesos;15400000;45000;36;22000;12;75;45,00;Personas humanas en relación de dependencia;8,40;101,22;Fija;131,87;1298,00;Provincia de San Luis;
45056;MONTEMAR COMPAÑIA FINANCIERA S.A.;2026-05-05;DD - PAQ. CUENTA MTM PROMOCIONAL  SGTE;DD-PAQ.CTA MTM PROM SGTE;Pesos;15400000;45000;12;35000;12;75;45,00;Personas humanas Responsables Inscriptos;8,40;112,91;Fija;148,07;1596,00;Provincia de San Luis;
45056;MONTEMAR COMPAÑIA FINANCIERA S.A.;2026-05-05;DD - PAQ. CUENTA MTM PROMOCIONAL  SGTE;DD-PAQ.CTA MTM PROM SGTE;Pesos;15400000;45000;12;35000;12;75;45,00;Personas humanas Monotributistas;8,40;112,91;Fija;148,07;1596,00;Provincia de San Luis;
45056;MONTEMAR COMPAÑIA FINANCIERA S.A.;2026-05-05;DD - PAQ. CUENTA MTM ORO SGTE;DD - PAQ.CTA MTM ORO SGTE;Pesos;15400000;45000;12;22000;12;75;45,00;Personas humanas en relación de dependencia;8,40;125,22;Fija;165,29;1646,00;Provincia de San Luis;
45056;MONTEMAR COMPAÑIA FINANCIERA S.A.;2026-05-05;DD - PAQ. CUENTA MTM ORO CGTE;DD - PAQ.CTA MTM ORO CGTE;Pesos;20500000;45000;12;22000;12;75;45,00;Empleados públicos;8,40;125,22;Fija;165,29;1646,00;Provincia de San Luis;
45056;MONTEMAR COMPAÑIA FINANCIERA S.A.;2026-05-05;PV - INICIAL SGTE;PV - INICIAL SGTE;Pesos;515000;1000;18;0;12;75;45,00;Personas humanas Responsables Inscriptos;8,40;381,79;Fija;553,97;2065,00;Provincia de Mendoza;
45056;MONTEMAR COMPAÑIA FINANCIERA S.A.;2026-05-05;DD - PAQ. CUENTA MTM SGTE;DD - PAQ. CTA. MTM SGTE;Pesos;2050000;1000;12;0;12;75;45,00;Personas humanas Monotributistas;8,40;151,82;Fija;203,06;1748,00;Provincia de San Luis;
45056;MONTEMAR COMPAÑIA FINANCIERA S.A.;2026-05-05;DD - PAQ. CUENTA MTM PROMOCIONAL  CGTE;DD-PAQ.CTA MTM PROM CGTE;Pesos;20500000;45000;36;35000;12;75;45,00;Clientes que acrediten sueldos en la entidad;8,40;90,12;Fija;116,66;1214,00;Provincia de San Luis;
45056;MONTEMAR COMPAÑIA FINANCIERA S.A.;2026-05-05;DD - PAQ. CUENTA MTM PROMOCIONAL  CGTE;DD-PAQ.CTA MTM PROM CGTE;Pesos;20500000;45000;12;35000;12;75;45,00;Clientes que acrediten sueldos en la entidad;8,40;112,91;Fija;148,07;1596,00;Provincia de San Luis;
45056;MONTEMAR COMPAÑIA FINANCIERA S.A.;2026-05-05;DD - PAQ. CUENTA MTM SGTE;DD - PAQ. CTA. MTM SGTE;Pesos;2050000;1000;36;0;12;75;45,00;Personas humanas en relación de dependencia;8,40;125,22;Fija;165,29;1471,00;Provincia de San Luis;
45056;MONTEMAR COMPAÑIA FINANCIERA S.A.;2026-05-05;DD - PAQ. CUENTA MTM CGTE;DD - PAQ. CTA. MTM CGTE;Pesos;2050000;1000;12;0;12;75;45,00;Clientes con cuenta en la entidad;8,40;151,82;Fija;203,06;1748,00;Provincia de San Luis;
45056;MONTEMAR COMPAÑIA FINANCIERA S.A.;2026-05-05;DD - PAQ. CUENTA MTM PROMOCIONAL  SGTE;DD-PAQ.CTA MTM PROM SGTE;Pesos;15400000;45000;12;35000;12;75;45,00;Empleados públicos;8,40;112,91;Fija;148,07;1596,00;Provincia de San Luis;
45056;MONTEMAR COMPAÑIA FINANCIERA S.A.;2026-05-05;PV - INICIAL SGTE;PV - INICIAL SGTE;Pesos;515000;1000;18;0;12;75;45,00;Personas humanas Monotributistas;8,40;381,79;Fija;553,97;2065,00;Provincia de San Luis;
45056;MONTEMAR COMPAÑIA FINANCIERA S.A.;2026-05-05;DD - PAQ. CUENTA MTM ORO CGTE;DD - PAQ.CTA MTM ORO CGTE;Pesos;20500000;45000;36;22000;12;75;45,00;Clientes que acrediten sueldos en la entidad;8,40;101,22;Fija;131,87;1298,00;Provincia de San Luis;
45056;MONTEMAR COMPAÑIA FINANCIERA S.A.;2026-05-05;DD - PAQ. CUENTA MTM PROMOCIONAL  CGTE;DD-PAQ.CTA MTM PROM CGTE;Pesos;20500000;45000;36;35000;12;75;45,00;Personas humanas Monotributistas;8,40;90,12;Fija;116,66;1214,00;Provincia de San Juan;
45056;MONTEMAR COMPAÑIA FINANCIERA S.A.;2026-05-05;DD - PAQ. CUENTA MTM ORO CGTE;DD - PAQ.CTA MTM ORO CGTE;Pesos;20500000;45000;12;22000;12;75;45,00;Personas humanas en relación de dependencia;8,40;125,22;Fija;165,29;1646,00;Provincia de San Juan;
45056;MONTEMAR COMPAÑIA FINANCIERA S.A.;2026-05-05;DD - PAQ. CUENTA MTM ORO SGTE;DD - PAQ.CTA MTM ORO SGTE;Pesos;15400000;45000;12;22000;12;75;45,00;Personas humanas en relación de dependencia;8,40;125,22;Fija;165,29;1646,00;Provincia de Mendoza;
45056;MONTEMAR COMPAÑIA FINANCIERA S.A.;2026-05-05;DD - PAQ. CUENTA MTM PROMOCIONAL  SGTE;DD-PAQ.CTA MTM PROM SGTE;Pesos;15400000;45000;36;35000;12;75;45,00;Personas humanas Responsables Inscriptos;8,40;90,12;Fija;116,66;1214,00;Provincia de Mendoza;
45056;MONTEMAR COMPAÑIA FINANCIERA S.A.;2026-05-05;DD - PAQ. CUENTA MTM ORO SGTE;DD - PAQ.CTA MTM ORO SGTE;Pesos;15400000;45000;12;22000;12;75;45,00;Empleados públicos;8,40;125,22;Fija;165,29;1646,00;Provincia de Mendoza;
45056;MONTEMAR COMPAÑIA FINANCIERA S.A.;2026-05-05;DD - PAQ. CUENTA MTM CGTE;DD - PAQ. CTA. MTM CGTE;Pesos;2050000;1000;12;0;12;75;45,00;Personas humanas Monotributistas;8,40;151,82;Fija;203,06;1748,00;Provincia de Mendoza;
45056;MONTEMAR COMPAÑIA FINANCIERA S.A.;2026-05-05;DD - PAQ. CUENTA MTM CGTE;DD - PAQ. CTA. MTM CGTE;Pesos;2050000;1000;36;0;12;75;45,00;Personas humanas Responsables Inscriptos;8,40;125,22;Fija;165,29;1471,00;Provincia de Mendoza;
45056;MONTEMAR COMPAÑIA FINANCIERA S.A.;2026-05-05;DD - PAQ. CUENTA MTM SGTE;DD - PAQ. CTA. MTM SGTE;Pesos;2050000;1000;36;0;12;75;45,00;Personas humanas Monotributistas;8,40;125,22;Fija;165,29;1471,00;Provincia de Mendoza;
45056;MONTEMAR COMPAÑIA FINANCIERA S.A.;2026-05-05;DD - PAQ. CUENTA MTM ORO SGTE;DD - PAQ.CTA MTM ORO SGTE;Pesos;15400000;45000;36;22000;12;75;45,00;Empleados públicos;8,40;101,22;Fija;131,87;1298,00;Provincia de San Luis;
45056;MONTEMAR COMPAÑIA FINANCIERA S.A.;2026-05-05;DD - PAQ. CUENTA MTM SGTE;DD - PAQ. CTA. MTM SGTE;Pesos;2050000;1000;12;0;12;75;45,00;Personas humanas en relación de dependencia;8,40;151,82;Fija;203,06;1748,00;Provincia de San Luis;
45056;MONTEMAR COMPAÑIA FINANCIERA S.A.;2026-05-05;DD - PAQ. CUENTA MTM PROMOCIONAL  CGTE;DD-PAQ.CTA MTM PROM CGTE;Pesos;20500000;45000;12;35000;12;75;45,00;Personas humanas en relación de dependencia;8,40;112,91;Fija;148,07;1596,00;Provincia de Mendoza;
45056;MONTEMAR COMPAÑIA FINANCIERA S.A.;2026-05-05;DD - PAQ. CUENTA MTM ORO SGTE;DD - PAQ.CTA MTM ORO SGTE;Pesos;15400000;45000;36;22000;12;75;45,00;Clientes que acrediten sueldos en la entidad;8,40;101,22;Fija;131,87;1298,00;Provincia de San Luis;
45056;MONTEMAR COMPAÑIA FINANCIERA S.A.;2026-05-05;DD - PAQ. CUENTA MTM ORO CGTE;DD - PAQ.CTA MTM ORO CGTE;Pesos;20500000;45000;36;22000;12;75;45,00;Clientes que acrediten sueldos en la entidad;8,40;101,22;Fija;131,87;1298,00;Provincia de San Juan;
45056;MONTEMAR COMPAÑIA FINANCIERA S.A.;2026-05-05;DD - PAQ. CUENTA MTM PROMOCIONAL  CGTE;DD-PAQ.CTA MTM PROM CGTE;Pesos;20500000;45000;36;35000;12;75;45,00;Clientes con cuenta en la entidad;8,40;90,12;Fija;116,66;1214,00;Provincia de San Juan;
45056;MONTEMAR COMPAÑIA FINANCIERA S.A.;2026-05-05;DD - PAQ. CUENTA MTM ORO CGTE;DD - PAQ.CTA MTM ORO CGTE;Pesos;20500000;45000;36;22000;12;75;45,00;Empleados públicos;8,40;101,22;Fija;131,87;1298,00;Provincia de San Juan;
45056;MONTEMAR COMPAÑIA FINANCIERA S.A.;2026-05-05;PV - INICIAL SGTE;PV - INICIAL SGTE;Pesos;515000;1000;18;0;12;75;45,00;Personas humanas en relación de dependencia;8,40;381,79;Fija;553,97;2065,00;Provincia de San Juan;
45056;MONTEMAR COMPAÑIA FINANCIERA S.A.;2026-05-05;DD - PAQ. CUENTA MTM SGTE;DD - PAQ. CTA. MTM SGTE;Pesos;2050000;1000;36;0;12;75;45,00;Clientes que acrediten sueldos en la entidad;8,40;125,22;Fija;165,29;1471,00;Provincia de San Juan;
45056;MONTEMAR COMPAÑIA FINANCIERA S.A.;2026-05-05;DD - PAQ. CUENTA MTM PROMOCIONAL  SGTE;DD-PAQ.CTA MTM PROM SGTE;Pesos;15400000;45000;36;35000;12;75;45,00;Clientes con cuenta en la entidad;8,40;90,12;Fija;116,66;1214,00;Provincia de San Juan;
45056;MONTEMAR COMPAÑIA FINANCIERA S.A.;2026-05-05;DD - PAQ. CUENTA MTM CGTE;DD - PAQ. CTA. MTM CGTE;Pesos;2050000;1000;12;0;12;75;45,00;Empleados públicos;8,40;151,82;Fija;203,06;1748,00;Provincia de San Juan;
45056;MONTEMAR COMPAÑIA FINANCIERA S.A.;2026-05-05;DD - PAQ. CUENTA MTM ORO CGTE;DD - PAQ.CTA MTM ORO CGTE;Pesos;20500000;45000;12;22000;12;75;45,00;Clientes que acrediten sueldos en la entidad;8,40;125,22;Fija;165,29;1646,00;Provincia de San Juan;
45056;MONTEMAR COMPAÑIA FINANCIERA S.A.;2026-05-05;DD - PAQ. CUENTA MTM ORO SGTE;DD - PAQ.CTA MTM ORO SGTE;Pesos;15400000;45000;12;22000;12;75;45,00;Personas humanas Responsables Inscriptos;8,40;125,22;Fija;165,29;1646,00;Provincia de San Juan;
45056;MONTEMAR COMPAÑIA FINANCIERA S.A.;2026-05-05;DD - PAQ. CUENTA MTM PROMOCIONAL  CGTE;DD-PAQ.CTA MTM PROM CGTE;Pesos;20500000;45000;36;35000;12;75;45,00;Personas humanas en relación de dependencia;8,40;90,12;Fija;116,66;1214,00;Provincia de San Juan;
45056;MONTEMAR COMPAÑIA FINANCIERA S.A.;2026-05-05;DD - PAQ. CUENTA MTM PROMOCIONAL  SGTE;DD-PAQ.CTA MTM PROM SGTE;Pesos;15400000;45000;12;35000;12;75;45,00;Clientes con cuenta en la entidad;8,40;112,91;Fija;148,07;1596,00;Provincia de San Juan;
45056;MONTEMAR COMPAÑIA FINANCIERA S.A.;2026-05-05;DD - PAQ. CUENTA MTM PROMOCIONAL  SGTE;DD-PAQ.CTA MTM PROM SGTE;Pesos;15400000;45000;12;35000;12;75;45,00;Clientes que acrediten sueldos en la entidad;8,40;112,91;Fija;148,07;1596,00;Provincia de Mendoza;
45056;MONTEMAR COMPAÑIA FINANCIERA S.A.;2026-05-05;DD - PAQ. CUENTA MTM CGTE;DD - PAQ. CTA. MTM CGTE;Pesos;2050000;1000;12;0;12;75;45,00;Personas humanas en relación de dependencia;8,40;151,82;Fija;203,06;1748,00;Provincia de San Luis;
45056;MONTEMAR COMPAÑIA FINANCIERA S.A.;2026-05-05;DD - PAQ. CUENTA MTM SGTE;DD - PAQ. CTA. MTM SGTE;Pesos;2050000;1000;12;0;12;75;45,00;Clientes con cuenta en la entidad;8,40;151,82;Fija;203,06;1748,00;Provincia de Mendoza;
45056;MONTEMAR COMPAÑIA FINANCIERA S.A.;2026-05-05;DD - PAQ. CUENTA MTM CGTE;DD - PAQ. CTA. MTM CGTE;Pesos;2050000;1000;36;0;12;75;45,00;Personas humanas en relación de dependencia;8,40;125,22;Fija;165,29;1471,00;Provincia de Mendoza;
45056;MONTEMAR COMPAÑIA FINANCIERA S.A.;2026-05-05;DD - PAQ. CUENTA MTM SGTE;DD - PAQ. CTA. MTM SGTE;Pesos;2050000;1000;36;0;12;75;45,00;Clientes con cuenta en la entidad;8,40;125,22;Fija;165,29;1471,00;Provincia de Mendoza;
45056;MONTEMAR COMPAÑIA FINANCIERA S.A.;2026-05-05;DD - PAQ. CUENTA MTM SGTE;DD - PAQ. CTA. MTM SGTE;Pesos;2050000;1000;36;0;12;75;45,00;Personas humanas Responsables Inscriptos;8,40;125,22;Fija;165,29;1471,00;Provincia de Mendoza;
45056;MONTEMAR COMPAÑIA FINANCIERA S.A.;2026-05-05;DD - PAQ. CUENTA MTM CGTE;DD - PAQ. CTA. MTM CGTE;Pesos;2050000;1000;36;0;12;75;45,00;Empleados públicos;8,40;125,22;Fija;165,29;1471,00;Provincia de Mendoza;
45056;MONTEMAR COMPAÑIA FINANCIERA S.A.;2026-05-05;DD - PAQ. CUENTA MTM PROMOCIONAL  CGTE;DD-PAQ.CTA MTM PROM CGTE;Pesos;20500000;45000;36;35000;12;75;45,00;Empleados públicos;8,40;90,12;Fija;116,66;1214,00;Provincia de Mendoza;
45056;MONTEMAR COMPAÑIA FINANCIERA S.A.;2026-05-05;DD - PAQ. CUENTA MTM PROMOCIONAL  SGTE;DD-PAQ.CTA MTM PROM SGTE;Pesos;15400000;45000;12;35000;12;75;45,00;Personas humanas en relación de dependencia;8,40;112,91;Fija;148,07;1596,00;Provincia de Mendoza;
45056;MONTEMAR COMPAÑIA FINANCIERA S.A.;2026-05-05;DD - PAQ. CUENTA MTM PROMOCIONAL  CGTE;DD-PAQ.CTA MTM PROM CGTE;Pesos;20500000;45000;36;35000;12;75;45,00;Clientes que acrediten sueldos en la entidad;8,40;90,12;Fija;116,66;1214,00;Provincia de Mendoza;
45056;MONTEMAR COMPAÑIA FINANCIERA S.A.;2026-05-05;DD - PAQ. CUENTA MTM PROMOCIONAL  CGTE;DD-PAQ.CTA MTM PROM CGTE;Pesos;20500000;45000;12;35000;12;75;45,00;Personas humanas Responsables Inscriptos;8,40;112,91;Fija;148,07;1596,00;Provincia de Mendoza;
45056;MONTEMAR COMPAÑIA FINANCIERA S.A.;2026-05-05;DD - PAQ. CUENTA MTM ORO SGTE;DD - PAQ.CTA MTM ORO SGTE;Pesos;15400000;45000;12;22000;12;75;45,00;Personas humanas Monotributistas;8,40;125,22;Fija;165,29;1646,00;Provincia de Mendoza;
45056;MONTEMAR COMPAÑIA FINANCIERA S.A.;2026-05-05;DD - PAQ. CUENTA MTM SGTE;DD - PAQ. CTA. MTM SGTE;Pesos;2050000;1000;12;0;12;75;45,00;Clientes que acrediten sueldos en la entidad;8,40;151,82;Fija;203,06;1748,00;Provincia de Mendoza;
45056;MONTEMAR COMPAÑIA FINANCIERA S.A.;2026-05-05;DD - PAQ. CUENTA MTM CGTE;DD - PAQ. CTA. MTM CGTE;Pesos;2050000;1000;12;0;12;75;45,00;Clientes con cuenta en la entidad;8,40;151,82;Fija;203,06;1748,00;Provincia de Mendoza;
45056;MONTEMAR COMPAÑIA FINANCIERA S.A.;2026-05-05;DD - PAQ. CUENTA MTM ORO SGTE;DD - PAQ.CTA MTM ORO SGTE;Pesos;15400000;45000;12;22000;12;75;45,00;Personas humanas Responsables Inscriptos;8,40;125,22;Fija;165,29;1646,00;Provincia de Mendoza;
45056;MONTEMAR COMPAÑIA FINANCIERA S.A.;2026-05-05;DD - PAQ. CUENTA MTM PROMOCIONAL  CGTE;DD-PAQ.CTA MTM PROM CGTE;Pesos;20500000;45000;12;35000;12;75;45,00;Personas humanas Monotributistas;8,40;112,91;Fija;148,07;1596,00;Provincia de Mendoza;
45056;MONTEMAR COMPAÑIA FINANCIERA S.A.;2026-05-05;DD - PAQ. CUENTA MTM ORO SGTE;DD - PAQ.CTA MTM ORO SGTE;Pesos;15400000;45000;36;22000;12;75;45,00;Personas humanas en relación de dependencia;8,40;101,22;Fija;131,87;1298,00;Provincia de Mendoza;
45056;MONTEMAR COMPAÑIA FINANCIERA S.A.;2026-05-05;DD - PAQ. CUENTA MTM ORO SGTE;DD - PAQ.CTA MTM ORO SGTE;Pesos;15400000;45000;36;22000;12;75;45,00;Clientes con cuenta en la entidad;8,40;101,22;Fija;131,87;1298,00;Provincia de Mendoza;
45056;MONTEMAR COMPAÑIA FINANCIERA S.A.;2026-05-05;DD - PAQ. CUENTA MTM PROMOCIONAL  CGTE;DD-PAQ.CTA MTM PROM CGTE;Pesos;20500000;45000;12;35000;12;75;45,00;Empleados públicos;8,40;112,91;Fija;148,07;1596,00;Provincia de Mendoza;
45056;MONTEMAR COMPAÑIA FINANCIERA S.A.;2026-05-05;DD - PAQ. CUENTA MTM PROMOCIONAL  CGTE;DD-PAQ.CTA MTM PROM CGTE;Pesos;20500000;45000;36;35000;12;75;45,00;Personas humanas Responsables Inscriptos;8,40;90,12;Fija;116,66;1214,00;Provincia de Mendoza;
45056;MONTEMAR COMPAÑIA FINANCIERA S.A.;2026-05-05;DD - PAQ. CUENTA MTM SGTE;DD - PAQ. CTA. MTM SGTE;Pesos;2050000;1000;12;0;12;75;45,00;Personas humanas en relación de dependencia;8,40;151,82;Fija;203,06;1748,00;Provincia de Mendoza;
45056;MONTEMAR COMPAÑIA FINANCIERA S.A.;2026-05-05;PV - PRESTAMO EXPRESS;PV - PRESTAMO EXPRESS;Pesos;205000;1000;12;0;12;75;45,00;Personas humanas Responsables Inscriptos;8,40;381,79;Fija;553,97;2104,00;Provincia de Mendoza;
45056;MONTEMAR COMPAÑIA FINANCIERA S.A.;2026-05-05;DD - PAQ. CUENTA MTM CGTE;DD - PAQ. CTA. MTM CGTE;Pesos;2050000;1000;36;0;12;75;45,00;Personas humanas Monotributistas;8,40;125,22;Fija;165,29;1471,00;Provincia de Mendoza;
45056;MONTEMAR COMPAÑIA FINANCIERA S.A.;2026-05-05;DD - PAQ. CUENTA MTM ORO SGTE;DD - PAQ.CTA MTM ORO SGTE;Pesos;15400000;45000;12;22000;12;75;45,00;Clientes que acrediten sueldos en la entidad;8,40;125,22;Fija;165,29;1646,00;Provincia de Mendoza;
45056;MONTEMAR COMPAÑIA FINANCIERA S.A.;2026-05-05;DD - PAQ. CUENTA MTM PROMOCIONAL  SGTE;DD-PAQ.CTA MTM PROM SGTE;Pesos;15400000;45000;36;35000;12;75;45,00;Personas humanas en relación de dependencia;8,40;90,12;Fija;116,66;1214,00;Provincia de Mendoza;
45056;MONTEMAR COMPAÑIA FINANCIERA S.A.;2026-05-05;DD - PAQ. CUENTA MTM ORO SGTE;DD - PAQ.CTA MTM ORO SGTE;Pesos;15400000;45000;36;22000;12;75;45,00;Empleados públicos;8,40;101,22;Fija;131,87;1298,00;Provincia de Mendoza;
45056;MONTEMAR COMPAÑIA FINANCIERA S.A.;2026-05-05;DD - PAQ. CUENTA MTM ORO CGTE;DD - PAQ.CTA MTM ORO CGTE;Pesos;20500000;45000;12;22000;12;75;45,00;Clientes con cuenta en la entidad;8,40;125,22;Fija;165,29;1646,00;Provincia de San Luis;
45056;MONTEMAR COMPAÑIA FINANCIERA S.A.;2026-05-05;DD - PAQ. CUENTA MTM CGTE;DD - PAQ. CTA. MTM CGTE;Pesos;2050000;1000;12;0;12;75;45,00;Clientes con cuenta en la entidad;8,40;151,82;Fija;203,06;1748,00;Provincia de San Juan;
45056;MONTEMAR COMPAÑIA FINANCIERA S.A.;2026-05-05;DD - PAQ. CUENTA MTM ORO CGTE;DD - PAQ.CTA MTM ORO CGTE;Pesos;20500000;45000;12;22000;12;75;45,00;Personas humanas Responsables Inscriptos;8,40;125,22;Fija;165,29;1646,00;Provincia de San Juan;
45056;MONTEMAR COMPAÑIA FINANCIERA S.A.;2026-05-05;DD - PAQ. CUENTA MTM PROMOCIONAL  SGTE;DD-PAQ.CTA MTM PROM SGTE;Pesos;15400000;45000;12;35000;12;75;45,00;Personas humanas en relación de dependencia;8,40;112,91;Fija;148,07;1596,00;Provincia de San Juan;
45056;MONTEMAR COMPAÑIA FINANCIERA S.A.;2026-05-05;DD - PAQ. CUENTA MTM CGTE;DD - PAQ. CTA. MTM CGTE;Pesos;2050000;1000;36;0;12;75;45,00;Clientes con cuenta en la entidad;8,40;125,22;Fija;165,29;1471,00;Provincia de San Luis;
45056;MONTEMAR COMPAÑIA FINANCIERA S.A.;2026-05-05;PV - INICIAL SGTE;PV - INICIAL SGTE;Pesos;515000;1000;18;0;12;75;45,00;Personas humanas Monotributistas;8,40;381,79;Fija;553,97;2065,00;Provincia de San Juan;
45056;MONTEMAR COMPAÑIA FINANCIERA S.A.;2026-05-05;DD - PAQ. CUENTA MTM PROMOCIONAL  SGTE;DD-PAQ.CTA MTM PROM SGTE;Pesos;15400000;45000;12;35000;12;75;45,00;Personas humanas Monotributistas;8,40;112,91;Fija;148,07;1596,00;Provincia de San Juan;
45056;MONTEMAR COMPAÑIA FINANCIERA S.A.;2026-05-05;DD - PAQ. CUENTA MTM SGTE;DD - PAQ. CTA. MTM SGTE;Pesos;2050000;1000;36;0;12;75;45,00;Personas humanas Monotributistas;8,40;125,22;Fija;165,29;1471,00;Provincia de San Juan;
45056;MONTEMAR COMPAÑIA FINANCIERA S.A.;2026-05-05;DD - PAQ. CUENTA MTM ORO SGTE;DD - PAQ.CTA MTM ORO SGTE;Pesos;15400000;45000;36;22000;12;75;45,00;Empleados públicos;8,40;101,22;Fija;131,87;1298,00;Provincia de San Juan;
45056;MONTEMAR COMPAÑIA FINANCIERA S.A.;2026-05-05;PV - PRESTAMO EXPRESS;PV - PRESTAMO EXPRESS;Pesos;205000;1000;12;0;12;75;45,00;Personas humanas Monotributistas;8,40;381,79;Fija;553,97;2104,00;Provincia de Mendoza;
45056;MONTEMAR COMPAÑIA FINANCIERA S.A.;2026-05-05;PV - PRESTAMO EXPRESS;PV - PRESTAMO EXPRESS;Pesos;205000;1000;12;0;12;75;45,00;Personas humanas en relación de dependencia;8,40;381,79;Fija;553,97;2104,00;Provincia de San Juan;
45056;MONTEMAR COMPAÑIA FINANCIERA S.A.;2026-05-05;DD - PAQ. CUENTA MTM PROMOCIONAL  CGTE;DD-PAQ.CTA MTM PROM CGTE;Pesos;20500000;45000;36;35000;12;75;45,00;Personas humanas Monotributistas;8,40;90,12;Fija;116,66;1214,00;Provincia de Mendoza;
45056;MONTEMAR COMPAÑIA FINANCIERA S.A.;2026-05-05;DD - PAQ. CUENTA MTM SGTE;DD - PAQ. CTA. MTM SGTE;Pesos;2050000;1000;12;0;12;75;45,00;Personas humanas Monotributistas;8,40;151,82;Fija;203,06;1748,00;Provincia de Mendoza;
45056;MONTEMAR COMPAÑIA FINANCIERA S.A.;2026-05-05;DD - PAQ. CUENTA MTM CGTE;DD - PAQ. CTA. MTM CGTE;Pesos;2050000;1000;12;0;12;75;45,00;Clientes que acrediten sueldos en la entidad;8,40;151,82;Fija;203,06;1748,00;Provincia de San Juan;
45056;MONTEMAR COMPAÑIA FINANCIERA S.A.;2026-05-05;DD - PAQ. CUENTA MTM SGTE;DD - PAQ. CTA. MTM SGTE;Pesos;2050000;1000;36;0;12;75;45,00;Empleados públicos;8,40;125,22;Fija;165,29;1471,00;Provincia de Mendoza;
45056;MONTEMAR COMPAÑIA FINANCIERA S.A.;2026-05-05;DD - PAQ. CUENTA MTM SGTE;DD - PAQ. CTA. MTM SGTE;Pesos;2050000;1000;36;0;12;75;45,00;Empleados públicos;8,40;125,22;Fija;165,29;1471,00;Provincia de San Juan;
45056;MONTEMAR COMPAÑIA FINANCIERA S.A.;2026-05-05;DD - PAQ. CUENTA MTM SGTE;DD - PAQ. CTA. MTM SGTE;Pesos;2050000;1000;12;0;12;75;45,00;Personas humanas en relación de dependencia;8,40;151,82;Fija;203,06;1748,00;Provincia de San Juan;
45056;MONTEMAR COMPAÑIA FINANCIERA S.A.;2026-05-05;DD - PAQ. CUENTA MTM CGTE;DD - PAQ. CTA. MTM CGTE;Pesos;2050000;1000;36;0;12;75;45,00;Personas humanas en relación de dependencia;8,40;125,22;Fija;165,29;1471,00;Provincia de San Juan;
45056;MONTEMAR COMPAÑIA FINANCIERA S.A.;2026-05-05;DD - PAQ. CUENTA MTM CGTE;DD - PAQ. CTA. MTM CGTE;Pesos;2050000;1000;12;0;12;75;45,00;Personas humanas en relación de dependencia;8,40;151,82;Fija;203,06;1748,00;Provincia de San Juan;
45056;MONTEMAR COMPAÑIA FINANCIERA S.A.;2026-05-05;DD - PAQ. CUENTA MTM CGTE;DD - PAQ. CTA. MTM CGTE;Pesos;2050000;1000;36;0;12;75;45,00;Personas humanas Responsables Inscriptos;8,40;125,22;Fija;165,29;1471,00;Provincia de San Juan;
45056;MONTEMAR COMPAÑIA FINANCIERA S.A.;2026-05-05;DD - PAQ. CUENTA MTM PROMOCIONAL  CGTE;DD-PAQ.CTA MTM PROM CGTE;Pesos;20500000;45000;12;35000;12;75;45,00;Personas humanas en relación de dependencia;8,40;112,91;Fija;148,07;1596,00;Provincia de San Juan;
45056;MONTEMAR COMPAÑIA FINANCIERA S.A.;2026-05-05;DD - PAQ. CUENTA MTM ORO SGTE;DD - PAQ.CTA MTM ORO SGTE;Pesos;15400000;45000;36;22000;12;75;45,00;Clientes que acrediten sueldos en la entidad;8,40;101,22;Fija;131,87;1298,00;Provincia de San Juan;
45056;MONTEMAR COMPAÑIA FINANCIERA S.A.;2026-05-05;DD - PAQ. CUENTA MTM SGTE;DD - PAQ. CTA. MTM SGTE;Pesos;2050000;1000;12;0;12;75;45,00;Personas humanas Monotributistas;8,40;151,82;Fija;203,06;1748,00;Provincia de San Juan;
45056;MONTEMAR COMPAÑIA FINANCIERA S.A.;2026-05-05;DD - PAQ. CUENTA MTM ORO SGTE;DD - PAQ.CTA MTM ORO SGTE;Pesos;15400000;45000;36;22000;12;75;45,00;Personas humanas Responsables Inscriptos;8,40;101,22;Fija;131,87;1298,00;Provincia de San Juan;
45056;MONTEMAR COMPAÑIA FINANCIERA S.A.;2026-05-05;DD - PAQ. CUENTA MTM PROMOCIONAL  SGTE;DD-PAQ.CTA MTM PROM SGTE;Pesos;15400000;45000;12;35000;12;75;45,00;Personas humanas Responsables Inscriptos;8,40;112,91;Fija;148,07;1596,00;Provincia de San Juan;
45056;MONTEMAR COMPAÑIA FINANCIERA S.A.;2026-05-05;PV - PRESTAMO EXPRESS;PV - PRESTAMO EXPRESS;Pesos;205000;1000;12;0;12;75;45,00;Personas humanas Monotributistas;8,40;381,79;Fija;553,97;2104,00;Provincia de San Juan;
45056;MONTEMAR COMPAÑIA FINANCIERA S.A.;2026-05-05;DD - PAQ. CUENTA MTM CGTE;DD - PAQ. CTA. MTM CGTE;Pesos;2050000;1000;12;0;12;75;45,00;Personas humanas Monotributistas;8,40;151,82;Fija;203,06;1748,00;Provincia de San Juan;
45056;MONTEMAR COMPAÑIA FINANCIERA S.A.;2026-05-05;DD - PAQ. CUENTA MTM CGTE;DD - PAQ. CTA. MTM CGTE;Pesos;2050000;1000;36;0;12;75;45,00;Empleados públicos;8,40;125,22;Fija;165,29;1471,00;Provincia de San Juan;
45056;MONTEMAR COMPAÑIA FINANCIERA S.A.;2026-05-05;DD - PAQ. CUENTA MTM PROMOCIONAL  SGTE;DD-PAQ.CTA MTM PROM SGTE;Pesos;15400000;45000;36;35000;12;75;45,00;Clientes con cuenta en la entidad;8,40;90,12;Fija;116,66;1214,00;Provincia de San Luis;
45056;MONTEMAR COMPAÑIA FINANCIERA S.A.;2026-05-05;DD - PAQ. CUENTA MTM SGTE;DD - PAQ. CTA. MTM SGTE;Pesos;2050000;1000;36;0;12;75;45,00;Clientes con cuenta en la entidad;8,40;125,22;Fija;165,29;1471,00;Provincia de San Juan;
45056;MONTEMAR COMPAÑIA FINANCIERA S.A.;2026-05-05;DD - PAQ. CUENTA MTM PROMOCIONAL  SGTE;DD-PAQ.CTA MTM PROM SGTE;Pesos;15400000;45000;12;35000;12;75;45,00;Clientes con cuenta en la entidad;8,40;112,91;Fija;148,07;1596,00;Provincia de San Luis;
45056;MONTEMAR COMPAÑIA FINANCIERA S.A.;2026-05-05;PV - PRESTAMO EXPRESS;PV - PRESTAMO EXPRESS;Pesos;205000;1000;12;0;12;75;45,00;Personas humanas Monotributistas;8,40;381,79;Fija;553,97;2104,00;Provincia de San Luis;
45056;MONTEMAR COMPAÑIA FINANCIERA S.A.;2026-05-05;DD - PAQ. CUENTA MTM ORO SGTE;DD - PAQ.CTA MTM ORO SGTE;Pesos;15400000;45000;12;22000;12;75;45,00;Clientes con cuenta en la entidad;8,40;125,22;Fija;165,29;1646,00;Provincia de San Juan;
45056;MONTEMAR COMPAÑIA FINANCIERA S.A.;2026-05-05;DD - PAQ. CUENTA MTM ORO SGTE;DD - PAQ.CTA MTM ORO SGTE;Pesos;15400000;45000;36;22000;12;75;45,00;Personas humanas en relación de dependencia;8,40;101,22;Fija;131,87;1298,00;Provincia de San Juan;
45056;MONTEMAR COMPAÑIA FINANCIERA S.A.;2026-05-05;DD - PAQ. CUENTA MTM ORO SGTE;DD - PAQ.CTA MTM ORO SGTE;Pesos;15400000;45000;36;22000;12;75;45,00;Clientes con cuenta en la entidad;8,40;101,22;Fija;131,87;1298,00;Provincia de San Juan;
45056;MONTEMAR COMPAÑIA FINANCIERA S.A.;2026-05-05;DD - PAQ. CUENTA MTM ORO CGTE;DD - PAQ.CTA MTM ORO CGTE;Pesos;20500000;45000;12;22000;12;75;45,00;Clientes con cuenta en la entidad;8,40;125,22;Fija;165,29;1646,00;Provincia de Mendoza;
45056;MONTEMAR COMPAÑIA FINANCIERA S.A.;2026-05-05;DD - PAQ. CUENTA MTM PROMOCIONAL  SGTE;DD-PAQ.CTA MTM PROM SGTE;Pesos;15400000;45000;12;35000;12;75;45,00;Personas humanas Responsables Inscriptos;8,40;112,91;Fija;148,07;1596,00;Provincia de Mendoza;
45056;MONTEMAR COMPAÑIA FINANCIERA S.A.;2026-05-05;DD - PAQ. CUENTA MTM ORO CGTE;DD - PAQ.CTA MTM ORO CGTE;Pesos;20500000;45000;36;22000;12;75;45,00;Personas humanas Responsables Inscriptos;8,40;101,22;Fija;131,87;1298,00;Provincia de San Juan;
45056;MONTEMAR COMPAÑIA FINANCIERA S.A.;2026-05-05;DD - PAQ. CUENTA MTM PROMOCIONAL  SGTE;DD-PAQ.CTA MTM PROM SGTE;Pesos;15400000;45000;12;35000;12;75;45,00;Empleados públicos;8,40;112,91;Fija;148,07;1596,00;Provincia de San Juan;
45056;MONTEMAR COMPAÑIA FINANCIERA S.A.;2026-05-05;DD - PAQ. CUENTA MTM PROMOCIONAL  SGTE;DD-PAQ.CTA MTM PROM SGTE;Pesos;15400000;45000;36;35000;12;75;45,00;Clientes que acrediten sueldos en la entidad;8,40;90,12;Fija;116,66;1214,00;Provincia de San Juan;
45056;MONTEMAR COMPAÑIA FINANCIERA S.A.;2026-05-05;DD - PAQ. CUENTA MTM ORO CGTE;DD - PAQ.CTA MTM ORO CGTE;Pesos;20500000;45000;36;22000;12;75;45,00;Clientes con cuenta en la entidad;8,40;101,22;Fija;131,87;1298,00;Provincia de San Luis;
45056;MONTEMAR COMPAÑIA FINANCIERA S.A.;2026-05-05;DD - PAQ. CUENTA MTM CGTE;DD - PAQ. CTA. MTM CGTE;Pesos;2050000;1000;36;0;12;75;45,00;Personas humanas en relación de dependencia;8,40;125,22;Fija;165,29;1471,00;Provincia de San Luis;
45056;MONTEMAR COMPAÑIA FINANCIERA S.A.;2026-05-05;DD - PAQ. CUENTA MTM SGTE;DD - PAQ. CTA. MTM SGTE;Pesos;2050000;1000;36;0;12;75;45,00;Clientes que acrediten sueldos en la entidad;8,40;125,22;Fija;165,29;1471,00;Provincia de San Luis;
45056;MONTEMAR COMPAÑIA FINANCIERA S.A.;2026-05-05;DD - PAQ. CUENTA MTM CGTE;DD - PAQ. CTA. MTM CGTE;Pesos;2050000;1000;36;0;12;75;45,00;Clientes con cuenta en la entidad;8,40;125,22;Fija;165,29;1471,00;Provincia de San Juan;
45056;MONTEMAR COMPAÑIA FINANCIERA S.A.;2026-05-05;DD - PAQ. CUENTA MTM ORO CGTE;DD - PAQ.CTA MTM ORO CGTE;Pesos;20500000;45000;12;22000;12;75;45,00;Personas humanas Monotributistas;8,40;125,22;Fija;165,29;1646,00;Provincia de San Juan;
45056;MONTEMAR COMPAÑIA FINANCIERA S.A.;2026-05-05;DD - PAQ. CUENTA MTM ORO CGTE;DD - PAQ.CTA MTM ORO CGTE;Pesos;20500000;45000;36;22000;12;75;45,00;Clientes con cuenta en la entidad;8,40;101,22;Fija;131,87;1298,00;Provincia de San Juan;
45056;MONTEMAR COMPAÑIA FINANCIERA S.A.;2026-05-05;DD - PAQ. CUENTA MTM PROMOCIONAL  SGTE;DD-PAQ.CTA MTM PROM SGTE;Pesos;15400000;45000;36;35000;12;75;45,00;Personas humanas Responsables Inscriptos;8,40;90,12;Fija;116,66;1214,00;Provincia de San Juan;
45056;MONTEMAR COMPAÑIA FINANCIERA S.A.;2026-05-05;DD - PAQ. CUENTA MTM CGTE;DD - PAQ. CTA. MTM CGTE;Pesos;2050000;1000;12;0;12;75;45,00;Personas humanas Responsables Inscriptos;8,40;151,82;Fija;203,06;1748,00;Provincia de San Juan;
45056;MONTEMAR COMPAÑIA FINANCIERA S.A.;2026-05-05;DD - PAQ. CUENTA MTM ORO SGTE;DD - PAQ.CTA MTM ORO SGTE;Pesos;15400000;45000;36;22000;12;75;45,00;Personas humanas Monotributistas;8,40;101,22;Fija;131,87;1298,00;Provincia de San Juan;
45056;MONTEMAR COMPAÑIA FINANCIERA S.A.;2026-05-05;DD - PAQ. CUENTA MTM ORO CGTE;DD - PAQ.CTA MTM ORO CGTE;Pesos;20500000;45000;12;22000;12;75;45,00;Clientes con cuenta en la entidad;8,40;125,22;Fija;165,29;1646,00;Provincia de San Juan;
45056;MONTEMAR COMPAÑIA FINANCIERA S.A.;2026-05-05;DD - PAQ. CUENTA MTM PROMOCIONAL  CGTE;DD-PAQ.CTA MTM PROM CGTE;Pesos;20500000;45000;12;35000;12;75;45,00;Clientes que acrediten sueldos en la entidad;8,40;112,91;Fija;148,07;1596,00;Provincia de San Juan;
45072;REBA COMPAÑIA FINANCIERA S.A.;2026-03-16;PRESTAMO PERSONAL;PRESTAMO;Pesos;7000000;100000;24;341000;1;78;25,00;Clientes con cuenta en la entidad;7,26;791,61;Fija;1247,28;240095,00;Todo el territorio nacional;LA TASA VARIA EN FUNCION DEL PLAN DE CUOTAS ACORDADO Y EL PERFIL DE RIESGO DEL CLIENTE
55001;Accicom S.A.;2024-03-11;PROVINCIALES;PROVINCIALES;Pesos;230000;1000;24;20000;4;65;25,00;Empleados públicos;7,00;999,99;Fija;999,99;2890,10;Provincia de Córdoba;
55001;Accicom S.A.;2024-03-11;EMPRESAS PRIVADAS;E.PRIVADAS;Pesos;200000;1000;24;50000;12;65;20,00;Personas humanas en relación de dependencia;7,00;999,99;Fija;999,99;3050,89;Provincia de Santa Fe;
55001;Accicom S.A.;2024-03-11;PROVINCIALES;PROVINCIALES;Pesos;230000;1000;24;20000;4;65;25,00;Empleados públicos;7,00;999,99;Fija;999,99;2890,10;Provincia de Tucumán;
55001;Accicom S.A.;2024-03-11;PROVINCIALES;PROVINCIALES;Pesos;230000;1000;24;20000;4;65;25,00;Empleados públicos;7,00;999,99;Fija;999,99;2890,10;Provincia de Santa Fe;
55001;Accicom S.A.;2024-03-11;EMPRESAS PRIVADAS;E.PRIVADAS;Pesos;200000;1000;24;50000;12;65;20,00;Personas humanas en relación de dependencia;7,00;999,99;Fija;999,99;3050,89;Provincia de Córdoba;
55001;Accicom S.A.;2024-03-11;EMPRESAS PRIVADAS;E.PRIVADAS;Pesos;200000;1000;24;50000;12;65;20,00;Personas humanas en relación de dependencia;7,00;999,99;Fija;999,99;3050,89;Provincia de Buenos Aires;
55001;Accicom S.A.;2024-03-11;JUB.NACIONAL-DEB.CTA.;JNDC;Pesos;280000;1000;30;20000;2;85;30,00;Beneficiarios de cuentas de la seguridad social;7,00;679,73;Fija;999,99;2370,22;Provincia de Tucumán;
55001;Accicom S.A.;2024-03-11;JUB.NACIONAL-DEB.CTA.;JNDC;Pesos;280000;1000;30;20000;2;85;30,00;Beneficiarios de cuentas de la seguridad social;7,00;679,73;Fija;999,99;2370,22;Provincia de Buenos Aires;
55001;Accicom S.A.;2024-03-11;JUB.NACIONAL-DEB.CTA.;JNDC;Pesos;280000;1000;30;20000;2;85;30,00;Beneficiarios de cuentas de la seguridad social;7,00;679,73;Fija;999,99;2370,22;Provincia de Córdoba;
55001;Accicom S.A.;2024-03-11;EMPRESAS PRIVADAS;E.PRIVADAS;Pesos;200000;1000;24;50000;12;65;20,00;Personas humanas en relación de dependencia;7,00;999,99;Fija;999,99;3050,89;Provincia de Misiones;
55001;Accicom S.A.;2024-03-11;JUB.NACIONAL-DEB.CTA.;JNDC;Pesos;280000;1000;30;20000;2;85;30,00;Beneficiarios de cuentas de la seguridad social;7,00;679,73;Fija;999,99;2370,22;Provincia de Santa Fe;
55001;Accicom S.A.;2024-03-11;PROVINCIALES;PROVINCIALES;Pesos;230000;1000;24;20000;4;65;25,00;Empleados públicos;7,00;999,99;Fija;999,99;2890,10;Provincia de Buenos Aires;
55001;Accicom S.A.;2024-03-11;JUB.NACIONAL-DEB.CTA.;JNDC;Pesos;280000;1000;30;20000;2;85;30,00;Beneficiarios de cuentas de la seguridad social;7,00;679,73;Fija;999,99;2370,22;Ciudad Autónoma de Buenos Aires;
55001;Accicom S.A.;2024-03-11;PROVINCIALES;PROVINCIALES;Pesos;230000;1000;24;20000;4;65;25,00;Empleados públicos;7,00;999,99;Fija;999,99;2890,10;Provincia de Misiones;
55001;Accicom S.A.;2024-03-11;EMPRESAS PRIVADAS;E.PRIVADAS;Pesos;200000;1000;24;50000;12;65;20,00;Personas humanas en relación de dependencia;7,00;999,99;Fija;999,99;3050,89;Ciudad Autónoma de Buenos Aires;
55001;Accicom S.A.;2024-03-11;EMPRESAS PRIVADAS;E.PRIVADAS;Pesos;200000;1000;24;50000;12;65;20,00;Personas humanas en relación de dependencia;7,00;999,99;Fija;999,99;3050,89;Provincia de Salta;
55001;Accicom S.A.;2024-03-11;PROVINCIALES;PROVINCIALES;Pesos;230000;1000;24;20000;4;65;25,00;Empleados públicos;7,00;999,99;Fija;999,99;2890,10;Provincia de Salta;
55001;Accicom S.A.;2024-03-11;EMPRESAS PRIVADAS;E.PRIVADAS;Pesos;200000;1000;24;50000;12;65;20,00;Personas humanas en relación de dependencia;7,00;999,99;Fija;999,99;3050,89;Provincia de Tucumán;
55001;Accicom S.A.;2024-03-11;JUB.NACIONAL-DEB.CTA.;JNDC;Pesos;280000;1000;30;20000;2;85;30,00;Beneficiarios de cuentas de la seguridad social;7,00;679,73;Fija;999,99;2370,22;Provincia de Jujuy;
55001;Accicom S.A.;2024-03-11;EMPRESAS PRIVADAS;E.PRIVADAS;Pesos;200000;1000;24;50000;12;65;20,00;Personas humanas en relación de dependencia;7,00;999,99;Fija;999,99;3050,89;Provincia de Jujuy;
55001;Accicom S.A.;2024-03-11;PROVINCIALES;PROVINCIALES;Pesos;230000;1000;24;20000;4;65;25,00;Empleados públicos;7,00;999,99;Fija;999,99;2890,10;Provincia de Jujuy;
55001;Accicom S.A.;2024-03-11;PROVINCIALES;PROVINCIALES;Pesos;230000;1000;24;20000;4;65;25,00;Empleados públicos;7,00;999,99;Fija;999,99;2890,10;Ciudad Autónoma de Buenos Aires;
55001;Accicom S.A.;2024-03-11;JUB.NACIONAL-DEB.CTA.;JNDC;Pesos;280000;1000;30;20000;2;85;30,00;Beneficiarios de cuentas de la seguridad social;7,00;679,73;Fija;999,99;2370,22;Provincia de Salta;
55001;Accicom S.A.;2024-03-11;JUB.NACIONAL-DEB.CTA.;JNDC;Pesos;280000;1000;30;20000;2;85;30,00;Beneficiarios de cuentas de la seguridad social;7,00;679,73;Fija;999,99;2370,22;Provincia de Misiones;
55002;AMEPORT Mutual del Personal del Estado Nacional Provincial Municipal y afines;2026-03-05;SERVICIO DE AYUDA ECONOMICA ORDINARIA METODO ALTERNATIVO;AY ORDIN MET ALTER;Pesos;1500000;50000;12;0;0;100;50,00;Empleados públicos;6,08;206,31;Fija;206,31;14416,00;Ciudad Autónoma de Buenos Aires;SE UTILIZA EL SISTEMA DE TASA DIRECTA A EFECTOS DE LA PRESENTACION BCRA SE HIZO LA CONVERSION AL SISTEMA FRANCES 
55002;AMEPORT Mutual del Personal del Estado Nacional Provincial Municipal y afines;2026-03-05;SERVICIO DE AYUDA ESPECIAL;AYUDA ESPECIAL;Pesos;100000;50000;1;0;0;100;,00;Empleados públicos;,00;214,07;Fija;214,07;,00;Ciudad Autónoma de Buenos Aires;0
55002;AMEPORT Mutual del Personal del Estado Nacional Provincial Municipal y afines;2026-03-05;SERVICIO DE AYUDA ECONOMICA DECRETO 1412;AYUDA DECRETO 1412;Pesos;3000000;500000;12;0;0;100;30,00;Empleados públicos;3,91;126,63;Fija;126,63;12244,00;Ciudad Autónoma de Buenos Aires;SE UTILIZA EL SISTEMA DE TASA DIRECTA A EFECTOS DE LA PRESENTACION BCRA SE HIZO LA CONVERSION AL SISTEMA FRANCES 2 CONFORME EL DECRETO 14 12 QUE NOS OBLIGA A INCLUIR LA CUOTA SOCIAL EN EL CFTEA SE DESVIRTUA LA ACTIVIDAD MUTUAL Y ESTA EN CLARA CONTRAPOSICION DE LA LEY 20321
55002;AMEPORT Mutual del Personal del Estado Nacional Provincial Municipal y afines;2026-03-05;SERVICIO DE AYUDA ECONOMICA ORDINARIA;AYUDA ORDINARIA;Pesos;3000000;100000;12;0;0;100;50,00;Empleados públicos;5,83;194,57;Fija;194,57;14167,00;Ciudad Autónoma de Buenos Aires;SE UTILIZA EL SISTEMA DE TASA DIRECTA A EFECTOS DE LA PRESENTACION BCRA SE HIZO LA CONVERSION AL SISTEMA FRANCES 
55003;Asociación Mutual Centro Litoral;2026-04-30;AMCL - CUAD ITS - 4,5;LINEA 7052;Pesos;10000000;10000;36;30000;12;75;30,00;Empleados públicos;15,00;430,69;Fija;433,19;148525,00;Provincia de Santa Fe;
55003;Asociación Mutual Centro Litoral;2026-04-30;PASIVO SITUACION1 T1;LINEA 7080;Pesos;10000000;10000;36;30000;12;75;30,00;Empleados públicos;15,00;320,83;Fija;322,59;127553,00;Provincia de Santa Fe;
55003;Asociación Mutual Centro Litoral;2026-04-30;CUAD-SIT23;LINEA 7050;Pesos;10000000;10000;36;30000;12;75;30,00;Empleados públicos;15,00;357,96;Fija;359,96;135105,00;Provincia de Santa Fe;
55003;Asociación Mutual Centro Litoral;2026-04-30;ACTIVOS SITUACION1 T1;LINEA 7078;Pesos;10000000;10000;36;30000;12;75;30,00;Empleados públicos;15,00;346,70;Fija;348,63;132870,00;Provincia de Santa Fe;
55003;Asociación Mutual Centro Litoral;2026-04-30;CUAD ITS SIT123 MINISTSEG DIFERIDA 1;LINEA 7058;Pesos;10000000;10000;36;30000;12;75;30,00;Empleados públicos;15,00;579,06;Fija;582,63;171600,00;Provincia de Santa Fe;
55003;Asociación Mutual Centro Litoral;2026-04-30;PASIVO SITUACION1;LINEA 7079;Pesos;10000000;10000;36;30000;12;75;30,00;Empleados públicos;15,00;277,37;Fija;278,86;117989,00;Provincia de Santa Fe;
55003;Asociación Mutual Centro Litoral;2026-04-30;ACTIVOS SITUACION1;LINEA 7077;Pesos;10000000;10000;36;30000;12;75;30,00;Empleados públicos;15,00;295,73;Fija;298,33;122132,00;Provincia de Santa Fe;
55003;Asociación Mutual Centro Litoral;2026-04-30;CUAD ITS SIT23 PASIVO;LINEA 7059;Pesos;10000000;10000;36;30000;12;75;30,00;Empleados públicos;15,00;338,19;Fija;340,07;131150,00;Provincia de Santa Fe;
55003;Asociación Mutual Centro Litoral;2026-04-30;CUAD ITS23 - LINEA PASIVO DIFERIDA 1;LINEA 7064;Pesos;10000000;10000;36;30000;12;75;30,00;Empleados públicos;15,00;399,94;Fija;402,22;143054,00;Provincia de Santa Fe;
55003;Asociación Mutual Centro Litoral;2026-04-30;CUAD ITS45 - LINEA PASIVO DIFERIDA 1;LINEA 7065;Pesos;10000000;10000;36;30000;12;75;30,00;Empleados públicos;15,00;496,38;Fija;499,34;159356,00;Provincia de Santa Fe;
55003;Asociación Mutual Centro Litoral;2026-04-30;CUAD ITS23 - LINEA DIFERIDA 1;LINEA 7055;Pesos;10000000;10000;36;30000;12;75;30,00;Empleados públicos;15,00;429,37;Fija;431,85;148295,00;Provincia de Santa Fe;
55003;Asociación Mutual Centro Litoral;2026-04-30;CUAD ITS45 - LINEA DIFERIDA 1;LINEA 7057;Pesos;10000000;10000;36;30000;12;75;30,00;Empleados públicos;15,00;529,75;Fija;532,95;164467,00;Provincia de Santa Fe;
55003;Asociación Mutual Centro Litoral;2026-04-30;CUAD ITS SIT45 PASIVO;LINEA 7063;Pesos;10000000;10000;36;30000;12;75;30,00;Empleados públicos;15,00;409,63;Fija;411,98;144807,00;Provincia de Santa Fe;
55003;Asociación Mutual Centro Litoral;2026-04-30;CUAD ITS SIT123 MINISTSEG;LINEA 7054;Pesos;10000000;10000;36;30000;12;75;30,00;Empleados públicos;15,00;465,43;Fija;468,17;154389,00;Provincia de Santa Fe;
55004;Asociación Mutual de la Economía Solidaria;2026-06-11;AYUDA ECONOMICA PERSONAL DEL GCBA HABERES;AYUDA GCBA;Pesos;8000000;10000;37;500000;1;75;50,00;Empleados públicos;10,00;137,81;Fija;137,81;999,00;Ciudad Autónoma de Buenos Aires;
55005;Asociación Mutual de las Fuerzas Armadas y Seguridad (AMFAYS);2026-04-20;PRESTAMOS A RETIRADOS DE LAS FUERZAS DE SEGURIDAD;RETIRADOS DE FFSS;Pesos;10000000;100000;36;360000;0;84;30,00;Personas humanas en relación de dependencia;25,00;118,00;Fija;208,18;10181,00;Todo el territorio nacional;COMISION APLICABLE CUANDO NO HAYA TRASNSCURRIDO AL MENOS EL 50 POR CIENTO DEL PLAZO ORIGINAL
55005;Asociación Mutual de las Fuerzas Armadas y Seguridad (AMFAYS);2026-04-20;PRESTAMOS GOB DE LA CIUDAD;GCBA;Pesos;6000000;100000;36;360000;0;64;30,00;Personas humanas en relación de dependencia;25,00;110,00;Fija;184,60;9573,00;Todo el territorio nacional;COMISION APLICABLE CUANDO NO HAYA TRASNSCURRIDO AL MENOS EL 50 POR CIENTO DEL PLAZO ORIGINAL
55005;Asociación Mutual de las Fuerzas Armadas y Seguridad (AMFAYS);2026-04-20;PRESTAMOS A EMPLEADOS PUBLICOS DE SANTA FE;EMPLEADOS SANTA FE;Pesos;6000000;100000;36;360000;0;64;30,00;Personas humanas en relación de dependencia;25,00;115,00;Fija;151,00;9952,00;Todo el territorio nacional;COMISION APLICABLE CUANDO NO HAYA TRASNSCURRIDO AL MENOS EL 50 POR CIENTO DEL PLAZO ORIGINAL
55005;Asociación Mutual de las Fuerzas Armadas y Seguridad (AMFAYS);2026-04-20;PRESTAMOS A RETIRADOS DE LAS FUERZAS ARMADAS;RETIRADOS DE FFAA;Pesos;10000000;100000;36;360000;0;84;30,00;Personas humanas en relación de dependencia;25,00;109,00;Fija;183,86;9498,00;Todo el territorio nacional;COMISION APLICABLE CUANDO NO HAYA TRASNSCURRIDO AL MENOS EL 50 POR CIENTO DEL PLAZO ORIGINAL
55005;Asociación Mutual de las Fuerzas Armadas y Seguridad (AMFAYS);2026-04-20;PRESTAMOS MUNICIPALES DE GRAL PUEYRREDON;MUNI GRAL PUEYRREDON;Pesos;5000000;100000;24;360000;0;64;30,00;Personas humanas en relación de dependencia;25,00;91,00;Fija;140,00;9170,00;Todo el territorio nacional;COMISION APLICABLE CUANDO NO HAYA TRASNSCURRIDO AL MENOS EL 50 POR CIENTO DEL PLAZO ORIGINAL
55005;Asociación Mutual de las Fuerzas Armadas y Seguridad (AMFAYS);2026-04-20;PRESTAMOS DEC 1412;DEC 1412;Pesos;10000000;100000;36;360000;0;64;30,00;Personas humanas en relación de dependencia;25,00;84,50;Fija;126,40;7706,00;Todo el territorio nacional;COMISION APLICABLE CUANDO NO HAYA TRASNSCURRIDO AL MENOS EL 50 POR CIENTO DEL PLAZO ORIGINAL
55005;Asociación Mutual de las Fuerzas Armadas y Seguridad (AMFAYS);2026-04-20;PRESTAMOS EMP DEL PODER JUDICIAL DE LA NACION;PODER JUDICIAL DE LA NACI;Pesos;10000000;100000;24;360000;0;64;30,00;Personas humanas en relación de dependencia;25,00;112,00;Fija;191,76;10575,00;Todo el territorio nacional;COMISION APLICABLE CUANDO NO HAYA TRASNSCURRIDO AL MENOS EL 50 POR CIENTO DEL PLAZO ORIGINAL
55006;Asociación Mutual del Litoral 17 de Enero;2026-04-09;EMPLEADOS DEL GOBIERNO DE LA CIUDAD DE BUENOS AIRES;GCBA;Pesos;4000000;10000;48;0;0;100;35,00;Todos los beneficiarios;12,00;459,26;Fija;459,26;9305,00;Ciudad Autónoma de Buenos Aires;
55006;Asociación Mutual del Litoral 17 de Enero;2026-04-09;EMPLEADOS MUNICIPALES DE ROSARIO;AMEMA;Pesos;4000000;10000;24;0;0;100;35,00;Todos los beneficiarios;12,00;303,58;Fija;303,58;11324,00;Provincia de Santa Fe;
55008;Asociación Mutual Unión Solidaria;2026-04-14;AYUDA ECONOMICA PERSONAL EN PESOS;AY ECON PERSONAL PESOS;Pesos;4000000;10000;24;0;0;65;50,00;Empleados públicos;,00;279,01;Fija;386,26;1884,00;Provincia del Chubut;
55008;Asociación Mutual Unión Solidaria;2026-04-14;AYUDA ECONOMICA PERSONAL EN PESOS;AY ECON PERSONAL PESOS;Pesos;10000000;10000;48;0;0;85;50,00;Empleados públicos;,00;88,34;Fija;118,35;790,00;Provincia de Santa Fe;
55008;Asociación Mutual Unión Solidaria;2026-04-14;AYUDA ECONOMICA PERSONAL EN PESOS;AY ECON PERSONAL PESOS;Pesos;10000000;10000;48;0;0;85;50,00;Empleados públicos;,00;87,27;Fija;118,35;790,00;Provincia de Entre Ríos;
55008;Asociación Mutual Unión Solidaria;2026-04-14;AYUDA ECONOMICA PERSONAL EN PESOS;AY ECON PERSONAL PESOS;Pesos;10000000;10000;48;0;0;85;50,00;Empleados públicos;,00;87,83;Fija;129,11;840,00;Provincia de Misiones;
55008;Asociación Mutual Unión Solidaria;2026-04-14;AYUDA ECONOMICA PERSONAL EN PESOS;AY ECON PERSONAL PESOS;Pesos;4000000;10000;24;0;0;85;50,00;Beneficiarios de cuentas de la seguridad social;,00;269,31;Fija;385,96;1883,00;Provincia del Chubut;
55008;Asociación Mutual Unión Solidaria;2026-04-14;AYUDA ECONOMICA PERSONAL EN PESOS;AY ECON PERSONAL PESOS;Pesos;5000000;100000;24;0;0;85;50,00;Beneficiarios de cuentas de la seguridad social;,00;232,41;Fija;208,00;1158,00;Todo el territorio nacional;
55008;Asociación Mutual Unión Solidaria;2026-04-14;AYUDA ECONOMICA PERSONAL EN PESOS;AY ECON PERSONAL PESOS;Pesos;10000000;10000;48;0;0;85;50,00;Empleados públicos;,00;88,34;Fija;118,35;790,00;Provincia de Entre Ríos;
55008;Asociación Mutual Unión Solidaria;2026-04-14;AYUDA ECONOMICA PERSONAL EN PESOS;AY ECON PERSONAL PESOS;Pesos;1010000;10000;36;0;0;65;50,00;Empleados públicos;,00;101,20;Fija;99,98;692,00;Provincia de Buenos Aires;
55008;Asociación Mutual Unión Solidaria;2026-04-14;AYUDA ECONOMICA PERSONAL EN PESOS;AY ECON PERSONAL PESOS;Pesos;3000000;51000;36;0;0;60;50,00;Empleados públicos;,00;117,89;Fija;112,03;808,00;Ciudad Autónoma de Buenos Aires;
55008;Asociación Mutual Unión Solidaria;2026-04-14;AYUDA ECONOMICA PERSONAL EN PESOS;AY ECON PERSONAL PESOS;Pesos;10000000;10000;36;0;0;65;50,00;Empleados públicos;,00;197,12;Fija;170,62;1060,00;Provincia de Buenos Aires;
55008;Asociación Mutual Unión Solidaria;2026-04-14;AYUDA ECONOMICA PERSONAL EN PESOS;AY ECON PERSONAL PESOS;Pesos;10000000;10000;36;0;0;84;50,00;Beneficiarios de cuentas de la seguridad social;,00;197,12;Fija;170,62;1060,00;Provincia de Buenos Aires;
55008;Asociación Mutual Unión Solidaria;2026-04-14;AYUDA ECONOMICA PERSONAL EN PESOS;AY ECON PERSONAL PESOS;Pesos;1010000;10000;36;0;0;85;50,00;Beneficiarios de cuentas de la seguridad social;,00;101,20;Fija;99,98;692,00;Provincia de Buenos Aires;
55008;Asociación Mutual Unión Solidaria;2026-04-14;AYUDA ECONOMICA PERSONAL EN PESOS;AY ECON PERSONAL PESOS;Pesos;10000000;10000;48;0;0;85;50,00;Empleados públicos;,00;82,76;Fija;129,11;840,00;Provincia de Misiones;
55008;Asociación Mutual Unión Solidaria;2026-04-14;AYUDA ECONOMICA PERSONAL EN PESOS;AY ECON PERSONAL PESOS;Pesos;10000000;10000;48;0;0;85;50,00;Empleados públicos;,00;87,27;Fija;118,35;790,00;Provincia de Santa Fe;
55008;Asociación Mutual Unión Solidaria;2026-04-14;AYUDA ECONOMICA PERSONAL EN PESOS;AY ECON PERSONAL PESOS;Pesos;1010000;10000;36;0;0;65;50,00;Empleados públicos;,00;101,20;Fija;99,98;692,00;Provincia de Buenos Aires;
55008;Asociación Mutual Unión Solidaria;2026-04-14;AYUDA ECONOMICA PERSONAL EN PESOS;AY ECON PERSONAL PESOS;Pesos;10000000;10000;36;0;0;85;50,00;Empleados públicos;,00;143,88;Fija;213,51;1230,00;Provincia de Misiones;
55009;Carsa S.A.;2025-04-08;FINANCIACION MUSIMUNDO EN CARSA SA;FINANCIACION MUSIMUNDO;Pesos;10500000;100;24;70000;6;75;60,00;Todos los beneficiarios;,00;300,93;Fija;300,93;12500,00;Provincia de Formosa;
55009;Carsa S.A.;2025-04-08;FINANCIACION MUSIMUNDO EN CARSA SA;FINANCIACION MUSIMUNDO;Pesos;10500000;100;24;70000;6;75;60,00;Todos los beneficiarios;,00;300,93;Fija;300,93;12500,00;Provincia de Buenos Aires;
55009;Carsa S.A.;2025-04-08;FINANCIACION MUSIMUNDO EN CARSA SA;FINANCIACION MUSIMUNDO;Pesos;10500000;100;24;70000;6;75;60,00;Todos los beneficiarios;,00;300,93;Fija;300,93;12500,00;Provincia del Chaco;
55009;Carsa S.A.;2025-04-08;FINANCIACION MUSIMUNDO EN CARSA SA;FINANCIACION MUSIMUNDO;Pesos;10500000;100;24;70000;6;75;60,00;Todos los beneficiarios;,00;300,93;Fija;300,93;12500,00;Provincia de Misiones;
55009;Carsa S.A.;2025-04-08;FINANCIACION MUSIMUNDO EN CARSA SA;FINANCIACION MUSIMUNDO;Pesos;10500000;100;24;70000;6;75;60,00;Todos los beneficiarios;,00;300,93;Fija;300,93;12500,00;Provincia de Corrientes;
55011;Cetrogar S.A.;2026-07-06;CREDITOPERSONALCETROGAR;CREDITOCETROGAR;Pesos;5000000;50000;24;300000;6;74;30,00;Todos los beneficiarios;,00;209,11;Fija;286,76;140555,00;Todo el territorio nacional;
55012;CFN SRL;2026-03-12;PRESTAMO PERSONAL;PP;Pesos;8800000;35000;24;252450;6;80;50,00;Todos los beneficiarios;30,00;376,23;Fija;415,25;6666,00;Todo el territorio nacional;ITEM INFORMACION ADICIONAL CAMPO 12: NO SE COBRA COMISION SI LA CANCELACION ES TOTAL Y TRANSCURRIO LA CUARTA PARTE DEL PLAZO DEL PRESTAMO O 180 DIAS DE SU OTORGAMIENTO, DE AMBOS EL MAYOR.
55013;Cierto Argentina S.A.;2026-07-08;PRESTAMOS CIERTO ARGENTINA;CIERTO ARGENTINA;Pesos;5000000;1000;24;149116;4;85;50,00;Todos los beneficiarios;2,50;999,98;Fija;999,99;1337,00;Todo el territorio nacional;
55015;Coppel S.A.;2026-06-09;PRESTAMOPERSONAL;PP;Pesos;1761900;5000;12;0;0;75;,00;Todos los beneficiarios;,00;,00;Fija;,00;233333,00;Provincia de Buenos Aires;TEA 579 CON 71 CENTAVOS Y CFT 880 CON 43 CENTAVOS EXCEDE LA  LONGITUD MAX DEL CAMPO
55015;Coppel S.A.;2026-06-09;PRESTAMOPERSONAL;PP;Pesos;1761900;5000;12;0;0;75;,00;Todos los beneficiarios;,00;,00;Fija;,00;233333,00;Ciudad Autónoma de Buenos Aires;TEA 579 CON 71 CENTAVOS Y CFT 880 CON 43 CENTAVOS EXCEDE LA  LONGITUD MAX DEL CAMPO
55017;Cooperativa de Crédito, Consumo y Servicios Sociales La Plata Ltda.;2026-05-13;16 CLP SS;16 SS;Pesos;18000000;60000;16;10000;6;82;30,00;Personas humanas en relación de dependencia;8,00;120,14;Fija;242,83;1075,00;Provincia de Buenos Aires;
55017;Cooperativa de Crédito, Consumo y Servicios Sociales La Plata Ltda.;2026-05-13;5 CLP D1;5 D1;Pesos;1062500;6250;18;10000;6;82;30,00;Personas humanas en relación de dependencia;8,00;219,23;Fija;466,31;1360,00;Provincia de Buenos Aires;
55017;Cooperativa de Crédito, Consumo y Servicios Sociales La Plata Ltda.;2026-05-13;3 CLP AR;3 AR;Pesos;1800000;60000;18;10000;6;82;30,00;Personas humanas en relación de dependencia;8,00;120,14;Fija;226,60;1075,00;Provincia de Buenos Aires;
55017;Cooperativa de Crédito, Consumo y Servicios Sociales La Plata Ltda.;2026-05-13;28 CLP 24A;28 24A;Pesos;1089000;60500;18;10000;6;82;30,00;Personas humanas en relación de dependencia;8,00;105,56;Fija;224,84;938,00;Provincia de Buenos Aires;
55017;Cooperativa de Crédito, Consumo y Servicios Sociales La Plata Ltda.;2026-05-13;1 CLP AM;1 AM;Pesos;1800000;60000;18;10000;6;82;30,00;Personas humanas en relación de dependencia;8,00;120,14;Fija;226,60;1075,00;Provincia de Buenos Aires;
55017;Cooperativa de Crédito, Consumo y Servicios Sociales La Plata Ltda.;2026-05-13;2 CLP AN;2 AN;Pesos;6480000;54000;30;10000;6;82;30,00;Beneficiarios de cuentas de la seguridad social;8,00;193,64;Fija;162,86;900,00;Provincia de Buenos Aires;
55017;Cooperativa de Crédito, Consumo y Servicios Sociales La Plata Ltda.;2026-05-13;17 CLP SU;17 SU;Pesos;1250000;62500;18;10000;6;82;30,00;Personas humanas en relación de dependencia;8,00;182,17;Fija;282,13;1280,00;Provincia de Buenos Aires;
55017;Cooperativa de Crédito, Consumo y Servicios Sociales La Plata Ltda.;2026-05-13;4 CLP D0;4 D0;Pesos;1020000;6000;18;10000;6;82;30,00;Personas humanas en relación de dependencia;8,00;227,06;Fija;412,21;1333,00;Provincia de Buenos Aires;
55017;Cooperativa de Crédito, Consumo y Servicios Sociales La Plata Ltda.;2026-05-13;6 CLP D2;6 D2;Pesos;1105000;6500;18;10000;6;82;30,00;Personas humanas en relación de dependencia;8,00;219,34;Fija;524,45;1385,00;Provincia de Buenos Aires;
55017;Cooperativa de Crédito, Consumo y Servicios Sociales La Plata Ltda.;2026-05-13;31 CLP 24S1;31 24S1;Pesos;1070600;50500;24;10000;6;80;30,00;Personas humanas en relación de dependencia;8,00;95,40;Fija;87,03;800,00;Provincia de Buenos Aires;
55018;Cooperativa de Provisión de Obras y Servicios Publicos y de Créditos Cuenca del Salado Ltda.;2026-06-25;PRESTAMOS DE CONSUMO;PP00001319;Pesos;4000000;50000;36;80000;1;69;35,00;Todos los beneficiarios;15,00;159,41;Fija;277,72;231976,00;Todo el territorio nacional;
55018;Cooperativa de Provisión de Obras y Servicios Publicos y de Créditos Cuenca del Salado Ltda.;2026-06-25;PRESTAMOS DE CONSUMO;PP00001320;Pesos;3000000;50000;36;85000;1;65;35,00;Todos los beneficiarios;20,00;188,54;Fija;299,06;265256,00;Todo el territorio nacional;
55018;Cooperativa de Provisión de Obras y Servicios Publicos y de Créditos Cuenca del Salado Ltda.;2026-06-25;PRESTAMOS DE CONSUMO;PP00001316;Pesos;4000000;100000;36;50000;1;70;35,00;Todos los beneficiarios;25,00;168,30;Fija;263,18;248061,00;Todo el territorio nacional;
55018;Cooperativa de Provisión de Obras y Servicios Publicos y de Créditos Cuenca del Salado Ltda.;2026-06-25;PRESTAMOS DE CONSUMO;PP00001318;Pesos;5000000;100000;36;15000;1;69;35,00;Todos los beneficiarios;10,00;157,96;Fija;183,29;203032,00;Todo el territorio nacional;
55020;Palmares Cooperativa de Vivienda, Crédito, Consumo y Servicios Sociales Ltda.;2026-05-14;PRESTAMOS PERSONALES;PRESTAMOS PERSONALES;Pesos;3000000;10000;40;50000;12;99;30,00;Clientes con cuenta en la entidad;,00;289,72;Fija;409,14;1328,00;Todo el territorio nacional;
55023;Credifácil S.A.F. y M.;2026-06-11;JUBILADOS NUEVOS;JN;Pesos;250000;1000;8;0;0;80;25,00;Beneficiarios de cuentas de la seguridad social;,00;1861,04;Fija;1861,04;3280,00;Todo el territorio nacional;
55023;Credifácil S.A.F. y M.;2026-06-11;JUBILADOS RENOVACION;JR;Pesos;1300000;1000;10;0;0;80;30,00;Beneficiarios de cuentas de la seguridad social;,00;1736,29;Fija;1736,29;2920,00;Todo el territorio nacional;
55023;Credifácil S.A.F. y M.;2026-06-11;EMPLEADOS RENOVACION;ER;Pesos;1300000;1000;10;0;6;80;30,00;Personas humanas en relación de dependencia;,00;1736,29;Fija;1736,29;2920,00;Todo el territorio nacional;
55023;Credifácil S.A.F. y M.;2026-06-11;EMPLEADOS NUEVOS;EN;Pesos;250000;1000;8;0;6;80;25,00;Personas humanas en relación de dependencia;,00;1861,04;Fija;1861,04;3280,00;Todo el territorio nacional;
55023;Credifácil S.A.F. y M.;2026-06-11;CLIENTE PREMIUM;PR;Pesos;1500000;1000;10;0;6;80;30,00;Personas humanas en relación de dependencia;,00;1184,03;Fija;1184,03;2620,00;Todo el territorio nacional;
55024;CREDICUOTAS CONSUMO S.A.;2022-03-17;PERSONALES WEB;PERSONALES WEB;Pesos;30000;5000;12;4000;0;70;40,00;Todos los beneficiarios;10,00;614,93;Fija;614,93;2049,01;Todo el territorio nacional;
55024;CREDICUOTAS CONSUMO S.A.;2022-03-17;PERSONALES  COMERCIOS;PERSON. COMERIOS;Pesos;150100;2000;24;3000;0;70;30,00;Todos los beneficiarios;10,00;319,92;Fija;319,92;1207,49;Todo el territorio nacional;
55024;CREDICUOTAS CONSUMO S.A.;2022-03-17;PERSONALES EFECTIVO;PERSON. EFVO.;Pesos;50100;5000;18;3000;0;70;30,00;Todos los beneficiarios;10,00;333,87;Fija;333,87;1305,29;Todo el territorio nacional;
55025;Cuotitas S.A.;2026-06-19;PRESTAMOS A EMPLEADOS DE ADMINISTRACION DE LA PROVINCIA DE RIO NEGRO;EMPLEADOS PUBL RIO NEGRO;Pesos;8000000;5000;24;0;6;65;24,00;Empleados públicos;15,00;480,08;Fija;733,69;141848,00;Todo el territorio nacional;SE INFORMA TEA MAX Y CFT MAX CORRESPONDIENTE AL PLAZO MIN Y CUOTA INICIAL A PLAZO MAX CADA 10000
55025;Cuotitas S.A.;2026-06-19;PRESTAMOS DE PAGO VOLUNTARIO OTORGADOS EN COMERCIOS DE MOTO ELECTRO Y CELULARES;PVOL COMERCIOS;Pesos;20000000;5000;48;0;0;84;35,00;Todos los beneficiarios;15,00;1189,86;Fija;2082,99;173586,00;Todo el territorio nacional;SE INFORMA TEA MAX Y CFT MAX CORRESPONDIENTE AL PLAZO MIN Y CUOTA INICIAL A PLAZO MAX CADA 10000
55025;Cuotitas S.A.;2026-06-19;PRESTAMOS A EMPLEADOS DE ADMINISTRACION DE LA PROVINCIA DE SANTA FE;EMPLEADOS PUBL SANTA FE;Pesos;13000000;5000;48;0;6;65;24,00;Empleados públicos;15,00;420,15;Fija;633,06;86804,00;Todo el territorio nacional;SE INFORMA TEA MAX Y CFT MAX CORRESPONDIENTE AL PLAZO MIN Y CUOTA INICIAL A PLAZO MAX CADA 10000
55025;Cuotitas S.A.;2026-06-19;PRESTAMOS A EMPLEADOS DE ADMINISTRACION DE LA PROVINCIA DE CHUBUT;EMPLEADOS PUBL CHUBUT;Pesos;3000000;20000;24;0;6;65;24,00;Empleados públicos;15,00;755,16;Fija;1215,53;117343,00;Todo el territorio nacional;SE INFORMA TEA MAX Y CFT MAX CORRESPONDIENTE AL PLAZO MIN Y CUOTA INICIAL A PLAZO MAX CADA 10000
55025;Cuotitas S.A.;2026-06-19;PRESTAMOS A EMPLEADOS DE JUSTICIA;EMP PUB TRAB DE JUSTICIA;Pesos;4000000;100000;24;0;6;65;24,00;Empleados públicos;15,00;755,16;Fija;1249,04;167929,00;Todo el territorio nacional;SE INFORMA TEA MAX Y CFT MAX CORRESPONDIENTE AL PLAZO MIN Y CUOTA INICIAL A PLAZO MAX CADA 10000
55027;ELECTRONICA MEGATONE SRL;2026-05-18;CREDITO PARA LA COMPRA FINANCIADA DE PRODUCTOS EN ELECTRONICA MEGATONE SRL; ON CITY CREDITO;Pesos;11500000;1;24;173400;3;85;85,00;Todos los beneficiarios;20,00;664,36;Fija;664,36;1229,00;Todo el territorio nacional;ITEM INFORMACION ADICIONAL PUNTO 14 NO SE COBRA COMISION SI LA CANCELACION ES TOTAL Y TRANSCURRIO LA CUARTA PARTE DEL PLAZO O 180 DIAS, DE AMBOS EL MAYOR
55028;Favanet S.A.;2026-05-04;FAVANET;FAVANET;Pesos;4000000;2000;24;400000;6;75;25,00;Todos los beneficiarios;4,00;369,88;Fija;535,13;182822,00;Provincia de Buenos Aires;
55030;Fravega S.A.C.I. e I.;2026-06-11;PRESTAMO CONSUMO;EFECTIVO;Pesos;2000000;10000;18;600000;6;80;30,00;Todos los beneficiarios;50,00;916,77;Fija;1471,72;261101,00;Todo el territorio nacional;
55034;Hogar Total S.A.;2026-07-07;CREDITO PERSONAL DE CONSUMO PARA LA COMPRA FINANCIADA DE PRODUCTOS EN HOGAR TOTAL SA CUOTA ANTICIPADA;;Pesos;5000000;1;24;100000;3;80;35,00;Todos los beneficiarios;10,00;108,12;Fija;181,58;155173,00;Todo el territorio nacional;
55034;Hogar Total S.A.;2026-07-07;CREDITO PERSONAL DE CONSUMO PARA LA COMPRA FINANCIADA DE PRODUCTOS EN HOGAR TOTAL SA;;Pesos;5000000;1;24;100000;3;80;35,00;Todos los beneficiarios;10,00;108,25;Fija;181,93;139993,00;Todo el territorio nacional;
55040;N&F Capital Markets S.A.;2026-07-03;OSTENGO;PP00000858;Pesos;800000;900;36;6200;6;82;40,00;Todos los beneficiarios;30,00;541,16;Fija;999,99;399870,00;Todo el territorio nacional;
55040;N&F Capital Markets S.A.;2026-07-03;UPCN  ACTIVOS;PP00000908;Pesos;8000000;50000;36;35000;3;65;20,00;Todos los beneficiarios;20,00;819,12;Fija;855,76;484197,00;Todo el territorio nacional;
55041;Naldo Lombardi S.A.;2025-12-31;PERSONALHOGAR;PER;Pesos;10000000;1;24;18000;6;80;30,00;Todos los beneficiarios;20,00;186,13;Fija;252,87;104272,00;Todo el territorio nacional;
55041;Naldo Lombardi S.A.;2025-12-31;PERSONALDINERO;DIN;Pesos;2000000;1;24;18000;6;80;30,00;Todos los beneficiarios;20,00;536,05;Fija;740,18;199498,00;Todo el territorio nacional;
55042;Plural Cooperativa de Crédito, Consumo y Vivienda Ltda.;2026-03-19;PRESTAMOS;PRESTAMOS;Pesos;600000;50000;12;0;0;90;30,00;Beneficiarios de cuentas de la seguridad social;,00;223,82;Fija;136,78;1488,00;Todo el territorio nacional;
55046;Schejter y Schejter S.A.;2025-02-13;CREDITO PERSONAL SCHEJTER Y SCHEJTER;CREDITO SENSEI;Pesos;3000000;1000;12;286711;6;75;30,00;Todos los beneficiarios;,00;650,00;Fija;900,00;226827,00;Todo el territorio nacional;0
55048;Sicom S.A.;2023-07-24;DESCUENTO DE HABERES JUJUY;CDT;Pesos;500000;1000;24;6000;12;64;60,00;Empleados públicos;15,00;999,99;Fija;999,99;2041,00;Provincia de Jujuy;
55048;Sicom S.A.;2023-07-24;DESCUENTO DE HABERES TUCUMAN;CDT;Pesos;500000;1000;24;6000;12;64;30,00;Empleados públicos;10,00;999,99;Fija;999,99;1906,00;Provincia de Tucumán;
55048;Sicom S.A.;2023-07-24;DESCUENTO DE HABERES SALTA;CDT;Pesos;500000;1000;24;6000;12;64;30,00;Empleados públicos;10,50;999,99;Fija;999,99;1608,00;Provincia de Salta;
55049;Surfinan S.A.;2026-06-11;CREDITOS PARA CONSUMO  BAJA;COM.ADH.B;Pesos;600000;1000;6;30000;6;78;30,00;Todos los beneficiarios;,00;398,00;Fija;398,00;2030,00;Provincia de Buenos Aires;0                      
55049;Surfinan S.A.;2026-06-11;CREDITOS PARA CONSUMO MEDIA;COM.ADH.M;Pesos;500000;1000;6;30000;6;78;30,00;Todos los beneficiarios;,00;484,00;Fija;484,00;2183,00;Provincia de Buenos Aires;0
55049;Surfinan S.A.;2026-06-11;CREDITOS PARA CONSUMO ALTA;COM.ADH.A;Pesos;250000;1000;6;30000;6;78;30,00;Todos los beneficiarios;,00;557,00;Fija;557,00;2299,00;Provincia de Buenos Aires;0  
55052;Asociación Mututal 18 de Julio;2026-07-01;MUTUAL PERSONAL DOLAR;MUTUAL PP USD;Dólares estadounidenses;20000;2000;24;550000;12;69;30,00;Todos los beneficiarios;3,00;19,56;Fija;21,22;9600,00;Provincia de Santa Fe;TASA FIJA
55052;Asociación Mututal 18 de Julio;2026-07-01;MUTUAL PERSONAL PESOS;MUTUAL PP $;Pesos;2400000;250000;36;800000;12;69;30,00;Todos los beneficiarios;3,00;199,87;Fija;216,86;152800,00;Provincia de Santa Fe;TASA FIJA
55054;Crédito Directo S.A.;2026-05-19;PRESTAMO PERSONAL DE CONSUMO DIRIGIDO;MOTO - CONSTR - TURISMO;Pesos;9500000;50000;24;0;0;75;35,00;Todos los beneficiarios;10,89;259,42;Fija;458,20;1541,00;Todo el territorio nacional;
55054;Crédito Directo S.A.;2026-05-19;PRESTAMO PERSONAL DE CONSUMO DIRIGIDO;ELECTRO - OTROS;Pesos;8000000;10000;18;0;0;79;35,00;Todos los beneficiarios;10,89;483,45;Fija;1104,85;2305,00;Todo el territorio nacional;PRESTAMOS CON TNA 0 PORCIENTO EN CASO QUE REGISTREN MORA EL IMPORTE VENCIDO E IMPAGO DEVENGARA UN INTERES COMPENSATORIO DE 160 PORCIENTO Y UN INTERES PUNITORIO EQUIVALENTE AL CINCUENTA POR CIENTO DE LA TASA DE INTERES  COMPENSATORIO INDICADA
55054;Crédito Directo S.A.;2026-05-19;PRESTAMO PERSONAL DE EFECTIVO;EFT CL RENOVADOR;Pesos;2500000;10000;12;0;0;83;,00;Todos los beneficiarios;10,89;412,22;Fija;1240,64;2415,00;Todo el territorio nacional;
55054;Crédito Directo S.A.;2026-05-19;PRESTAMO PERSONAL DE EFECTIVO;EFT CLIENTE NUEVO;Pesos;1500000;10000;12;0;0;83;,00;Todos los beneficiarios;10,89;310,99;Fija;547,38;1684,00;Todo el territorio nacional;
55057;Mutual Integral de Servicios;2026-06-30;PRESTAMO (L35) - MIS - CUAD2;LINEA 35;Pesos;10000000;50000;60;0;12;75;48,00;Empleados públicos;8,00;102,50;Fija;115,60;697,00;Provincia de Santa Fe;SE INFORMA TEA MAX Y CFT MAX CORRESPONDIENTE AL PLAZO MAX
55057;Mutual Integral de Servicios;2026-06-30;PRESTAMO (L34) - MIS - CUAD;LINEA 34;Pesos;10000000;50000;60;0;12;75;48,00;Empleados públicos;8,00;102,50;Fija;115,60;697,00;Provincia de Santa Fe;SE INFORMA TEA MAX Y CFT MAX CORRESPONDIENTE AL PLAZO MAX
55057;Mutual Integral de Servicios;2026-06-30;PRESTAMO (L44) - MIS - CUAD - PASIVOS;LINEA 44 PASIVOS;Pesos;10000000;50000;60;0;0;78;50,00;Beneficiarios de cuentas de la seguridad social;8,00;109,50;Fija;119,50;728,00;Provincia de Santa Fe;SE INFORMA TEA MAX Y CFT MAX CORRESPONDIENTE AL PLAZO MAX
55057;Mutual Integral de Servicios;2026-06-30;PRESTAMO (L38) - MUPCN;LINEA 38;Pesos;10000000;50000;60;0;12;75;48,00;Empleados públicos;8,00;102,50;Fija;115,60;697,00;Provincia de Santa Fe;SE INFORMA TEA MAX Y CFT MAX CORRESPONDIENTE AL PLAZO MAX
55057;Mutual Integral de Servicios;2026-06-30;PRESTAMO (L43) - MIS - CUAD - PROMO;LINEA 43;Pesos;10000000;50000;60;0;12;75;48,00;Empleados públicos;8,00;102,50;Fija;115,60;697,00;Provincia de Santa Fe;SE INFORMA TEA MAX Y CFT MAX CORRESPONDIENTE AL PLAZO MAX
55060;Gran Cooperativa de Crédito, Vivienda, Consumo y Servicios Sociales Limitada;2026-07-03;PRESTAMOS PERSONALES;PP00101527;Pesos;4000000;100000;48;95000;6;65;40,00;Todos los beneficiarios;10,00;88,53;Fija;116,70;137770,00;Todo el territorio nacional;
55060;Gran Cooperativa de Crédito, Vivienda, Consumo y Servicios Sociales Limitada;2026-07-03;PRESTAMOS PERSONALES;PP00101639;Pesos;6500000;90000;36;363000;6;65;30,00;Todos los beneficiarios;35,00;91,82;Fija;188,62;196819,00;Todo el territorio nacional;
55061;Radio Sapienza S.A.;2026-06-01;;;;;;;;;;;;;;;;;;                                                                                                                                                                                                                                           
55067;Amargot Créditos y Servicios S.A.;2026-03-16;PRESTAMOS PERSONALES CONSUMO;PP00000405;Pesos;800000;1000;24;6200;1;89;40,00;Todos los beneficiarios;25,00;525,04;Fija;999,99;404423,00;Todo el territorio nacional;
55072;Cooperativa de vivienda, crédito y consumo Bicentenaria Ltda.;2021-09-10;PRESTAMOS;PRES;Pesos;100000;10000;36;10000;6;62;30,00;Personas humanas en relación de dependencia;20,00;198,50;Fija;198,50;1697,33;Todo el territorio nacional;
55073;Oportunidad Microfinanciera Latinoamericana OMLA S.A.;2026-06-09;MICRO SOLIDARIO;SOLIDARIO NUEVO;Pesos;500000;5000;10;0;12;70;20,00;Personas humanas Monotributistas;,00;180,00;Variable;230,00;3583,00;Todo el territorio nacional;0
55073;Oportunidad Microfinanciera Latinoamericana OMLA S.A.;2026-06-09;NANO CREDITO;NANO;Pesos;12000000;5000;12;0;12;70;20,00;Personas humanas Monotributistas;,00;180,00;Variable;227,00;2447,00;Todo el territorio nacional;0
55073;Oportunidad Microfinanciera Latinoamericana OMLA S.A.;2026-06-09;MICRO POTENCIA;POTENCIA;Pesos;12000000;5000;12;0;12;70;20,00;Personas humanas Monotributistas;,00;99,00;Variable;128,00;1900,00;Todo el territorio nacional;0
55073;Oportunidad Microfinanciera Latinoamericana OMLA S.A.;2026-06-09;MICRO OPORTUNO;OPORTUNO;Pesos;12000000;5000;12;0;12;70;20,00;Personas humanas Monotributistas;,00;180,00;Variable;231,00;2758,00;Todo el territorio nacional;0
55073;Oportunidad Microfinanciera Latinoamericana OMLA S.A.;2026-06-09;MICRO AGENCIA;MIXTO;Pesos;8000000;5000;12;0;12;70;20,00;Personas humanas Monotributistas;,00;135,00;Variable;185,00;2375,00;Todo el territorio nacional;0
55073;Oportunidad Microfinanciera Latinoamericana OMLA S.A.;2026-06-09;MICRO INICIATIVA;INICIATIVA;Pesos;12000000;5000;12;0;12;70;20,00;Personas humanas Monotributistas;,00;126,10;Variable;212,00;2600,00;Todo el territorio nacional;0
55075;IDUN INVERSIONES S.A.;2026-06-16;CONSUMO POR CODIGO DE DESCUENTO CABA;CONSUMO CABA;Pesos;310000;4000;40;600000;12;69;30,00;Empleados públicos;,00;934,94;Fija;934,94;2170,00;Ciudad Autónoma de Buenos Aires;
55075;IDUN INVERSIONES S.A.;2026-06-16;CONSUMO POR CODIGO DE DESCUENTO BUENOS AIRES;CONSUMO BUENOS AIRES;Pesos;310000;4000;40;600000;12;69;30,00;Empleados públicos;,00;934,94;Fija;934,94;2170,00;Provincia de Buenos Aires;
55076;Grupo Prestafácil S.A.;2026-04-22;AGENTES PASIVOS MISIONES;PASIVOS;Pesos;5000000;10000;36;0;0;81;39,00;Beneficiarios de cuentas de la seguridad social;,00;209,40;Fija;209,40;111600,00;Provincia de Misiones;
55076;Grupo Prestafácil S.A.;2026-04-22;AGENTES ACTIVOS MISIONES;ACTIVOS;Pesos;5000000;10000;36;0;6;65;39,00;Empleados públicos;,00;209,40;Fija;209,40;111600,00;Provincia de Misiones;
55077;Asociación Mutual de Escribanos;2026-04-16;PLAN AMERICANO U$S;AM.U$S;Dólares estadounidenses;5000000;1;36;0;0;100;35,00;Todos los beneficiarios;,00;,50;Fija;,50;,00;Todo el territorio nacional;
55077;Asociación Mutual de Escribanos;2026-04-16;AY. EC. CONVENIOS FRANCES (I);CONV F(I);Pesos;5000000;1;36;0;0;100;35,00;Todos los beneficiarios;,00;105,00;Fija;105,00;,00;Todo el territorio nacional;
55080;DAP Cooperativa de Crédito y Consumo Ltda.;2026-05-29;167;DEC14;Pesos;2500000;10000;36;341000;0;65;30,00;Empleados públicos;4,00;84,62;Fija;124,08;12560,00;Todo el territorio nacional;
55083;AGL CAPITAL S.A.;2026-05-26;CORDOBA ANSES CBU SIT 1 2;CBA ANSES CBU 1 2;Pesos;1500000;5000;24;100000;6;82;50,00;Beneficiarios de cuentas de la seguridad social;30,00;649,14;Fija;798,78;26760,00;Provincia de Córdoba;TEA CON IVA INCLUIDO
55083;AGL CAPITAL S.A.;2026-05-26;NEUQUEN DESCUENTO DE HABERES;NEUQUEN HABERES;Pesos;3500000;5000;24;100000;6;65;18,00;Empleados públicos;15,00;307,47;Fija;436,70;13063,00;Provincia del Neuquén;TEA CON IVA INCLUIDO
55083;AGL CAPITAL S.A.;2026-05-26;CORDOBA DESCUENTO DE HABERES;CORDOBA HAB;Pesos;2000000;5000;24;100000;6;65;30,00;Empleados públicos;30,00;649,14;Fija;798,78;26760,00;Provincia de Córdoba;TEA CON IVA INCLUIDO
55083;AGL CAPITAL S.A.;2026-05-26;MENDOZA DESC DE HAB ;MENDOZA ;Pesos;5000000;5000;36;100000;6;65;40,00;Empleados públicos;15,00;157,70;Fija;278,59;10142,00;Provincia de Mendoza;TEA CON IVA INCLUIDO
55083;AGL CAPITAL S.A.;2026-05-26;CORDOBA ANSES GRACIABLES CBU SIT 1 2;CBA GRAC CBU 1 2;Pesos;1500000;5000;24;100000;6;82;50,00;Beneficiarios de cuentas de la seguridad social;30,00;649,14;Fija;798,78;26760,00;Provincia de Córdoba;TEA CON IVA INCLUIDO
55083;AGL CAPITAL S.A.;2026-05-26;CORDOBA CBU SIT 1 2;CBA CBU 1 2;Pesos;1500000;5000;24;100000;6;82;50,00;Empleados públicos;30,00;649,14;Fija;798,78;26760,00;Provincia de Córdoba;TEA CON IVA INCLUIDO
55083;AGL CAPITAL S.A.;2026-05-26;CORDOBA ANSES CBU SIT 3 4 5;CBA ANSES CBU 3 4 5;Pesos;1500000;5000;18;100000;6;82;50,00;Beneficiarios de cuentas de la seguridad social;30,00;730,15;Fija;973,92;28974,00;Provincia de Córdoba;TEA CON IVA INCLUIDO
55083;AGL CAPITAL S.A.;2026-05-26;CHUBUT DESCUENTO DE HABERES;CHUBUT HABERES;Pesos;5000000;5000;36;100000;6;65;40,00;Empleados públicos;15,00;195,24;Fija;369,71;13699,00;Provincia del Chubut;TEA CON IVA INCLUIDO
55083;AGL CAPITAL S.A.;2026-05-26;CORDOBA CBU SIT 3 4 5;CBA CBU 3 4 5;Pesos;1500000;5000;18;100000;6;82;50,00;Empleados públicos;30,00;730,15;Fija;973,92;28974,00;Provincia de Córdoba;TEA CON IVA INCLUIDO
55083;AGL CAPITAL S.A.;2026-05-26;CORDOBA ANSES GRACIABLES CBU SIT 3 4 5;CBA GRAC CBU 3 4 5;Pesos;1500000;5000;18;100000;6;82;50,00;Beneficiarios de cuentas de la seguridad social;30,00;730,15;Fija;973,92;28974,00;Provincia de Córdoba;TEA CON IVA INCLUIDO
55085;Moni Online S.A.;2026-06-10;PRESTAMO CONSUMO PERSONAL A NO EMPLEADOS;PCPNE;Pesos;1943764;12000;12;0;0;80;25,00;Todos los beneficiarios;,00;5286,47;Fija;5286,47;301251,00;Todo el territorio nacional;PARA MAYOR INFORMACION VER TARIFARIO COMPLETO
55085;Moni Online S.A.;2026-06-10;PRESTAMO CONSUMO PERSONAL PAGO DE SERVICIOS Y RECARGAS;PCPPSYR;Pesos;585591;3000;6;0;0;80;30,00;Todos los beneficiarios;,00;7046,70;Fija;7046,70;394974,00;Todo el territorio nacional;PARA MAYOR INFORMACION VER TARIFARIO COMPLETO
55085;Moni Online S.A.;2026-06-10;PRESTAMO CONSUMO PERSONAL A EMPLEADOS Y JUBILADOS;PCPEYJ;Pesos;3220753;12000;12;0;3;80;30,00;Personas humanas en relación de dependencia;,00;4846,39;Fija;4846,39;298851,00;Todo el territorio nacional;PARA MAYOR INFORMACION VER TARIFARIO COMPLETO
55086;Asociación Mutual Asis;2022-03-07;AYUDAS ECONOMICAS PERSONALES MUTUAL ASIS BUENOS AIRES;AYUDAS ECON BS AS;Pesos;200000;1000;24;0;0;100;20,00;Todos los beneficiarios;,00;137,94;Fija;137,94;911,00;Todo el territorio nacional;AYUDAS ECONOMICAS A SOLA FIRMA
55087;Préstamos Bam S.A.;2026-02-06; MUNICIPALIDAD PARANA;MUNPARANA;Pesos;2000000;1000;12;0;3;65;30,00;Empleados públicos;15,23;574,17;Fija;574,17;275649,00;Provincia de Entre Ríos;
55087;Préstamos Bam S.A.;2026-02-06; ACTIVOS MENDOZA DESCENTRALIZADOS;ACTMENDDESCENTRAL;Pesos;2000000;1000;12;0;3;65;30,00;Empleados públicos;15,23;574,17;Fija;574,17;275649,00;Provincia de Mendoza;
55087;Préstamos Bam S.A.;2026-02-06; PLAN BAM 6 1;PLANBAM61;Pesos;2000000;1000;6;0;3;65;30,00;Empleados públicos;15,23;623,38;Fija;623,38;310992,00;Provincia de Mendoza;
55087;Préstamos Bam S.A.;2026-02-06; PLAN BAM 9, 12, 18 Y 24;PLANBAM91218Y24;Pesos;2000000;1000;24;0;3;65;30,00;Empleados públicos;15,23;675,85;Fija;675,85;223740,00;Provincia de Mendoza;
55087;Préstamos Bam S.A.;2026-02-06; PLAN BAM 3 1;PLANBAM31;Pesos;2000000;1000;3;0;3;65;30,00;Empleados públicos;15,23;528,06;Fija;528,06;472689,00;Provincia de Mendoza;
55087;Préstamos Bam S.A.;2026-02-06; PLAN BAM 3, 6, 9, 12, 18 Y 24 2;PLANBAM3691218Y242;Pesos;2000000;1000;24;0;3;65;30,00;Empleados públicos;15,23;791,44;Fija;791,44;239773,00;Provincia de Mendoza;
55087;Préstamos Bam S.A.;2026-02-06; MUNICIPALES MENDOZA;MUNMENDOZA;Pesos;2000000;1000;12;0;3;65;30,00;Empleados públicos;15,23;574,17;Fija;574,17;275649,00;Provincia de Mendoza;
55087;Préstamos Bam S.A.;2026-02-06; PLAN BAM 3;PLANBAM3;Pesos;2000000;1000;3;0;3;65;30,00;Empleados públicos;15,23;484,85;Fija;484,85;466598,00;Provincia de Mendoza;
55087;Préstamos Bam S.A.;2026-02-06; PLAN BAM 6;PLANBAM6;Pesos;2000000;1000;6;0;3;65;30,00;Empleados públicos;15,23;574,17;Fija;574,17;304805,00;Provincia de Mendoza;
55087;Préstamos Bam S.A.;2026-02-06; PLAN BAM 9, 12, 18 Y 24 1;PLANBAM91218Y241;Pesos;2000000;1000;24;0;3;65;30,00;Empleados públicos;15,23;731,81;Fija;731,81;231744,00;Provincia de Mendoza;
55088;Asociación Mutual de Docentes de la Provincia del Chaco;2026-03-06;RESTO DE LOS SERVICIOS MUTUALES EXCLUSIVO EMPLEADOS PUBLICOS;SERMU;Pesos;1000000;100;12;0;0;100;40,00;Empleados públicos;,00;54,00;Fija;55,62;129684,00;Provincia del Chaco;
55088;Asociación Mutual de Docentes de la Provincia del Chaco;2026-03-06;AYUDAS ECONOMICAS EXCLUSIVO EMPLEADOS PUBLICOS CON ANTIGUEDAD MAYOR A 1 AÑO;AYUEC;Pesos;1000000;10000;12;0;12;100;40,00;Empleados públicos;,00;54,00;Fija;55,62;129684,00;Provincia del Chaco;
55090;DILCAR S.A.;2026-02-05;CP - CREDITO HABITAR;CP - CREDITO HABITAR;Pesos;1000000;5000;12;30000;12;100;35,00;Empleados públicos;,00;532,00;Fija;785,00;1890,00;Todo el territorio nacional;
55090;DILCAR S.A.;2026-02-05;CP - CREDITO HABITAR;CP - CREDITO HABITAR;Pesos;1000000;5000;12;30000;12;100;35,00;Personas humanas Responsables Inscriptos;,00;532,00;Fija;785,00;1890,00;Todo el territorio nacional;
55090;DILCAR S.A.;2026-02-05;CP - CREDITO HABITAR;CP - CREDITO HABITAR;Pesos;1000000;5000;12;30000;12;100;35,00;Personas humanas en relación de dependencia;,00;532,00;Fija;785,00;1890,00;Todo el territorio nacional;
55090;DILCAR S.A.;2026-02-05;CP - CREDITO HABITAR;CP - CREDITO HABITAR;Pesos;1000000;5000;12;30000;12;100;35,00;Personas humanas Monotributistas;,00;532,00;Fija;785,00;1890,00;Todo el territorio nacional;
55091;CREDIAR S.A.;2026-06-11;PRESTAMOPERSONAL;PP;Pesos;6000000;150000;24;357800;6;72;35,00;Todos los beneficiarios;,00;491,17;Fija;710,58;29133,00;Todo el territorio nacional;
55092;Dante Tanino Hogar S.A.;2026-04-16;PERSONALES;;Pesos;12000000;1;12;0;0;100;40,00;Todos los beneficiarios;,00;87,00;Fija;70,00;14166,00;Provincia de Santa Fe;
55093;FINANCOMP S.A.;2026-06-11;PRESTAMOSPERSONALES;PP;Pesos;2000000;100000;18;1200000;6;78;25,00;Personas humanas en relación de dependencia;,00;475,00;Fija;563,41;2124,00;Todo el territorio nacional;
55094;Genesys S.A.;2026-07-07;PROGRAMA DE FINANCIAMIENTO FEDERAL;PLAN 0;Pesos;1000000;1000;36;3;36;65;40,00;Empleados públicos;10,00;180,00;Fija;647,00;1000,00;Provincia de La Rioja;PLANES APLICADOS A ESTABLECIMIENTOS DE ELECTRODOMESTICOS DESDE PLAZO 10.
55094;Genesys S.A.;2026-07-07;PROGRAMA DE FINANCIAMIENTO FEDERAL;PLAN 45;Pesos;1000000;1000;36;3;36;65;40,00;Empleados públicos;10,00;162,00;Fija;515,00;1000,00;Provincia de La Rioja;PLANES APLICADOS A ESTABLECIMIENTOS DE ELECTRODOMESTICOS DESDE PLAZO 10. TEA MAXIMA 162,00. TNA MINIMA 140,00. CFT 515,00.
55095;CRENAC S.A.;2026-06-18;PRESTAMO CRENAC PVJ;PRESTAMO CRENAC PVJ;Pesos;1000000;3000;24;0;0;82;30,00;Empleados públicos;10,00;257,00;Fija;257,00;237500,00;Provincia de Tucumán;
55095;CRENAC S.A.;2026-06-18;PRESTAMO CRENAC PVJ;PRESTAMO CRENAC PVJ;Pesos;1000000;3000;24;0;0;82;30,00;Personas humanas en relación de dependencia;10,00;257,00;Fija;257,00;237500,00;Provincia de Jujuy;
55095;CRENAC S.A.;2026-06-18;PRESTAMO CHUBUT;CHUBUT;Pesos;2000000;3000;12;0;0;82;30,00;Personas humanas en relación de dependencia;10,00;386,00;Fija;386,00;379900,00;Provincia del Chubut;
55095;CRENAC S.A.;2026-06-18;PRESTAMO CRENAC PD;PRESTAMO CRENAC DUDOSO;Pesos;80000;3000;9;0;0;82;30,00;Empleados públicos;10,00;465,00;Fija;465,00;458500,00;Provincia de Salta;
55095;CRENAC S.A.;2026-06-18;PRESTAMO CRENAC PVA;PRESTAMO CRENAC PVA;Pesos;1000000;3000;18;0;0;82;30,00;Empleados públicos;10,00;309,00;Fija;309,00;275000,00;Provincia de Corrientes;
55095;CRENAC S.A.;2026-06-18;PRESTAMO CRENAC PD;PRESTAMO CRENAC DUDOSO;Pesos;80000;3000;9;0;0;82;30,00;Beneficiarios de cuentas de la seguridad social;10,00;465,00;Fija;465,00;458500,00;Provincia de Jujuy;
55095;CRENAC S.A.;2026-06-18;PRESTAMO CRENAC PVA;PRESTAMO CRENAC PVA;Pesos;1000000;3000;18;0;0;82;30,00;Personas humanas en relación de dependencia;10,00;309,00;Fija;309,00;275000,00;Provincia de Corrientes;
55095;CRENAC S.A.;2026-06-18;PRESTAMO CRENAC PVJ;PRESTAMO CRENAC PVJ;Pesos;1000000;3000;24;0;0;82;30,00;Beneficiarios de cuentas de la seguridad social;10,00;257,00;Fija;257,00;237500,00;Provincia de Jujuy;
55095;CRENAC S.A.;2026-06-18;PRESTAMO CRENAC DESC TD;PRESTAMO CRENAC U TD;Pesos;1000000;3000;18;0;0;82;30,00;Beneficiarios de cuentas de la seguridad social;10,00;331,00;Fija;331,00;291500,00;Provincia de Corrientes;
55095;CRENAC S.A.;2026-06-18;PRESTAMO CRENAC PVJ;PRESTAMO CRENAC PVJ;Pesos;1000000;3000;24;0;0;82;30,00;Personas humanas en relación de dependencia;10,00;257,00;Fija;257,00;237500,00;Provincia de Salta;
55095;CRENAC S.A.;2026-06-18;PRESTAMO CRENAC PVJ;PRESTAMO CRENAC PVJ;Pesos;1000000;3000;24;0;0;82;30,00;Beneficiarios de cuentas de la seguridad social;10,00;257,00;Fija;257,00;237500,00;Provincia de Corrientes;
55095;CRENAC S.A.;2026-06-18;PRESTAMO CRENAC PD;PRESTAMO CRENAC DUDOSO;Pesos;80000;3000;9;0;0;82;30,00;Personas humanas en relación de dependencia;10,00;465,00;Fija;465,00;458500,00;Provincia de Jujuy;
55095;CRENAC S.A.;2026-06-18;PRESTAMO CRENAC PVJ;PRESTAMO CRENAC PVJ;Pesos;1000000;3000;24;0;0;82;30,00;Personas humanas en relación de dependencia;10,00;257,00;Fija;257,00;237500,00;Provincia de Corrientes;
55095;CRENAC S.A.;2026-06-18;PRESTAMO CRENAC DESC TD;PRESTAMO CRENAC U TD;Pesos;1000000;3000;18;0;0;82;30,00;Personas humanas en relación de dependencia;10,00;331,00;Fija;331,00;291500,00;Provincia de Salta;
55095;CRENAC S.A.;2026-06-18;PRESTAMO CRENAC DESC TD;PRESTAMO CRENAC U TD;Pesos;1000000;3000;18;0;0;82;30,00;Empleados públicos;10,00;331,00;Fija;331,00;291500,00;Provincia de Corrientes;
55095;CRENAC S.A.;2026-06-18;PRESTAMO CRENAC DESC TD;PRESTAMO CRENAC U TD;Pesos;1000000;3000;18;0;0;82;30,00;Personas humanas en relación de dependencia;10,00;331,00;Fija;331,00;291500,00;Provincia de Jujuy;
55095;CRENAC S.A.;2026-06-18;PRESTAMO CRENAC DESC TD;PRESTAMO CRENAC U TD;Pesos;1000000;3000;18;0;0;82;30,00;Personas humanas en relación de dependencia;10,00;331,00;Fija;331,00;291500,00;Provincia de Corrientes;
55095;CRENAC S.A.;2026-06-18;PRESTAMO CRENAC PVJ;PRESTAMO CRENAC PVJ;Pesos;1000000;3000;24;0;0;82;30,00;Empleados públicos;10,00;257,00;Fija;257,00;237500,00;Provincia de Salta;
55095;CRENAC S.A.;2026-06-18;PRESTAMO CRENAC PVA;PRESTAMO CRENAC PVA;Pesos;1000000;3000;18;0;0;82;30,00;Beneficiarios de cuentas de la seguridad social;10,00;309,00;Fija;309,00;275000,00;Provincia de Tucumán;
55095;CRENAC S.A.;2026-06-18;PRESTAMO CRENAC PD;PRESTAMO CRENAC DUDOSO;Pesos;80000;3000;9;0;0;82;30,00;Beneficiarios de cuentas de la seguridad social;10,00;465,00;Fija;465,00;458500,00;Provincia de Salta;
55095;CRENAC S.A.;2026-06-18;PRESTAMO CRENAC PD;PRESTAMO CRENAC DUDOSO;Pesos;80000;3000;9;0;0;82;30,00;Beneficiarios de cuentas de la seguridad social;10,00;465,00;Fija;465,00;458500,00;Provincia de Corrientes;
55095;CRENAC S.A.;2026-06-18;PRESTAMO CRENAC PVA;PRESTAMO CRENAC PVA;Pesos;1000000;3000;18;0;0;82;30,00;Personas humanas en relación de dependencia;10,00;309,00;Fija;309,00;275000,00;Provincia de Jujuy;
55095;CRENAC S.A.;2026-06-18;PRESTAMO CRENAC PD;PRESTAMO CRENAC DUDOSO;Pesos;80000;3000;9;0;0;82;30,00;Personas humanas en relación de dependencia;10,00;465,00;Fija;465,00;458500,00;Provincia de Corrientes;
55095;CRENAC S.A.;2026-06-18;PRESTAMO CRENAC PVA;PRESTAMO CRENAC PVA;Pesos;1000000;3000;18;0;0;82;30,00;Beneficiarios de cuentas de la seguridad social;10,00;309,00;Fija;309,00;275000,00;Provincia de Jujuy;
55095;CRENAC S.A.;2026-06-18;PRESTAMO CRENAC PD;PRESTAMO CRENAC DUDOSO;Pesos;80000;3000;9;0;0;82;30,00;Empleados públicos;10,00;465,00;Fija;465,00;458500,00;Provincia de Corrientes;
55095;CRENAC S.A.;2026-06-18;PRESTAMO WEB;PRESTAMO WEB;Pesos;1000000;50000;12;0;0;82;20,00;Beneficiarios de cuentas de la seguridad social;10,00;647,00;Fija;647,00;1166500,00;Todo el territorio nacional;
55095;CRENAC S.A.;2026-06-18;PRESTAMO CRENAC PVJ;PRESTAMO CRENAC PVJ;Pesos;1000000;3000;24;0;0;82;30,00;Empleados públicos;10,00;257,00;Fija;257,00;237500,00;Provincia de Corrientes;
55095;CRENAC S.A.;2026-06-18;PRESTAMO CRENAC PD;PRESTAMO CRENAC DUDOSO;Pesos;80000;3000;9;0;0;82;30,00;Empleados públicos;10,00;465,00;Fija;465,00;458500,00;Provincia de Jujuy;
55095;CRENAC S.A.;2026-06-18;PRESTAMO CRENAC PVA;PRESTAMO CRENAC PVA;Pesos;1000000;3000;18;0;0;82;30,00;Beneficiarios de cuentas de la seguridad social;10,00;309,00;Fija;309,00;275000,00;Provincia de Corrientes;
55095;CRENAC S.A.;2026-06-18;PRESTAMO CRENAC PVA;PRESTAMO CRENAC PVA;Pesos;1000000;3000;18;0;0;82;30,00;Empleados públicos;10,00;309,00;Fija;309,00;275000,00;Provincia de Jujuy;
55095;CRENAC S.A.;2026-06-18;PRESTAMO CHUBUT;CHUBUT;Pesos;2000000;3000;12;0;0;82;30,00;Beneficiarios de cuentas de la seguridad social;10,00;386,00;Fija;386,00;379900,00;Provincia del Chubut;
55095;CRENAC S.A.;2026-06-18;PRESTAMO CRENAC DESC TD;PRESTAMO CRENAC U TD;Pesos;1000000;3000;18;0;0;82;30,00;Empleados públicos;10,00;331,00;Fija;331,00;291500,00;Provincia de Jujuy;
55095;CRENAC S.A.;2026-06-18;PRESTAMO CRENAC DESC TD;PRESTAMO CRENAC U TD;Pesos;1000000;3000;18;0;0;82;30,00;Empleados públicos;10,00;331,00;Fija;331,00;291500,00;Provincia de Tucumán;
55095;CRENAC S.A.;2026-06-18;PRESTAMO WEB;PRESTAMO WEB;Pesos;1000000;50000;12;0;0;82;20,00;Personas humanas en relación de dependencia;10,00;647,00;Fija;647,00;1166500,00;Todo el territorio nacional;
55095;CRENAC S.A.;2026-06-18;PRESTAMO CRENAC PVJ;PRESTAMO CRENAC PVJ;Pesos;1000000;3000;24;0;0;82;30,00;Beneficiarios de cuentas de la seguridad social;10,00;257,00;Fija;257,00;237500,00;Provincia de Tucumán;
55095;CRENAC S.A.;2026-06-18;PRESTAMO CRENAC DESC TD;PRESTAMO CRENAC U TD;Pesos;1000000;3000;18;0;0;82;30,00;Beneficiarios de cuentas de la seguridad social;10,00;331,00;Fija;331,00;291500,00;Provincia de Salta;
55095;CRENAC S.A.;2026-06-18;PRESTAMO CHUBUT;CHUBUT;Pesos;2000000;3000;12;0;0;82;30,00;Empleados públicos;10,00;386,00;Fija;386,00;379900,00;Provincia del Chubut;
55095;CRENAC S.A.;2026-06-18;PRESTAMO CRENAC PVJ;PRESTAMO CRENAC PVJ;Pesos;1000000;3000;24;0;0;82;30,00;Personas humanas en relación de dependencia;10,00;257,00;Fija;257,00;237500,00;Provincia de Tucumán;
55095;CRENAC S.A.;2026-06-18;PRESTAMO CRENAC PD;PRESTAMO CRENAC DUDOSO;Pesos;80000;3000;9;0;0;82;30,00;Beneficiarios de cuentas de la seguridad social;10,00;465,00;Fija;465,00;458500,00;Provincia de Entre Ríos;
55095;CRENAC S.A.;2026-06-18;PRESTAMO CRENAC DESC TD;PRESTAMO CRENAC U TD;Pesos;1000000;3000;18;0;0;82;30,00;Personas humanas en relación de dependencia;10,00;331,00;Fija;331,00;291500,00;Provincia de Tucumán;
55095;CRENAC S.A.;2026-06-18;PRESTAMO CAJA DE CORDOBA;CORDOBA;Pesos;1000000;3000;24;0;0;82;30,00;Beneficiarios de cuentas de la seguridad social;10,00;269,00;Fija;269,00;233500,00;Provincia de Córdoba;
55095;CRENAC S.A.;2026-06-18;PRESTAMO CRENAC DESC TD;PRESTAMO CRENAC U TD;Pesos;1000000;3000;18;0;0;82;30,00;Beneficiarios de cuentas de la seguridad social;10,00;331,00;Fija;331,00;291500,00;Provincia de Jujuy;
55095;CRENAC S.A.;2026-06-18;PRESTAMO CRENAC PD;PRESTAMO CRENAC DUDOSO;Pesos;80000;3000;9;0;0;82;30,00;Empleados públicos;10,00;465,00;Fija;465,00;458500,00;Provincia de Entre Ríos;
55095;CRENAC S.A.;2026-06-18;PRESTAMO CRENAC PVA;PRESTAMO CRENAC PVA;Pesos;1000000;3000;18;0;0;82;30,00;Empleados públicos;10,00;309,00;Fija;309,00;275000,00;Provincia de Salta;
55095;CRENAC S.A.;2026-06-18;PRESTAMO CRENAC PD;PRESTAMO CRENAC DUDOSO;Pesos;80000;3000;9;0;0;82;30,00;Personas humanas en relación de dependencia;10,00;465,00;Fija;465,00;458500,00;Provincia de Entre Ríos;
55095;CRENAC S.A.;2026-06-18;PRESTAMO CRENAC PVA;PRESTAMO CRENAC PVA;Pesos;1000000;3000;18;0;0;82;30,00;Beneficiarios de cuentas de la seguridad social;10,00;309,00;Fija;309,00;275000,00;Provincia de Salta;
55095;CRENAC S.A.;2026-06-18;PRESTAMO CRENAC PVA;PRESTAMO CRENAC PVA;Pesos;1000000;3000;18;0;0;82;30,00;Empleados públicos;10,00;309,00;Fija;309,00;275000,00;Provincia de Tucumán;
55095;CRENAC S.A.;2026-06-18;PRESTAMO CRENAC DESC TD;PRESTAMO CRENAC U TD;Pesos;1000000;3000;18;0;0;82;30,00;Empleados públicos;10,00;331,00;Fija;331,00;291500,00;Provincia de Salta;
55095;CRENAC S.A.;2026-06-18;PRESTAMO CRENAC PVJ;PRESTAMO CRENAC PVJ;Pesos;1000000;3000;24;0;0;82;30,00;Beneficiarios de cuentas de la seguridad social;10,00;257,00;Fija;257,00;237500,00;Provincia de Salta;
55095;CRENAC S.A.;2026-06-18;PRESTAMO CRENAC PD;PRESTAMO CRENAC DUDOSO;Pesos;80000;3000;9;0;0;82;30,00;Personas humanas en relación de dependencia;10,00;465,00;Fija;465,00;458500,00;Provincia de Salta;
55095;CRENAC S.A.;2026-06-18;PRESTAMO CRENAC PVJ;PRESTAMO CRENAC PVJ;Pesos;1000000;3000;24;0;0;82;30,00;Empleados públicos;10,00;257,00;Fija;257,00;237500,00;Provincia de Jujuy;
55095;CRENAC S.A.;2026-06-18;PRESTAMO CRENAC PVA;PRESTAMO CRENAC PVA;Pesos;1000000;3000;18;0;0;82;30,00;Personas humanas en relación de dependencia;10,00;309,00;Fija;309,00;275000,00;Provincia de Salta;
55095;CRENAC S.A.;2026-06-18;PRESTAMO CRENAC PD;PRESTAMO CRENAC DUDOSO;Pesos;80000;3000;9;0;0;82;30,00;Empleados públicos;10,00;465,00;Fija;465,00;458500,00;Provincia de Tucumán;
55095;CRENAC S.A.;2026-06-18;PRESTAMO CRENAC PD;PRESTAMO CRENAC DUDOSO;Pesos;80000;3000;9;0;0;82;30,00;Beneficiarios de cuentas de la seguridad social;10,00;465,00;Fija;465,00;458500,00;Provincia de Tucumán;
55095;CRENAC S.A.;2026-06-18;PRESTAMO CRENAC PVJ;PRESTAMO CRENAC PVJ;Pesos;1000000;3000;24;0;0;82;30,00;Personas humanas en relación de dependencia;10,00;257,00;Fija;257,00;237500,00;Provincia de Misiones;
55095;CRENAC S.A.;2026-06-18;PRESTAMO CRENAC DESC TD;PRESTAMO CRENAC U TD;Pesos;1000000;3000;18;0;0;82;30,00;Personas humanas en relación de dependencia;10,00;331,00;Fija;331,00;291500,00;Provincia de Misiones;
55095;CRENAC S.A.;2026-06-18;PRESTAMO CRENAC PVA;PRESTAMO CRENAC PVA;Pesos;1000000;3000;18;0;0;82;30,00;Empleados públicos;10,00;309,00;Fija;309,00;275000,00;Provincia de Misiones;
55095;CRENAC S.A.;2026-06-18;PRESTAMO CRENAC DESC TD;PRESTAMO CRENAC U TD;Pesos;1000000;3000;18;0;0;82;30,00;Empleados públicos;10,00;331,00;Fija;331,00;291500,00;Provincia de Misiones;
55095;CRENAC S.A.;2026-06-18;PRESTAMO CRENAC PD;PRESTAMO CRENAC DUDOSO;Pesos;80000;3000;9;0;0;82;30,00;Empleados públicos;10,00;465,00;Fija;465,00;458500,00;Provincia de Misiones;
55095;CRENAC S.A.;2026-06-18;PRESTAMO CRENAC PVA;PRESTAMO CRENAC PVA;Pesos;1000000;3000;18;0;0;82;30,00;Personas humanas en relación de dependencia;10,00;309,00;Fija;309,00;275000,00;Provincia de Tucumán;
55095;CRENAC S.A.;2026-06-18;PRESTAMO CRENAC PD;PRESTAMO CRENAC DUDOSO;Pesos;80000;3000;9;0;0;82;30,00;Beneficiarios de cuentas de la seguridad social;10,00;465,00;Fija;465,00;458500,00;Provincia de Misiones;
55095;CRENAC S.A.;2026-06-18;PRESTAMO CRENAC PVJ;PRESTAMO CRENAC PVJ;Pesos;1000000;3000;24;0;0;82;30,00;Beneficiarios de cuentas de la seguridad social;10,00;257,00;Fija;257,00;237500,00;Provincia de Misiones;
55095;CRENAC S.A.;2026-06-18;PRESTAMO CRENAC DESC TD;PRESTAMO CRENAC U TD;Pesos;1000000;3000;18;0;0;82;30,00;Beneficiarios de cuentas de la seguridad social;10,00;331,00;Fija;331,00;291500,00;Provincia de Tucumán;
55095;CRENAC S.A.;2026-06-18;PRESTAMO CRENAC CA;PRESTAMO CRENAC CA;Pesos;277000;20000;30;0;0;82;30,00;Empleados públicos;10,00;143,00;Fija;143,00;161000,00;Todo el territorio nacional;
55095;CRENAC S.A.;2026-06-18;PRESTAMO CRENAC PVA;PRESTAMO CRENAC PVA;Pesos;1000000;3000;18;0;0;82;30,00;Personas humanas en relación de dependencia;10,00;309,00;Fija;309,00;275000,00;Provincia de Misiones;
55095;CRENAC S.A.;2026-06-18;PRESTAMO CRENAC DESC TD;PRESTAMO CRENAC U TD;Pesos;1000000;3000;18;0;0;82;30,00;Beneficiarios de cuentas de la seguridad social;10,00;331,00;Fija;331,00;291500,00;Provincia de Misiones;
55095;CRENAC S.A.;2026-06-18;PRESTAMO CRENAC PD;PRESTAMO CRENAC DUDOSO;Pesos;80000;3000;9;0;0;82;30,00;Personas humanas en relación de dependencia;10,00;465,00;Fija;465,00;458500,00;Provincia de Misiones;
55095;CRENAC S.A.;2026-06-18;PRESTAMO CRENAC PD;PRESTAMO CRENAC DUDOSO;Pesos;80000;3000;9;0;0;82;30,00;Personas humanas en relación de dependencia;10,00;465,00;Fija;465,00;458500,00;Provincia de Tucumán;
55095;CRENAC S.A.;2026-06-18;PRESTAMO CRENAC PVA;PRESTAMO CRENAC PVA;Pesos;1000000;3000;18;0;0;82;30,00;Beneficiarios de cuentas de la seguridad social;10,00;309,00;Fija;309,00;275000,00;Provincia de Misiones;
55095;CRENAC S.A.;2026-06-18;PRESTAMO WEB;PRESTAMO WEB;Pesos;1000000;50000;12;0;0;82;20,00;Empleados públicos;10,00;647,00;Fija;647,00;1166500,00;Todo el territorio nacional;
55095;CRENAC S.A.;2026-06-18;PRESTAMO CRENAC PVJ;PRESTAMO CRENAC PVJ;Pesos;1000000;3000;24;0;0;82;30,00;Empleados públicos;10,00;257,00;Fija;257,00;237500,00;Provincia de Misiones;
55096;FINANCIACIONES CUYO S.A.;2026-06-16;PRESTAMO PERSONAL DNI;PPDNI;Pesos;500000;1000;12;0;0;75;30,00;Todos los beneficiarios;,00;,00;Fija;,00;,00;Provincia de Córdoba;TASA EFECTIVA ANUAL MAXIMA 1156 CON 86 COSTO FINANCIERO EFECTIVO TOTAL MAXIMO 1156 CON 86 CUOTA INICIAL A PLAZO MAXIMO CADA $ 10000 20000 CON 00
55096;FINANCIACIONES CUYO S.A.;2026-06-16;PRESTAMO PERSONAL SUELDO;PPSUELDO;Pesos;1500000;1000;12;50000;6;75;30,00;Todos los beneficiarios;,00;,00;Fija;,00;,00;Provincia de San Luis;TASA EFECTIVA ANUAL MAXIMA 1156 CON 86 COSTO FINANCIERO EFECTIVO TOTAL MAXIMO 1156 CON 86 CUOTA INICIAL A PLAZO MAXIMO CADA $ 10000 20000 CON 00
55096;FINANCIACIONES CUYO S.A.;2026-06-16;PRESTAMO PERSONAL JUBILADO;PPJUBILADO;Pesos;550000;1000;12;0;0;75;30,00;Todos los beneficiarios;,00;,00;Fija;,00;,00;Provincia de Córdoba;TASA EFECTIVA ANUAL MAXIMA 1156 CON 86 COSTO FINANCIERO EFECTIVO TOTAL MAXIMO 1156 CON 86 CUOTA INICIAL A PLAZO MAXIMO CADA $ 10000 20000 CON 00
55096;FINANCIACIONES CUYO S.A.;2026-06-16;PRESTAMO PERSONAL DNI;PPDNI;Pesos;500000;1000;12;0;0;75;30,00;Todos los beneficiarios;,00;,00;Fija;,00;,00;Provincia de San Luis;TASA EFECTIVA ANUAL MAXIMA 1156 CON 86 COSTO FINANCIERO EFECTIVO TOTAL MAXIMO 1156 CON 86 CUOTA INICIAL A PLAZO MAXIMO CADA $ 10000 20000 CON 00
55096;FINANCIACIONES CUYO S.A.;2026-06-16;PRESTAMO PERSONAL SUELDO;PPSUELDO;Pesos;1500000;1000;12;50000;6;75;30,00;Todos los beneficiarios;,00;,00;Fija;,00;,00;Provincia de Córdoba;TASA EFECTIVA ANUAL MAXIMA 1156 CON 86 COSTO FINANCIERO EFECTIVO TOTAL MAXIMO 1156 CON 86 CUOTA INICIAL A PLAZO MAXIMO CADA $ 10000 20000 CON 00
55096;FINANCIACIONES CUYO S.A.;2026-06-16;PRESTAMO PERSONAL JUBILADO;PPJUBILADO;Pesos;550000;1000;12;0;0;75;30,00;Todos los beneficiarios;,00;,00;Fija;,00;,00;Provincia de San Luis;TASA EFECTIVA ANUAL MAXIMA 1156 CON 86 COSTO FINANCIERO EFECTIVO TOTAL MAXIMO 1156 CON 86 CUOTA INICIAL A PLAZO MAXIMO CADA $ 10000 20000 CON 00
55097;La Vitalicia Sociedad Mutual;2024-01-18;AMORTIZABLES FRANCES CON CODIGO DE DESC ACTIVOS CABA;AMORT. COD. DES. CABA;Pesos;1000000;1000;36;0;0;63;30,00;Empleados públicos;10,00;460,26;Fija;880,07;2047,86;Ciudad Autónoma de Buenos Aires;EDAD MAXIMA SOLICITADA EN MUJERES: 58 AÑOS - EDAD MAXIMA SOLICITADA EN HOMBRES: 63 AÑOS
55098;CONSUMO S.A.;2026-06-29;PRESTAMOS PERSONALES;PRESTAMOS PERSONALES;Pesos;5000000;5000;24;10000;12;79;20,00;Empleados públicos;48,40;540,52;Fija;815,48;184225,00;Provincia de Catamarca;
55098;CONSUMO S.A.;2026-06-29;PRESTAMOS PERSONALES;PRESTAMOS PERSONALES;Pesos;5000000;5000;24;10000;12;79;20,00;Personas humanas en relación de dependencia;48,40;540,52;Fija;815,48;184225,00;Provincia de La Rioja;
55098;CONSUMO S.A.;2026-06-29;PRESTAMOS PERSONALES;PRESTAMOS PERSONALES;Pesos;5000000;5000;24;10000;12;79;20,00;Beneficiarios de cuentas de la seguridad social;48,40;540,52;Fija;815,48;184225,00;Provincia de Catamarca;
55098;CONSUMO S.A.;2026-06-29;PRESTAMOS PERSONALES;PRESTAMOS PERSONALES;Pesos;5000000;5000;24;10000;12;79;20,00;Beneficiarios de cuentas de la seguridad social;48,40;540,52;Fija;815,48;184225,00;Provincia de La Rioja;
55098;CONSUMO S.A.;2026-06-29;PRESTAMOS PERSONALES;PRESTAMOS PERSONALES;Pesos;5000000;5000;24;10000;12;79;20,00;Personas humanas Monotributistas;48,40;540,52;Fija;815,48;184225,00;Provincia de Catamarca;
55098;CONSUMO S.A.;2026-06-29;PRESTAMOS PERSONALES;PRESTAMOS PERSONALES;Pesos;5000000;5000;24;10000;12;79;20,00;Personas humanas Monotributistas;48,40;540,52;Fija;815,48;184225,00;Provincia de La Rioja;
55098;CONSUMO S.A.;2026-06-29;PRESTAMOS PERSONALES;PRESTAMOS PERSONALES;Pesos;5000000;5000;24;10000;12;79;20,00;Personas humanas Responsables Inscriptos;48,40;540,52;Fija;815,48;184225,00;Provincia de Catamarca;
55098;CONSUMO S.A.;2026-06-29;PRESTAMOS PERSONALES;PRESTAMOS PERSONALES;Pesos;5000000;5000;24;10000;12;79;20,00;Personas humanas Responsables Inscriptos;48,40;540,52;Fija;815,48;184225,00;Provincia de La Rioja;
55098;CONSUMO S.A.;2026-06-29;PRESTAMOS PERSONALES;PRESTAMOS PERSONALES;Pesos;5000000;5000;24;10000;12;79;20,00;Personas humanas en relación de dependencia;48,40;540,52;Fija;815,48;184225,00;Provincia de Catamarca;
55098;CONSUMO S.A.;2026-06-29;PRESTAMOS PERSONALES;PRESTAMOS PERSONALES;Pesos;5000000;5000;24;10000;12;79;20,00;Empleados públicos;48,40;540,52;Fija;815,48;184225,00;Provincia de La Rioja;
55100;BAZAR AVENIDA S.A.;2026-06-29;PRESTAMOS PERSONALES;PRESTAMOS PERSONALES;Pesos;5000000;5000;24;10000;12;79;20,00;Personas humanas en relación de dependencia;48,40;540,52;Fija;815,48;184225,00;Provincia de Formosa;
55100;BAZAR AVENIDA S.A.;2026-06-29;CREDITO TRADICIONAL;CREDITO TRADICIONAL;Pesos;6000000;5000;24;10000;12;79;20,00;Personas humanas Monotributistas;48,40;221,71;Fija;305,72;124146,00;Provincia de San Luis;
55100;BAZAR AVENIDA S.A.;2026-06-29;CREDITO TRADICIONAL;CREDITO TRADICIONAL;Pesos;6000000;5000;24;10000;12;79;20,00;Personas humanas en relación de dependencia;48,40;221,71;Fija;305,72;124146,00;Provincia de Formosa;
55100;BAZAR AVENIDA S.A.;2026-06-29;PRESTAMOS PERSONALES;PRESTAMOS PERSONALES;Pesos;5000000;5000;24;10000;12;79;20,00;Personas humanas en relación de dependencia;48,40;540,52;Fija;815,48;184225,00;Provincia de Mendoza;
55100;BAZAR AVENIDA S.A.;2026-06-29;CREDITO TRADICIONAL;CREDITO TRADICIONAL;Pesos;6000000;5000;24;10000;12;79;20,00;Empleados públicos;48,40;221,71;Fija;305,72;124146,00;Provincia de Formosa;
55100;BAZAR AVENIDA S.A.;2026-06-29;CREDITO TRADICIONAL;CREDITO TRADICIONAL;Pesos;6000000;5000;24;10000;12;79;20,00;Personas humanas Responsables Inscriptos;48,40;221,71;Fija;305,72;124146,00;Provincia de San Luis;
55100;BAZAR AVENIDA S.A.;2026-06-29;CREDITO TRADICIONAL;CREDITO TRADICIONAL;Pesos;6000000;5000;24;10000;12;79;20,00;Beneficiarios de cuentas de la seguridad social;48,40;221,71;Fija;305,72;124146,00;Provincia de Entre Ríos;
55100;BAZAR AVENIDA S.A.;2026-06-29;CREDITO TRADICIONAL;CREDITO TRADICIONAL;Pesos;6000000;5000;24;10000;12;79;20,00;Empleados públicos;48,40;221,71;Fija;305,72;124146,00;Provincia de San Luis;
55100;BAZAR AVENIDA S.A.;2026-06-29;CREDITO TRADICIONAL;CREDITO TRADICIONAL;Pesos;6000000;5000;24;10000;12;79;20,00;Beneficiarios de cuentas de la seguridad social;48,40;221,71;Fija;305,72;124146,00;Provincia de Corrientes;
55100;BAZAR AVENIDA S.A.;2026-06-29;PRESTAMOS PERSONALES;PRESTAMOS PERSONALES;Pesos;5000000;5000;24;10000;12;79;20,00;Personas humanas en relación de dependencia;48,40;540,52;Fija;815,48;184225,00;Provincia de Santiago del Estero;
55100;BAZAR AVENIDA S.A.;2026-06-29;PRESTAMOS PERSONALES;PRESTAMOS PERSONALES;Pesos;5000000;5000;24;10000;12;79;20,00;Personas humanas en relación de dependencia;48,40;540,52;Fija;815,48;184225,00;Provincia de Corrientes;
55100;BAZAR AVENIDA S.A.;2026-06-29;CREDITO TRADICIONAL;CREDITO TRADICIONAL;Pesos;6000000;5000;24;10000;12;79;20,00;Empleados públicos;48,40;221,71;Fija;305,72;124146,00;Provincia de Río Negro;
55100;BAZAR AVENIDA S.A.;2026-06-29;PRESTAMOS PERSONALES;PRESTAMOS PERSONALES;Pesos;5000000;5000;24;10000;12;79;20,00;Personas humanas en relación de dependencia;48,40;540,52;Fija;815,48;184225,00;Provincia de Corrientes;
55100;BAZAR AVENIDA S.A.;2026-06-29;CREDITO TRADICIONAL;CREDITO TRADICIONAL;Pesos;6000000;5000;24;10000;12;79;20,00;Beneficiarios de cuentas de la seguridad social;48,40;221,71;Fija;305,72;124146,00;Provincia de Misiones;
55100;BAZAR AVENIDA S.A.;2026-06-29;CREDITO TRADICIONAL;CREDITO TRADICIONAL;Pesos;6000000;5000;24;10000;12;79;20,00;Personas humanas Monotributistas;48,40;221,71;Fija;305,72;124146,00;Provincia de Corrientes;
55100;BAZAR AVENIDA S.A.;2026-06-29;PRESTAMOS PERSONALES;PRESTAMOS PERSONALES;Pesos;5000000;5000;24;10000;12;79;20,00;Personas humanas en relación de dependencia;48,40;540,52;Fija;815,48;184225,00;Provincia de Misiones;
55100;BAZAR AVENIDA S.A.;2026-06-29;CREDITO TRADICIONAL;CREDITO TRADICIONAL;Pesos;6000000;5000;24;10000;12;79;20,00;Beneficiarios de cuentas de la seguridad social;48,40;221,71;Fija;305,72;124146,00;Provincia de Formosa;
55100;BAZAR AVENIDA S.A.;2026-06-29;PRESTAMOS PERSONALES;PRESTAMOS PERSONALES;Pesos;5000000;5000;24;10000;12;79;20,00;Personas humanas en relación de dependencia;48,40;540,52;Fija;815,48;184225,00;Provincia de Santiago del Estero;
55100;BAZAR AVENIDA S.A.;2026-06-29;PRESTAMOS PERSONALES;PRESTAMOS PERSONALES;Pesos;5000000;5000;24;10000;12;79;20,00;Personas humanas en relación de dependencia;48,40;540,52;Fija;815,48;184225,00;Provincia de Formosa;
55100;BAZAR AVENIDA S.A.;2026-06-29;PRESTAMOS PERSONALES;PRESTAMOS PERSONALES;Pesos;5000000;5000;24;10000;12;79;20,00;Personas humanas en relación de dependencia;48,40;540,52;Fija;815,48;184225,00;Provincia de San Luis;
55100;BAZAR AVENIDA S.A.;2026-06-29;CREDITO TRADICIONAL;CREDITO TRADICIONAL;Pesos;6000000;5000;24;10000;12;79;20,00;Personas humanas Monotributistas;48,40;221,71;Fija;305,72;124146,00;Provincia de Formosa;
55100;BAZAR AVENIDA S.A.;2026-06-29;CREDITO TRADICIONAL;CREDITO TRADICIONAL;Pesos;6000000;5000;24;10000;12;79;20,00;Beneficiarios de cuentas de la seguridad social;48,40;221,71;Fija;305,72;124146,00;Provincia de Santiago del Estero;
55100;BAZAR AVENIDA S.A.;2026-06-29;PRESTAMOS PERSONALES;PRESTAMOS PERSONALES;Pesos;5000000;5000;24;10000;12;79;20,00;Personas humanas en relación de dependencia;48,40;540,52;Fija;815,48;184225,00;Provincia de Corrientes;
55100;BAZAR AVENIDA S.A.;2026-06-29;CREDITO TRADICIONAL;CREDITO TRADICIONAL;Pesos;6000000;5000;24;10000;12;79;20,00;Beneficiarios de cuentas de la seguridad social;48,40;221,71;Fija;305,72;124146,00;Provincia de San Luis;
55100;BAZAR AVENIDA S.A.;2026-06-29;CREDITO TRADICIONAL;CREDITO TRADICIONAL;Pesos;6000000;5000;24;10000;12;79;20,00;Personas humanas Responsables Inscriptos;48,40;221,71;Fija;305,72;124146,00;Provincia de Formosa;
55100;BAZAR AVENIDA S.A.;2026-06-29;PRESTAMOS PERSONALES;PRESTAMOS PERSONALES;Pesos;5000000;5000;24;10000;12;79;20,00;Personas humanas en relación de dependencia;48,40;540,52;Fija;815,48;184225,00;Provincia de Santiago del Estero;
55100;BAZAR AVENIDA S.A.;2026-06-29;PRESTAMOS PERSONALES;PRESTAMOS PERSONALES;Pesos;5000000;5000;24;10000;12;79;20,00;Personas humanas en relación de dependencia;48,40;540,52;Fija;815,48;184225,00;Provincia de Corrientes;
55100;BAZAR AVENIDA S.A.;2026-06-29;CREDITO TRADICIONAL;CREDITO TRADICIONAL;Pesos;6000000;5000;24;10000;12;79;20,00;Personas humanas Monotributistas;48,40;221,71;Fija;305,72;124146,00;Provincia de Santiago del Estero;
55100;BAZAR AVENIDA S.A.;2026-06-29;PRESTAMOS PERSONALES;PRESTAMOS PERSONALES;Pesos;5000000;5000;24;10000;12;79;20,00;Personas humanas en relación de dependencia;48,40;540,52;Fija;815,48;184225,00;Provincia de Corrientes;
55100;BAZAR AVENIDA S.A.;2026-06-29;PRESTAMOS PERSONALES;PRESTAMOS PERSONALES;Pesos;5000000;5000;24;10000;12;79;20,00;Personas humanas en relación de dependencia;48,40;540,52;Fija;815,48;184225,00;Provincia de San Luis;
55100;BAZAR AVENIDA S.A.;2026-06-29;PRESTAMOS PERSONALES;PRESTAMOS PERSONALES;Pesos;5000000;5000;24;10000;12;79;20,00;Personas humanas en relación de dependencia;48,40;540,52;Fija;815,48;184225,00;Provincia de Formosa;
55100;BAZAR AVENIDA S.A.;2026-06-29;CREDITO TRADICIONAL;CREDITO TRADICIONAL;Pesos;6000000;5000;24;10000;12;79;20,00;Personas humanas en relación de dependencia;48,40;221,71;Fija;305,72;124146,00;Provincia de Santiago del Estero;
55100;BAZAR AVENIDA S.A.;2026-06-29;PRESTAMOS PERSONALES;PRESTAMOS PERSONALES;Pesos;5000000;5000;24;10000;12;79;20,00;Personas humanas en relación de dependencia;48,40;540,52;Fija;815,48;184225,00;Provincia de Formosa;
55100;BAZAR AVENIDA S.A.;2026-06-29;CREDITO TRADICIONAL;CREDITO TRADICIONAL;Pesos;6000000;5000;24;10000;12;79;20,00;Personas humanas en relación de dependencia;48,40;221,71;Fija;305,72;124146,00;Provincia de Buenos Aires;
55100;BAZAR AVENIDA S.A.;2026-06-29;CREDITO TRADICIONAL;CREDITO TRADICIONAL;Pesos;6000000;5000;24;10000;12;79;20,00;Personas humanas en relación de dependencia;48,40;221,71;Fija;305,72;124146,00;Provincia de Corrientes;
55100;BAZAR AVENIDA S.A.;2026-06-29;CREDITO TRADICIONAL;CREDITO TRADICIONAL;Pesos;6000000;5000;24;10000;12;79;20,00;Beneficiarios de cuentas de la seguridad social;48,40;221,71;Fija;305,72;124146,00;Provincia de Misiones;
55100;BAZAR AVENIDA S.A.;2026-06-29;PRESTAMOS PERSONALES;PRESTAMOS PERSONALES;Pesos;5000000;5000;24;10000;12;79;20,00;Personas humanas en relación de dependencia;48,40;540,52;Fija;815,48;184225,00;Provincia de Entre Ríos;
55100;BAZAR AVENIDA S.A.;2026-06-29;CREDITO TRADICIONAL;CREDITO TRADICIONAL;Pesos;6000000;5000;24;10000;12;79;20,00;Beneficiarios de cuentas de la seguridad social;48,40;221,71;Fija;305,72;124146,00;Provincia de Misiones;
55100;BAZAR AVENIDA S.A.;2026-06-29;CREDITO TRADICIONAL;CREDITO TRADICIONAL;Pesos;6000000;5000;24;10000;12;79;20,00;Beneficiarios de cuentas de la seguridad social;48,40;221,71;Fija;305,72;124146,00;Provincia de Entre Ríos;
55100;BAZAR AVENIDA S.A.;2026-06-29;CREDITO TRADICIONAL;CREDITO TRADICIONAL;Pesos;6000000;5000;24;10000;12;79;20,00;Personas humanas Responsables Inscriptos;48,40;221,71;Fija;305,72;124146,00;Provincia de Santa Fe;
55100;BAZAR AVENIDA S.A.;2026-06-29;PRESTAMOS PERSONALES;PRESTAMOS PERSONALES;Pesos;5000000;5000;24;10000;12;79;20,00;Personas humanas en relación de dependencia;48,40;540,52;Fija;815,48;184225,00;Provincia del Chaco;
55100;BAZAR AVENIDA S.A.;2026-06-29;PRESTAMOS PERSONALES;PRESTAMOS PERSONALES;Pesos;5000000;5000;24;10000;12;79;20,00;Personas humanas en relación de dependencia;48,40;540,52;Fija;815,48;184225,00;Provincia de Misiones;
55100;BAZAR AVENIDA S.A.;2026-06-29;CREDITO TRADICIONAL;CREDITO TRADICIONAL;Pesos;6000000;5000;24;10000;12;79;20,00;Beneficiarios de cuentas de la seguridad social;48,40;221,71;Fija;305,72;124146,00;Provincia de Entre Ríos;
55100;BAZAR AVENIDA S.A.;2026-06-29;CREDITO TRADICIONAL;CREDITO TRADICIONAL;Pesos;6000000;5000;24;10000;12;79;20,00;Personas humanas en relación de dependencia;48,40;221,71;Fija;305,72;124146,00;Provincia de Santa Fe;
55100;BAZAR AVENIDA S.A.;2026-06-29;CREDITO TRADICIONAL;CREDITO TRADICIONAL;Pesos;6000000;5000;24;10000;12;79;20,00;Personas humanas en relación de dependencia;48,40;221,71;Fija;305,72;124146,00;Provincia del Chaco;
55100;BAZAR AVENIDA S.A.;2026-06-29;PRESTAMOS PERSONALES;PRESTAMOS PERSONALES;Pesos;5000000;5000;24;10000;12;79;20,00;Personas humanas en relación de dependencia;48,40;540,52;Fija;815,48;184225,00;Provincia de Mendoza;
55100;BAZAR AVENIDA S.A.;2026-06-29;PRESTAMOS PERSONALES;PRESTAMOS PERSONALES;Pesos;5000000;5000;24;10000;12;79;20,00;Personas humanas en relación de dependencia;48,40;540,52;Fija;815,48;184225,00;Provincia del Chaco;
55100;BAZAR AVENIDA S.A.;2026-06-29;PRESTAMOS PERSONALES;PRESTAMOS PERSONALES;Pesos;5000000;5000;24;10000;12;79;20,00;Personas humanas en relación de dependencia;48,40;540,52;Fija;815,48;184225,00;Provincia de Santa Fe;
55100;BAZAR AVENIDA S.A.;2026-06-29;CREDITO TRADICIONAL;CREDITO TRADICIONAL;Pesos;6000000;5000;24;10000;12;79;20,00;Beneficiarios de cuentas de la seguridad social;48,40;221,71;Fija;305,72;124146,00;Provincia de Entre Ríos;
55100;BAZAR AVENIDA S.A.;2026-06-29;PRESTAMOS PERSONALES;PRESTAMOS PERSONALES;Pesos;5000000;5000;24;10000;12;79;20,00;Personas humanas en relación de dependencia;48,40;540,52;Fija;815,48;184225,00;Provincia de Misiones;
55100;BAZAR AVENIDA S.A.;2026-06-29;PRESTAMOS PERSONALES;PRESTAMOS PERSONALES;Pesos;5000000;5000;24;10000;12;79;20,00;Personas humanas en relación de dependencia;48,40;540,52;Fija;815,48;184225,00;Provincia del Chaco;
55100;BAZAR AVENIDA S.A.;2026-06-29;PRESTAMOS PERSONALES;PRESTAMOS PERSONALES;Pesos;5000000;5000;24;10000;12;79;20,00;Personas humanas en relación de dependencia;48,40;540,52;Fija;815,48;184225,00;Provincia de Santa Fe;
55100;BAZAR AVENIDA S.A.;2026-06-29;PRESTAMOS PERSONALES;PRESTAMOS PERSONALES;Pesos;5000000;5000;24;10000;12;79;20,00;Personas humanas en relación de dependencia;48,40;540,52;Fija;815,48;184225,00;Provincia de Entre Ríos;
55100;BAZAR AVENIDA S.A.;2026-06-29;PRESTAMOS PERSONALES;PRESTAMOS PERSONALES;Pesos;5000000;5000;24;10000;12;79;20,00;Personas humanas en relación de dependencia;48,40;540,52;Fija;815,48;184225,00;Provincia de Santa Fe;
55100;BAZAR AVENIDA S.A.;2026-06-29;CREDITO TRADICIONAL;CREDITO TRADICIONAL;Pesos;6000000;5000;24;10000;12;79;20,00;Personas humanas en relación de dependencia;48,40;221,71;Fija;305,72;124146,00;Provincia de Tucumán;
55100;BAZAR AVENIDA S.A.;2026-06-29;CREDITO TRADICIONAL;CREDITO TRADICIONAL;Pesos;6000000;5000;24;10000;12;79;20,00;Beneficiarios de cuentas de la seguridad social;48,40;221,71;Fija;305,72;124146,00;Provincia de Mendoza;
55100;BAZAR AVENIDA S.A.;2026-06-29;CREDITO TRADICIONAL;CREDITO TRADICIONAL;Pesos;6000000;5000;24;10000;12;79;20,00;Personas humanas Responsables Inscriptos;48,40;221,71;Fija;305,72;124146,00;Provincia de Corrientes;
55100;BAZAR AVENIDA S.A.;2026-06-29;CREDITO TRADICIONAL;CREDITO TRADICIONAL;Pesos;6000000;5000;24;10000;12;79;20,00;Beneficiarios de cuentas de la seguridad social;48,40;221,71;Fija;305,72;124146,00;Provincia de Santa Fe;
55100;BAZAR AVENIDA S.A.;2026-06-29;CREDITO TRADICIONAL;CREDITO TRADICIONAL;Pesos;6000000;5000;24;10000;12;79;20,00;Beneficiarios de cuentas de la seguridad social;48,40;221,71;Fija;305,72;124146,00;Provincia de Entre Ríos;
55100;BAZAR AVENIDA S.A.;2026-06-29;PRESTAMOS PERSONALES;PRESTAMOS PERSONALES;Pesos;5000000;5000;24;10000;12;79;20,00;Personas humanas en relación de dependencia;48,40;540,52;Fija;815,48;184225,00;Provincia de Santa Fe;
55100;BAZAR AVENIDA S.A.;2026-06-29;PRESTAMOS PERSONALES;PRESTAMOS PERSONALES;Pesos;5000000;5000;24;10000;12;79;20,00;Personas humanas en relación de dependencia;48,40;540,52;Fija;815,48;184225,00;Provincia del Chaco;
55100;BAZAR AVENIDA S.A.;2026-06-29;CREDITO TRADICIONAL;CREDITO TRADICIONAL;Pesos;6000000;5000;24;10000;12;79;20,00;Beneficiarios de cuentas de la seguridad social;48,40;221,71;Fija;305,72;124146,00;Provincia de Misiones;
55100;BAZAR AVENIDA S.A.;2026-06-29;CREDITO TRADICIONAL;CREDITO TRADICIONAL;Pesos;6000000;5000;24;10000;12;79;20,00;Empleados públicos;48,40;221,71;Fija;305,72;124146,00;Provincia del Chaco;
55100;BAZAR AVENIDA S.A.;2026-06-29;CREDITO TRADICIONAL;CREDITO TRADICIONAL;Pesos;6000000;5000;24;10000;12;79;20,00;Beneficiarios de cuentas de la seguridad social;48,40;221,71;Fija;305,72;124146,00;Provincia de Buenos Aires;
55100;BAZAR AVENIDA S.A.;2026-06-29;PRESTAMOS PERSONALES;PRESTAMOS PERSONALES;Pesos;5000000;5000;24;10000;12;79;20,00;Personas humanas en relación de dependencia;48,40;540,52;Fija;815,48;184225,00;Provincia de Entre Ríos;
55100;BAZAR AVENIDA S.A.;2026-06-29;PRESTAMOS PERSONALES;PRESTAMOS PERSONALES;Pesos;5000000;5000;24;10000;12;79;20,00;Personas humanas en relación de dependencia;48,40;540,52;Fija;815,48;184225,00;Provincia de Santa Fe;
55100;BAZAR AVENIDA S.A.;2026-06-29;CREDITO TRADICIONAL;CREDITO TRADICIONAL;Pesos;6000000;5000;24;10000;12;79;20,00;Beneficiarios de cuentas de la seguridad social;48,40;221,71;Fija;305,72;124146,00;Provincia del Chaco;
55100;BAZAR AVENIDA S.A.;2026-06-29;PRESTAMOS PERSONALES;PRESTAMOS PERSONALES;Pesos;5000000;5000;24;10000;12;79;20,00;Personas humanas en relación de dependencia;48,40;540,52;Fija;815,48;184225,00;Provincia de Buenos Aires;
55100;BAZAR AVENIDA S.A.;2026-06-29;CREDITO TRADICIONAL;CREDITO TRADICIONAL;Pesos;6000000;5000;24;10000;12;79;20,00;Personas humanas Responsables Inscriptos;48,40;221,71;Fija;305,72;124146,00;Provincia del Chaco;
55100;BAZAR AVENIDA S.A.;2026-06-29;CREDITO TRADICIONAL;CREDITO TRADICIONAL;Pesos;6000000;5000;24;10000;12;79;20,00;Personas humanas Responsables Inscriptos;48,40;221,71;Fija;305,72;124146,00;Provincia de Santiago del Estero;
55100;BAZAR AVENIDA S.A.;2026-06-29;CREDITO TRADICIONAL;CREDITO TRADICIONAL;Pesos;6000000;5000;24;10000;12;79;20,00;Personas humanas Monotributistas;48,40;221,71;Fija;305,72;124146,00;Provincia del Chaco;
55100;BAZAR AVENIDA S.A.;2026-06-29;PRESTAMOS PERSONALES;PRESTAMOS PERSONALES;Pesos;5000000;5000;24;10000;12;79;20,00;Personas humanas en relación de dependencia;48,40;540,52;Fija;815,48;184225,00;Provincia de Misiones;
55100;BAZAR AVENIDA S.A.;2026-06-29;PRESTAMOS PERSONALES;PRESTAMOS PERSONALES;Pesos;5000000;5000;24;10000;12;79;20,00;Personas humanas en relación de dependencia;48,40;540,52;Fija;815,48;184225,00;Provincia del Chaco;
55100;BAZAR AVENIDA S.A.;2026-06-29;CREDITO TRADICIONAL;CREDITO TRADICIONAL;Pesos;6000000;5000;24;10000;12;79;20,00;Empleados públicos;48,40;221,71;Fija;305,72;124146,00;Provincia de Santiago del Estero;
55100;BAZAR AVENIDA S.A.;2026-06-29;CREDITO TRADICIONAL;CREDITO TRADICIONAL;Pesos;6000000;5000;24;10000;12;79;20,00;Empleados públicos;48,40;221,71;Fija;305,72;124146,00;Provincia de Corrientes;
55100;BAZAR AVENIDA S.A.;2026-06-29;PRESTAMOS PERSONALES;PRESTAMOS PERSONALES;Pesos;5000000;5000;24;10000;12;79;20,00;Personas humanas en relación de dependencia;48,40;540,52;Fija;815,48;184225,00;Provincia de Santiago del Estero;
55100;BAZAR AVENIDA S.A.;2026-06-29;PRESTAMOS PERSONALES;PRESTAMOS PERSONALES;Pesos;5000000;5000;24;10000;12;79;20,00;Personas humanas en relación de dependencia;48,40;540,52;Fija;815,48;184225,00;Provincia de Entre Ríos;
55100;BAZAR AVENIDA S.A.;2026-06-29;CREDITO TRADICIONAL;CREDITO TRADICIONAL;Pesos;6000000;5000;24;10000;12;79;20,00;Empleados públicos;48,40;221,71;Fija;305,72;124146,00;Provincia de Santa Fe;
55100;BAZAR AVENIDA S.A.;2026-06-29;PRESTAMOS PERSONALES;PRESTAMOS PERSONALES;Pesos;5000000;5000;24;10000;12;79;20,00;Personas humanas en relación de dependencia;48,40;540,52;Fija;815,48;184225,00;Provincia de Entre Ríos;
55100;BAZAR AVENIDA S.A.;2026-06-29;CREDITO TRADICIONAL;CREDITO TRADICIONAL;Pesos;6000000;5000;24;10000;12;79;20,00;Personas humanas Monotributistas;48,40;221,71;Fija;305,72;124146,00;Provincia de Buenos Aires;
55100;BAZAR AVENIDA S.A.;2026-06-29;CREDITO TRADICIONAL;CREDITO TRADICIONAL;Pesos;6000000;5000;24;10000;12;79;20,00;Personas humanas Monotributistas;48,40;221,71;Fija;305,72;124146,00;Provincia de Tucumán;
55100;BAZAR AVENIDA S.A.;2026-06-29;CREDITO TRADICIONAL;CREDITO TRADICIONAL;Pesos;6000000;5000;24;10000;12;79;20,00;Personas humanas Responsables Inscriptos;48,40;221,71;Fija;305,72;124146,00;Provincia de Buenos Aires;
55100;BAZAR AVENIDA S.A.;2026-06-29;PRESTAMOS PERSONALES;PRESTAMOS PERSONALES;Pesos;5000000;5000;24;10000;12;79;20,00;Personas humanas en relación de dependencia;48,40;540,52;Fija;815,48;184225,00;Provincia de Formosa;
55100;BAZAR AVENIDA S.A.;2026-06-29;PRESTAMOS PERSONALES;PRESTAMOS PERSONALES;Pesos;5000000;5000;24;10000;12;79;20,00;Personas humanas en relación de dependencia;48,40;540,52;Fija;815,48;184225,00;Provincia de Buenos Aires;
55100;BAZAR AVENIDA S.A.;2026-06-29;PRESTAMOS PERSONALES;PRESTAMOS PERSONALES;Pesos;5000000;5000;24;10000;12;79;20,00;Personas humanas en relación de dependencia;48,40;540,52;Fija;815,48;184225,00;Provincia de Catamarca;
55100;BAZAR AVENIDA S.A.;2026-06-29;PRESTAMOS PERSONALES;PRESTAMOS PERSONALES;Pesos;5000000;5000;24;10000;12;79;20,00;Personas humanas en relación de dependencia;48,40;540,52;Fija;815,48;184225,00;Provincia de Buenos Aires;
55100;BAZAR AVENIDA S.A.;2026-06-29;PRESTAMOS PERSONALES;PRESTAMOS PERSONALES;Pesos;5000000;5000;24;10000;12;79;20,00;Personas humanas en relación de dependencia;48,40;540,52;Fija;815,48;184225,00;Provincia de Córdoba;
55100;BAZAR AVENIDA S.A.;2026-06-29;PRESTAMOS PERSONALES;PRESTAMOS PERSONALES;Pesos;5000000;5000;24;10000;12;79;20,00;Personas humanas en relación de dependencia;48,40;540,52;Fija;815,48;184225,00;Provincia de Buenos Aires;
55100;BAZAR AVENIDA S.A.;2026-06-29;PRESTAMOS PERSONALES;PRESTAMOS PERSONALES;Pesos;5000000;5000;24;10000;12;79;20,00;Personas humanas en relación de dependencia;48,40;540,52;Fija;815,48;184225,00;Provincia de Córdoba;
55100;BAZAR AVENIDA S.A.;2026-06-29;PRESTAMOS PERSONALES;PRESTAMOS PERSONALES;Pesos;5000000;5000;24;10000;12;79;20,00;Personas humanas en relación de dependencia;48,40;540,52;Fija;815,48;184225,00;Provincia de Buenos Aires;
55100;BAZAR AVENIDA S.A.;2026-06-29;PRESTAMOS PERSONALES;PRESTAMOS PERSONALES;Pesos;5000000;5000;24;10000;12;79;20,00;Personas humanas en relación de dependencia;48,40;540,52;Fija;815,48;184225,00;Provincia de Córdoba;
55100;BAZAR AVENIDA S.A.;2026-06-29;CREDITO TRADICIONAL;CREDITO TRADICIONAL;Pesos;6000000;5000;24;10000;12;79;20,00;Empleados públicos;48,40;221,71;Fija;305,72;124146,00;Provincia de Buenos Aires;
55100;BAZAR AVENIDA S.A.;2026-06-29;CREDITO TRADICIONAL;CREDITO TRADICIONAL;Pesos;6000000;5000;24;10000;12;79;20,00;Empleados públicos;48,40;221,71;Fija;305,72;124146,00;Provincia de Catamarca;
55100;BAZAR AVENIDA S.A.;2026-06-29;CREDITO TRADICIONAL;CREDITO TRADICIONAL;Pesos;6000000;5000;24;10000;12;79;20,00;Personas humanas Responsables Inscriptos;48,40;221,71;Fija;305,72;124146,00;Provincia de Tucumán;
55100;BAZAR AVENIDA S.A.;2026-06-29;CREDITO TRADICIONAL;CREDITO TRADICIONAL;Pesos;6000000;5000;24;10000;12;79;20,00;Empleados públicos;48,40;221,71;Fija;305,72;124146,00;Provincia de Córdoba;
55100;BAZAR AVENIDA S.A.;2026-06-29;PRESTAMOS PERSONALES;PRESTAMOS PERSONALES;Pesos;5000000;5000;24;10000;12;79;20,00;Personas humanas en relación de dependencia;48,40;540,52;Fija;815,48;184225,00;Provincia de San Luis;
55100;BAZAR AVENIDA S.A.;2026-06-29;CREDITO TRADICIONAL;CREDITO TRADICIONAL;Pesos;6000000;5000;24;10000;12;79;20,00;Personas humanas Monotributistas;48,40;221,71;Fija;305,72;124146,00;Provincia de Córdoba;
55100;BAZAR AVENIDA S.A.;2026-06-29;PRESTAMOS PERSONALES;PRESTAMOS PERSONALES;Pesos;5000000;5000;24;10000;12;79;20,00;Personas humanas en relación de dependencia;48,40;540,52;Fija;815,48;184225,00;Provincia de San Luis;
55100;BAZAR AVENIDA S.A.;2026-06-29;PRESTAMOS PERSONALES;PRESTAMOS PERSONALES;Pesos;5000000;5000;24;10000;12;79;20,00;Personas humanas en relación de dependencia;48,40;540,52;Fija;815,48;184225,00;Provincia de Catamarca;
55100;BAZAR AVENIDA S.A.;2026-06-29;CREDITO TRADICIONAL;CREDITO TRADICIONAL;Pesos;6000000;5000;24;10000;12;79;20,00;Personas humanas Responsables Inscriptos;48,40;221,71;Fija;305,72;124146,00;Provincia de Río Negro;
55100;BAZAR AVENIDA S.A.;2026-06-29;PRESTAMOS PERSONALES;PRESTAMOS PERSONALES;Pesos;5000000;5000;24;10000;12;79;20,00;Personas humanas en relación de dependencia;48,40;540,52;Fija;815,48;184225,00;Provincia de Catamarca;
55100;BAZAR AVENIDA S.A.;2026-06-29;CREDITO TRADICIONAL;CREDITO TRADICIONAL;Pesos;6000000;5000;24;10000;12;79;20,00;Beneficiarios de cuentas de la seguridad social;48,40;221,71;Fija;305,72;124146,00;Provincia del Neuquén;
55100;BAZAR AVENIDA S.A.;2026-06-29;CREDITO TRADICIONAL;CREDITO TRADICIONAL;Pesos;6000000;5000;24;10000;12;79;20,00;Beneficiarios de cuentas de la seguridad social;48,40;221,71;Fija;305,72;124146,00;Provincia de Córdoba;
55100;BAZAR AVENIDA S.A.;2026-06-29;CREDITO TRADICIONAL;CREDITO TRADICIONAL;Pesos;6000000;5000;24;10000;12;79;20,00;Empleados públicos;48,40;221,71;Fija;305,72;124146,00;Provincia del Neuquén;
55100;BAZAR AVENIDA S.A.;2026-06-29;CREDITO TRADICIONAL;CREDITO TRADICIONAL;Pesos;6000000;5000;24;10000;12;79;20,00;Personas humanas Responsables Inscriptos;48,40;221,71;Fija;305,72;124146,00;Provincia de Córdoba;
55100;BAZAR AVENIDA S.A.;2026-06-29;PRESTAMOS PERSONALES;PRESTAMOS PERSONALES;Pesos;5000000;5000;24;10000;12;79;20,00;Personas humanas en relación de dependencia;48,40;540,52;Fija;815,48;184225,00;Provincia del Neuquén;
55100;BAZAR AVENIDA S.A.;2026-06-29;PRESTAMOS PERSONALES;PRESTAMOS PERSONALES;Pesos;5000000;5000;24;10000;12;79;20,00;Personas humanas en relación de dependencia;48,40;540,52;Fija;815,48;184225,00;Provincia de Córdoba;
55100;BAZAR AVENIDA S.A.;2026-06-29;PRESTAMOS PERSONALES;PRESTAMOS PERSONALES;Pesos;5000000;5000;24;10000;12;79;20,00;Personas humanas en relación de dependencia;48,40;540,52;Fija;815,48;184225,00;Provincia de Salta;
55100;BAZAR AVENIDA S.A.;2026-06-29;CREDITO TRADICIONAL;CREDITO TRADICIONAL;Pesos;6000000;5000;24;10000;12;79;20,00;Personas humanas Responsables Inscriptos;48,40;221,71;Fija;305,72;124146,00;Provincia de Catamarca;
55100;BAZAR AVENIDA S.A.;2026-06-29;PRESTAMOS PERSONALES;PRESTAMOS PERSONALES;Pesos;5000000;5000;24;10000;12;79;20,00;Personas humanas en relación de dependencia;48,40;540,52;Fija;815,48;184225,00;Provincia del Neuquén;
55100;BAZAR AVENIDA S.A.;2026-06-29;CREDITO TRADICIONAL;CREDITO TRADICIONAL;Pesos;6000000;5000;24;10000;12;79;20,00;Personas humanas en relación de dependencia;48,40;221,71;Fija;305,72;124146,00;Provincia de Córdoba;
55100;BAZAR AVENIDA S.A.;2026-06-29;CREDITO TRADICIONAL;CREDITO TRADICIONAL;Pesos;6000000;5000;24;10000;12;79;20,00;Personas humanas Monotributistas;48,40;221,71;Fija;305,72;124146,00;Provincia de Salta;
55100;BAZAR AVENIDA S.A.;2026-06-29;CREDITO TRADICIONAL;CREDITO TRADICIONAL;Pesos;6000000;5000;24;10000;12;79;20,00;Personas humanas Monotributistas;48,40;221,71;Fija;305,72;124146,00;Provincia de Catamarca;
55100;BAZAR AVENIDA S.A.;2026-06-29;CREDITO TRADICIONAL;CREDITO TRADICIONAL;Pesos;6000000;5000;24;10000;12;79;20,00;Personas humanas en relación de dependencia;48,40;221,71;Fija;305,72;124146,00;Provincia del Neuquén;
55100;BAZAR AVENIDA S.A.;2026-06-29;PRESTAMOS PERSONALES;PRESTAMOS PERSONALES;Pesos;5000000;5000;24;10000;12;79;20,00;Personas humanas en relación de dependencia;48,40;540,52;Fija;815,48;184225,00;Provincia de Catamarca;
55100;BAZAR AVENIDA S.A.;2026-06-29;CREDITO TRADICIONAL;CREDITO TRADICIONAL;Pesos;6000000;5000;24;10000;12;79;20,00;Personas humanas Responsables Inscriptos;48,40;221,71;Fija;305,72;124146,00;Provincia del Neuquén;
55100;BAZAR AVENIDA S.A.;2026-06-29;PRESTAMOS PERSONALES;PRESTAMOS PERSONALES;Pesos;5000000;5000;24;10000;12;79;20,00;Personas humanas en relación de dependencia;48,40;540,52;Fija;815,48;184225,00;Provincia de Catamarca;
55100;BAZAR AVENIDA S.A.;2026-06-29;PRESTAMOS PERSONALES;PRESTAMOS PERSONALES;Pesos;5000000;5000;24;10000;12;79;20,00;Personas humanas en relación de dependencia;48,40;540,52;Fija;815,48;184225,00;Provincia del Neuquén;
55100;BAZAR AVENIDA S.A.;2026-06-29;PRESTAMOS PERSONALES;PRESTAMOS PERSONALES;Pesos;5000000;5000;24;10000;12;79;20,00;Personas humanas en relación de dependencia;48,40;540,52;Fija;815,48;184225,00;Provincia de Córdoba;
55100;BAZAR AVENIDA S.A.;2026-06-29;CREDITO TRADICIONAL;CREDITO TRADICIONAL;Pesos;6000000;5000;24;10000;12;79;20,00;Personas humanas Monotributistas;48,40;221,71;Fija;305,72;124146,00;Provincia del Neuquén;
55100;BAZAR AVENIDA S.A.;2026-06-29;CREDITO TRADICIONAL;CREDITO TRADICIONAL;Pesos;6000000;5000;24;10000;12;79;20,00;Personas humanas en relación de dependencia;48,40;221,71;Fija;305,72;124146,00;Provincia de Catamarca;
55100;BAZAR AVENIDA S.A.;2026-06-29;PRESTAMOS PERSONALES;PRESTAMOS PERSONALES;Pesos;5000000;5000;24;10000;12;79;20,00;Personas humanas en relación de dependencia;48,40;540,52;Fija;815,48;184225,00;Provincia de Río Negro;
55100;BAZAR AVENIDA S.A.;2026-06-29;CREDITO TRADICIONAL;CREDITO TRADICIONAL;Pesos;6000000;5000;24;10000;12;79;20,00;Beneficiarios de cuentas de la seguridad social;48,40;221,71;Fija;305,72;124146,00;Provincia de Catamarca;
55100;BAZAR AVENIDA S.A.;2026-06-29;PRESTAMOS PERSONALES;PRESTAMOS PERSONALES;Pesos;5000000;5000;24;10000;12;79;20,00;Personas humanas en relación de dependencia;48,40;540,52;Fija;815,48;184225,00;Provincia del Neuquén;
55100;BAZAR AVENIDA S.A.;2026-06-29;PRESTAMOS PERSONALES;PRESTAMOS PERSONALES;Pesos;5000000;5000;24;10000;12;79;20,00;Personas humanas en relación de dependencia;48,40;540,52;Fija;815,48;184225,00;Provincia de Salta;
55100;BAZAR AVENIDA S.A.;2026-06-29;CREDITO TRADICIONAL;CREDITO TRADICIONAL;Pesos;6000000;5000;24;10000;12;79;20,00;Personas humanas Monotributistas;48,40;221,71;Fija;305,72;124146,00;Provincia de Río Negro;
55100;BAZAR AVENIDA S.A.;2026-06-29;CREDITO TRADICIONAL;CREDITO TRADICIONAL;Pesos;6000000;5000;24;10000;12;79;20,00;Personas humanas en relación de dependencia;48,40;221,71;Fija;305,72;124146,00;Provincia de Río Negro;
55100;BAZAR AVENIDA S.A.;2026-06-29;CREDITO TRADICIONAL;CREDITO TRADICIONAL;Pesos;6000000;5000;24;10000;12;79;20,00;Beneficiarios de cuentas de la seguridad social;48,40;221,71;Fija;305,72;124146,00;Provincia de Salta;
55100;BAZAR AVENIDA S.A.;2026-06-29;PRESTAMOS PERSONALES;PRESTAMOS PERSONALES;Pesos;5000000;5000;24;10000;12;79;20,00;Personas humanas en relación de dependencia;48,40;540,52;Fija;815,48;184225,00;Provincia de Mendoza;
55100;BAZAR AVENIDA S.A.;2026-06-29;PRESTAMOS PERSONALES;PRESTAMOS PERSONALES;Pesos;5000000;5000;24;10000;12;79;20,00;Personas humanas en relación de dependencia;48,40;540,52;Fija;815,48;184225,00;Provincia de Tucumán;
55100;BAZAR AVENIDA S.A.;2026-06-29;CREDITO TRADICIONAL;CREDITO TRADICIONAL;Pesos;6000000;5000;24;10000;12;79;20,00;Beneficiarios de cuentas de la seguridad social;48,40;221,71;Fija;305,72;124146,00;Provincia de Río Negro;
55100;BAZAR AVENIDA S.A.;2026-06-29;PRESTAMOS PERSONALES;PRESTAMOS PERSONALES;Pesos;5000000;5000;24;10000;12;79;20,00;Personas humanas en relación de dependencia;48,40;540,52;Fija;815,48;184225,00;Provincia de Río Negro;
55100;BAZAR AVENIDA S.A.;2026-06-29;PRESTAMOS PERSONALES;PRESTAMOS PERSONALES;Pesos;5000000;5000;24;10000;12;79;20,00;Personas humanas en relación de dependencia;48,40;540,52;Fija;815,48;184225,00;Provincia de Salta;
55100;BAZAR AVENIDA S.A.;2026-06-29;PRESTAMOS PERSONALES;PRESTAMOS PERSONALES;Pesos;5000000;5000;24;10000;12;79;20,00;Personas humanas en relación de dependencia;48,40;540,52;Fija;815,48;184225,00;Provincia de Salta;
55100;BAZAR AVENIDA S.A.;2026-06-29;PRESTAMOS PERSONALES;PRESTAMOS PERSONALES;Pesos;5000000;5000;24;10000;12;79;20,00;Personas humanas en relación de dependencia;48,40;540,52;Fija;815,48;184225,00;Provincia de Río Negro;
55100;BAZAR AVENIDA S.A.;2026-06-29;PRESTAMOS PERSONALES;PRESTAMOS PERSONALES;Pesos;5000000;5000;24;10000;12;79;20,00;Personas humanas en relación de dependencia;48,40;540,52;Fija;815,48;184225,00;Provincia de Río Negro;
55100;BAZAR AVENIDA S.A.;2026-06-29;PRESTAMOS PERSONALES;PRESTAMOS PERSONALES;Pesos;5000000;5000;24;10000;12;79;20,00;Personas humanas en relación de dependencia;48,40;540,52;Fija;815,48;184225,00;Provincia de Río Negro;
55100;BAZAR AVENIDA S.A.;2026-06-29;CREDITO TRADICIONAL;CREDITO TRADICIONAL;Pesos;6000000;5000;24;10000;12;79;20,00;Personas humanas Responsables Inscriptos;48,40;221,71;Fija;305,72;124146,00;Provincia de Salta;
55100;BAZAR AVENIDA S.A.;2026-06-29;PRESTAMOS PERSONALES;PRESTAMOS PERSONALES;Pesos;5000000;5000;24;10000;12;79;20,00;Personas humanas en relación de dependencia;48,40;540,52;Fija;815,48;184225,00;Provincia de Santiago del Estero;
55100;BAZAR AVENIDA S.A.;2026-06-29;PRESTAMOS PERSONALES;PRESTAMOS PERSONALES;Pesos;5000000;5000;24;10000;12;79;20,00;Personas humanas en relación de dependencia;48,40;540,52;Fija;815,48;184225,00;Provincia del Neuquén;
55100;BAZAR AVENIDA S.A.;2026-06-29;PRESTAMOS PERSONALES;PRESTAMOS PERSONALES;Pesos;5000000;5000;24;10000;12;79;20,00;Personas humanas en relación de dependencia;48,40;540,52;Fija;815,48;184225,00;Provincia de Mendoza;
55100;BAZAR AVENIDA S.A.;2026-06-29;PRESTAMOS PERSONALES;PRESTAMOS PERSONALES;Pesos;5000000;5000;24;10000;12;79;20,00;Personas humanas en relación de dependencia;48,40;540,52;Fija;815,48;184225,00;Provincia de Misiones;
55100;BAZAR AVENIDA S.A.;2026-06-29;PRESTAMOS PERSONALES;PRESTAMOS PERSONALES;Pesos;5000000;5000;24;10000;12;79;20,00;Personas humanas en relación de dependencia;48,40;540,52;Fija;815,48;184225,00;Provincia de San Juan;
55100;BAZAR AVENIDA S.A.;2026-06-29;PRESTAMOS PERSONALES;PRESTAMOS PERSONALES;Pesos;5000000;5000;24;10000;12;79;20,00;Personas humanas en relación de dependencia;48,40;540,52;Fija;815,48;184225,00;Provincia de San Juan;
55100;BAZAR AVENIDA S.A.;2026-06-29;PRESTAMOS PERSONALES;PRESTAMOS PERSONALES;Pesos;5000000;5000;24;10000;12;79;20,00;Personas humanas en relación de dependencia;48,40;540,52;Fija;815,48;184225,00;Provincia de Tucumán;
55100;BAZAR AVENIDA S.A.;2026-06-29;PRESTAMOS PERSONALES;PRESTAMOS PERSONALES;Pesos;5000000;5000;24;10000;12;79;20,00;Personas humanas en relación de dependencia;48,40;540,52;Fija;815,48;184225,00;Provincia de San Juan;
55100;BAZAR AVENIDA S.A.;2026-06-29;CREDITO TRADICIONAL;CREDITO TRADICIONAL;Pesos;6000000;5000;24;10000;12;79;20,00;Beneficiarios de cuentas de la seguridad social;48,40;221,71;Fija;305,72;124146,00;Provincia de Tucumán;
55100;BAZAR AVENIDA S.A.;2026-06-29;CREDITO TRADICIONAL;CREDITO TRADICIONAL;Pesos;6000000;5000;24;10000;12;79;20,00;Beneficiarios de cuentas de la seguridad social;48,40;221,71;Fija;305,72;124146,00;Provincia de Misiones;
55100;BAZAR AVENIDA S.A.;2026-06-29;PRESTAMOS PERSONALES;PRESTAMOS PERSONALES;Pesos;5000000;5000;24;10000;12;79;20,00;Personas humanas en relación de dependencia;48,40;540,52;Fija;815,48;184225,00;Provincia de San Juan;
55100;BAZAR AVENIDA S.A.;2026-06-29;PRESTAMOS PERSONALES;PRESTAMOS PERSONALES;Pesos;5000000;5000;24;10000;12;79;20,00;Personas humanas en relación de dependencia;48,40;540,52;Fija;815,48;184225,00;Provincia de San Juan;
55100;BAZAR AVENIDA S.A.;2026-06-29;PRESTAMOS PERSONALES;PRESTAMOS PERSONALES;Pesos;5000000;5000;24;10000;12;79;20,00;Personas humanas en relación de dependencia;48,40;540,52;Fija;815,48;184225,00;Provincia de San Luis;
55100;BAZAR AVENIDA S.A.;2026-06-29;CREDITO TRADICIONAL;CREDITO TRADICIONAL;Pesos;6000000;5000;24;10000;12;79;20,00;Personas humanas en relación de dependencia;48,40;221,71;Fija;305,72;124146,00;Provincia de San Luis;
55100;BAZAR AVENIDA S.A.;2026-06-29;PRESTAMOS PERSONALES;PRESTAMOS PERSONALES;Pesos;5000000;5000;24;10000;12;79;20,00;Personas humanas en relación de dependencia;48,40;540,52;Fija;815,48;184225,00;Provincia de Tucumán;
55100;BAZAR AVENIDA S.A.;2026-06-29;CREDITO TRADICIONAL;CREDITO TRADICIONAL;Pesos;6000000;5000;24;10000;12;79;20,00;Beneficiarios de cuentas de la seguridad social;48,40;221,71;Fija;305,72;124146,00;Provincia de Mendoza;
55100;BAZAR AVENIDA S.A.;2026-06-29;PRESTAMOS PERSONALES;PRESTAMOS PERSONALES;Pesos;5000000;5000;24;10000;12;79;20,00;Personas humanas en relación de dependencia;48,40;540,52;Fija;815,48;184225,00;Provincia de Tucumán;
55100;BAZAR AVENIDA S.A.;2026-06-29;PRESTAMOS PERSONALES;PRESTAMOS PERSONALES;Pesos;5000000;5000;24;10000;12;79;20,00;Personas humanas en relación de dependencia;48,40;540,52;Fija;815,48;184225,00;Provincia de Mendoza;
55100;BAZAR AVENIDA S.A.;2026-06-29;CREDITO TRADICIONAL;CREDITO TRADICIONAL;Pesos;6000000;5000;24;10000;12;79;20,00;Beneficiarios de cuentas de la seguridad social;48,40;221,71;Fija;305,72;124146,00;Provincia de Mendoza;
55100;BAZAR AVENIDA S.A.;2026-06-29;CREDITO TRADICIONAL;CREDITO TRADICIONAL;Pesos;6000000;5000;24;10000;12;79;20,00;Beneficiarios de cuentas de la seguridad social;48,40;221,71;Fija;305,72;124146,00;Provincia de Mendoza;
55100;BAZAR AVENIDA S.A.;2026-06-29;CREDITO TRADICIONAL;CREDITO TRADICIONAL;Pesos;6000000;5000;24;10000;12;79;20,00;Personas humanas en relación de dependencia;48,40;221,71;Fija;305,72;124146,00;Provincia de Salta;
55100;BAZAR AVENIDA S.A.;2026-06-29;PRESTAMOS PERSONALES;PRESTAMOS PERSONALES;Pesos;5000000;5000;24;10000;12;79;20,00;Personas humanas en relación de dependencia;48,40;540,52;Fija;815,48;184225,00;Provincia de Salta;
55100;BAZAR AVENIDA S.A.;2026-06-29;CREDITO TRADICIONAL;CREDITO TRADICIONAL;Pesos;6000000;5000;24;10000;12;79;20,00;Empleados públicos;48,40;221,71;Fija;305,72;124146,00;Provincia de Salta;
55100;BAZAR AVENIDA S.A.;2026-06-29;PRESTAMOS PERSONALES;PRESTAMOS PERSONALES;Pesos;5000000;5000;24;10000;12;79;20,00;Personas humanas en relación de dependencia;48,40;540,52;Fija;815,48;184225,00;Provincia de Tucumán;
55100;BAZAR AVENIDA S.A.;2026-06-29;CREDITO TRADICIONAL;CREDITO TRADICIONAL;Pesos;6000000;5000;24;10000;12;79;20,00;Beneficiarios de cuentas de la seguridad social;48,40;221,71;Fija;305,72;124146,00;Provincia de San Juan;
55100;BAZAR AVENIDA S.A.;2026-06-29;CREDITO TRADICIONAL;CREDITO TRADICIONAL;Pesos;6000000;5000;24;10000;12;79;20,00;Beneficiarios de cuentas de la seguridad social;48,40;221,71;Fija;305,72;124146,00;Provincia de San Juan;
55100;BAZAR AVENIDA S.A.;2026-06-29;CREDITO TRADICIONAL;CREDITO TRADICIONAL;Pesos;6000000;5000;24;10000;12;79;20,00;Beneficiarios de cuentas de la seguridad social;48,40;221,71;Fija;305,72;124146,00;Provincia de San Juan;
55100;BAZAR AVENIDA S.A.;2026-06-29;CREDITO TRADICIONAL;CREDITO TRADICIONAL;Pesos;6000000;5000;24;10000;12;79;20,00;Beneficiarios de cuentas de la seguridad social;48,40;221,71;Fija;305,72;124146,00;Provincia de Mendoza;
55100;BAZAR AVENIDA S.A.;2026-06-29;CREDITO TRADICIONAL;CREDITO TRADICIONAL;Pesos;6000000;5000;24;10000;12;79;20,00;Beneficiarios de cuentas de la seguridad social;48,40;221,71;Fija;305,72;124146,00;Provincia de San Juan;
55100;BAZAR AVENIDA S.A.;2026-06-29;CREDITO TRADICIONAL;CREDITO TRADICIONAL;Pesos;6000000;5000;24;10000;12;79;20,00;Beneficiarios de cuentas de la seguridad social;48,40;221,71;Fija;305,72;124146,00;Provincia de San Juan;
55100;BAZAR AVENIDA S.A.;2026-06-29;CREDITO TRADICIONAL;CREDITO TRADICIONAL;Pesos;6000000;5000;24;10000;12;79;20,00;Personas humanas Monotributistas;48,40;221,71;Fija;305,72;124146,00;Provincia de Santa Fe;
55100;BAZAR AVENIDA S.A.;2026-06-29;CREDITO TRADICIONAL;CREDITO TRADICIONAL;Pesos;6000000;5000;24;10000;12;79;20,00;Empleados públicos;48,40;221,71;Fija;305,72;124146,00;Provincia de Tucumán;
55100;BAZAR AVENIDA S.A.;2026-06-29;CREDITO TRADICIONAL;CREDITO TRADICIONAL;Pesos;6000000;5000;24;10000;12;79;20,00;Personas humanas Monotributistas;48,40;221,71;Fija;305,72;124146,00;Provincia de La Rioja;
55100;BAZAR AVENIDA S.A.;2026-06-29;CREDITO TRADICIONAL;CREDITO TRADICIONAL;Pesos;6000000;5000;24;10000;12;79;20,00;Beneficiarios de cuentas de la seguridad social;48,40;221,71;Fija;305,72;124146,00;Provincia de Jujuy;
55100;BAZAR AVENIDA S.A.;2026-06-29;PRESTAMOS PERSONALES;PRESTAMOS PERSONALES;Pesos;5000000;5000;24;10000;12;79;20,00;Personas humanas en relación de dependencia;48,40;540,52;Fija;815,48;184225,00;Provincia de Jujuy;
55100;BAZAR AVENIDA S.A.;2026-06-29;PRESTAMOS PERSONALES;PRESTAMOS PERSONALES;Pesos;5000000;5000;24;10000;12;79;20,00;Personas humanas en relación de dependencia;48,40;540,52;Fija;815,48;184225,00;Provincia de Jujuy;
55100;BAZAR AVENIDA S.A.;2026-06-29;CREDITO TRADICIONAL;CREDITO TRADICIONAL;Pesos;6000000;5000;24;10000;12;79;20,00;Personas humanas Responsables Inscriptos;48,40;221,71;Fija;305,72;124146,00;Provincia de Jujuy;
55100;BAZAR AVENIDA S.A.;2026-06-29;CREDITO TRADICIONAL;CREDITO TRADICIONAL;Pesos;6000000;5000;24;10000;12;79;20,00;Personas humanas Monotributistas;48,40;221,71;Fija;305,72;124146,00;Provincia de Jujuy;
55100;BAZAR AVENIDA S.A.;2026-06-29;CREDITO TRADICIONAL;CREDITO TRADICIONAL;Pesos;6000000;5000;24;10000;12;79;20,00;Personas humanas en relación de dependencia;48,40;221,71;Fija;305,72;124146,00;Provincia de La Pampa;
55100;BAZAR AVENIDA S.A.;2026-06-29;CREDITO TRADICIONAL;CREDITO TRADICIONAL;Pesos;6000000;5000;24;10000;12;79;20,00;Beneficiarios de cuentas de la seguridad social;48,40;221,71;Fija;305,72;124146,00;Provincia de La Pampa;
55100;BAZAR AVENIDA S.A.;2026-06-29;PRESTAMOS PERSONALES;PRESTAMOS PERSONALES;Pesos;5000000;5000;24;10000;12;79;20,00;Personas humanas en relación de dependencia;48,40;540,52;Fija;815,48;184225,00;Provincia de La Pampa;
55100;BAZAR AVENIDA S.A.;2026-06-29;CREDITO TRADICIONAL;CREDITO TRADICIONAL;Pesos;6000000;5000;24;10000;12;79;20,00;Personas humanas Responsables Inscriptos;48,40;221,71;Fija;305,72;124146,00;Provincia de La Pampa;
55100;BAZAR AVENIDA S.A.;2026-06-29;PRESTAMOS PERSONALES;PRESTAMOS PERSONALES;Pesos;5000000;5000;24;10000;12;79;20,00;Personas humanas en relación de dependencia;48,40;540,52;Fija;815,48;184225,00;Provincia de Jujuy;
55100;BAZAR AVENIDA S.A.;2026-06-29;CREDITO TRADICIONAL;CREDITO TRADICIONAL;Pesos;6000000;5000;24;10000;12;79;20,00;Empleados públicos;48,40;221,71;Fija;305,72;124146,00;Provincia de Jujuy;
55100;BAZAR AVENIDA S.A.;2026-06-29;CREDITO TRADICIONAL;CREDITO TRADICIONAL;Pesos;6000000;5000;24;10000;12;79;20,00;Personas humanas en relación de dependencia;48,40;221,71;Fija;305,72;124146,00;Provincia de Jujuy;
55100;BAZAR AVENIDA S.A.;2026-06-29;PRESTAMOS PERSONALES;PRESTAMOS PERSONALES;Pesos;5000000;5000;24;10000;12;79;20,00;Personas humanas en relación de dependencia;48,40;540,52;Fija;815,48;184225,00;Provincia de Jujuy;
55100;BAZAR AVENIDA S.A.;2026-06-29;PRESTAMOS PERSONALES;PRESTAMOS PERSONALES;Pesos;5000000;5000;24;10000;12;79;20,00;Personas humanas en relación de dependencia;48,40;540,52;Fija;815,48;184225,00;Ciudad Autónoma de Buenos Aires;
55100;BAZAR AVENIDA S.A.;2026-06-29;PRESTAMOS PERSONALES;PRESTAMOS PERSONALES;Pesos;5000000;5000;24;10000;12;79;20,00;Personas humanas en relación de dependencia;48,40;540,52;Fija;815,48;184225,00;Ciudad Autónoma de Buenos Aires;
55100;BAZAR AVENIDA S.A.;2026-06-29;PRESTAMOS PERSONALES;PRESTAMOS PERSONALES;Pesos;5000000;5000;24;10000;12;79;20,00;Personas humanas en relación de dependencia;48,40;540,52;Fija;815,48;184225,00;Ciudad Autónoma de Buenos Aires;
55100;BAZAR AVENIDA S.A.;2026-06-29;PRESTAMOS PERSONALES;PRESTAMOS PERSONALES;Pesos;5000000;5000;24;10000;12;79;20,00;Personas humanas en relación de dependencia;48,40;540,52;Fija;815,48;184225,00;Ciudad Autónoma de Buenos Aires;
55100;BAZAR AVENIDA S.A.;2026-06-29;CREDITO TRADICIONAL;CREDITO TRADICIONAL;Pesos;6000000;5000;24;10000;12;79;20,00;Empleados públicos;48,40;221,71;Fija;305,72;124146,00;Provincia de La Pampa;
55100;BAZAR AVENIDA S.A.;2026-06-29;CREDITO TRADICIONAL;CREDITO TRADICIONAL;Pesos;6000000;5000;24;10000;12;79;20,00;Personas humanas Monotributistas;48,40;221,71;Fija;305,72;124146,00;Ciudad Autónoma de Buenos Aires;
55100;BAZAR AVENIDA S.A.;2026-06-29;CREDITO TRADICIONAL;CREDITO TRADICIONAL;Pesos;6000000;5000;24;10000;12;79;20,00;Personas humanas en relación de dependencia;48,40;221,71;Fija;305,72;124146,00;Ciudad Autónoma de Buenos Aires;
55100;BAZAR AVENIDA S.A.;2026-06-29;CREDITO TRADICIONAL;CREDITO TRADICIONAL;Pesos;6000000;5000;24;10000;12;79;20,00;Personas humanas Responsables Inscriptos;48,40;221,71;Fija;305,72;124146,00;Ciudad Autónoma de Buenos Aires;
55100;BAZAR AVENIDA S.A.;2026-06-29;CREDITO TRADICIONAL;CREDITO TRADICIONAL;Pesos;6000000;5000;24;10000;12;79;20,00;Beneficiarios de cuentas de la seguridad social;48,40;221,71;Fija;305,72;124146,00;Ciudad Autónoma de Buenos Aires;
55100;BAZAR AVENIDA S.A.;2026-06-29;PRESTAMOS PERSONALES;PRESTAMOS PERSONALES;Pesos;5000000;5000;24;10000;12;79;20,00;Personas humanas en relación de dependencia;48,40;540,52;Fija;815,48;184225,00;Provincia de Jujuy;
55100;BAZAR AVENIDA S.A.;2026-06-29;CREDITO TRADICIONAL;CREDITO TRADICIONAL;Pesos;6000000;5000;24;10000;12;79;20,00;Empleados públicos;48,40;221,71;Fija;305,72;124146,00;Ciudad Autónoma de Buenos Aires;
55100;BAZAR AVENIDA S.A.;2026-06-29;PRESTAMOS PERSONALES;PRESTAMOS PERSONALES;Pesos;5000000;5000;24;10000;12;79;20,00;Personas humanas en relación de dependencia;48,40;540,52;Fija;815,48;184225,00;Provincia de La Pampa;
55100;BAZAR AVENIDA S.A.;2026-06-29;PRESTAMOS PERSONALES;PRESTAMOS PERSONALES;Pesos;5000000;5000;24;10000;12;79;20,00;Personas humanas en relación de dependencia;48,40;540,52;Fija;815,48;184225,00;Ciudad Autónoma de Buenos Aires;
55100;BAZAR AVENIDA S.A.;2026-06-29;PRESTAMOS PERSONALES;PRESTAMOS PERSONALES;Pesos;5000000;5000;24;10000;12;79;20,00;Personas humanas en relación de dependencia;48,40;540,52;Fija;815,48;184225,00;Provincia de La Rioja;
55100;BAZAR AVENIDA S.A.;2026-06-29;CREDITO TRADICIONAL;CREDITO TRADICIONAL;Pesos;6000000;5000;24;10000;12;79;20,00;Beneficiarios de cuentas de la seguridad social;48,40;221,71;Fija;305,72;124146,00;Provincia de La Rioja;
55100;BAZAR AVENIDA S.A.;2026-06-29;CREDITO TRADICIONAL;CREDITO TRADICIONAL;Pesos;6000000;5000;24;10000;12;79;20,00;Personas humanas en relación de dependencia;48,40;221,71;Fija;305,72;124146,00;Provincia de La Rioja;
55100;BAZAR AVENIDA S.A.;2026-06-29;PRESTAMOS PERSONALES;PRESTAMOS PERSONALES;Pesos;5000000;5000;24;10000;12;79;20,00;Personas humanas en relación de dependencia;48,40;540,52;Fija;815,48;184225,00;Provincia de La Rioja;
55100;BAZAR AVENIDA S.A.;2026-06-29;PRESTAMOS PERSONALES;PRESTAMOS PERSONALES;Pesos;5000000;5000;24;10000;12;79;20,00;Personas humanas en relación de dependencia;48,40;540,52;Fija;815,48;184225,00;Provincia de La Rioja;
55100;BAZAR AVENIDA S.A.;2026-06-29;PRESTAMOS PERSONALES;PRESTAMOS PERSONALES;Pesos;5000000;5000;24;10000;12;79;20,00;Personas humanas en relación de dependencia;48,40;540,52;Fija;815,48;184225,00;Provincia de La Rioja;
55100;BAZAR AVENIDA S.A.;2026-06-29;CREDITO TRADICIONAL;CREDITO TRADICIONAL;Pesos;6000000;5000;24;10000;12;79;20,00;Empleados públicos;48,40;221,71;Fija;305,72;124146,00;Provincia de La Rioja;
55100;BAZAR AVENIDA S.A.;2026-06-29;PRESTAMOS PERSONALES;PRESTAMOS PERSONALES;Pesos;5000000;5000;24;10000;12;79;20,00;Personas humanas en relación de dependencia;48,40;540,52;Fija;815,48;184225,00;Provincia de La Pampa;
55100;BAZAR AVENIDA S.A.;2026-06-29;PRESTAMOS PERSONALES;PRESTAMOS PERSONALES;Pesos;5000000;5000;24;10000;12;79;20,00;Personas humanas en relación de dependencia;48,40;540,52;Fija;815,48;184225,00;Provincia de La Pampa;
55100;BAZAR AVENIDA S.A.;2026-06-29;CREDITO TRADICIONAL;CREDITO TRADICIONAL;Pesos;6000000;5000;24;10000;12;79;20,00;Personas humanas Responsables Inscriptos;48,40;221,71;Fija;305,72;124146,00;Provincia de La Rioja;
55100;BAZAR AVENIDA S.A.;2026-06-29;PRESTAMOS PERSONALES;PRESTAMOS PERSONALES;Pesos;5000000;5000;24;10000;12;79;20,00;Personas humanas en relación de dependencia;48,40;540,52;Fija;815,48;184225,00;Provincia de La Pampa;
55100;BAZAR AVENIDA S.A.;2026-06-29;CREDITO TRADICIONAL;CREDITO TRADICIONAL;Pesos;6000000;5000;24;10000;12;79;20,00;Personas humanas Monotributistas;48,40;221,71;Fija;305,72;124146,00;Provincia de La Pampa;
55100;BAZAR AVENIDA S.A.;2026-06-29;PRESTAMOS PERSONALES;PRESTAMOS PERSONALES;Pesos;5000000;5000;24;10000;12;79;20,00;Personas humanas en relación de dependencia;48,40;540,52;Fija;815,48;184225,00;Provincia de La Rioja;
55105;Ceibo Créditos S.A.;2026-06-10;PRESTAMOS CLIENTES UALA;PRESTAMOS;Pesos;16000000;50000;3;30000;6;75;45,00;Todos los beneficiarios;,00;349,60;Fija;502,90;444618,00;Todo el territorio nacional;
55105;Ceibo Créditos S.A.;2026-06-10;PRESTAMOS CLIENTES UALA;PRESTAMOS;Pesos;16000000;50000;36;30000;6;75;45,00;Todos los beneficiarios;,00;200,07;Fija;273,41;116736,00;Todo el territorio nacional;
55107;ARGENCRED S.A.;2025-07-07;DESTINOGENERALRENOVADORES;PRESTAMORENOVADORES;Pesos;3000000;30000;18;100000;6;85;60,00;Todos los beneficiarios;25,00;458,36;Fija;458,36;3831,00;Todo el territorio nacional;
55109;Credikot COOPERATIVA DE VIVIENDA, CRÉDITO Y CONSUMO  LTDA;2023-05-09;PRESTAMO PERSONAL;GCBA;Pesos;250000;5000;48;0;6;65;20,00;Empleados públicos;10,00;307,00;Fija;325,00;950,00;Ciudad Autónoma de Buenos Aires;PERSONAL DEL GCBA
55110;Asociación Mutual Vital;2021-08-26;DEBITO CBU;CBU;Pesos;50000;1000;24;0;3;80;30,00;Empleados públicos;99,00;280,69;Fija;949,14;186706,00;Provincia de Mendoza;
55110;Asociación Mutual Vital;2021-08-26;HABERES MUNICIPIOS DE MENDOZA;HAB MUN MZA;Pesos;50000;1000;18;0;3;65;30,00;Empleados públicos;99,00;159,49;Fija;373,41;1365,00;Provincia de Mendoza;
55110;Asociación Mutual Vital;2021-08-26;HABERES GOBIERNO DE MENDOZA;HAB GOB MZA;Pesos;150000;1000;36;0;3;65;30,00;Empleados públicos;99,00;184,38;Fija;291,51;118943,00;Provincia de Mendoza;
55111;Clank S.A.;2026-04-20;PRESTAMO CLIENTES RIESGO BAJO;LESSRISK48;Pesos;4000000;50000;48;600000;6;60;25,00;Empleados públicos;10,00;179,82;Fija;243,60;9101,00;Todo el territorio nacional;
55111;Clank S.A.;2026-04-20;PRESTAMO CLIENTES RIESGO MAXIMO;MAXRISK12;Pesos;2500000;50000;12;1000000;12;55;25,00;Todos los beneficiarios;10,00;993,83;Fija;1610,30;22063,00;Todo el territorio nacional;
55115;Asociación Mutual Desarrollo Regional;2026-03-12;AYUDA ECONOMICA;AYUDA ECONOMICA;Pesos;10000000;1000;36;0;12;65;30,00;Empleados públicos;,00;115,00;Fija;199,87;98328,00;Provincia de Santa Fe;0
55118;Cooperativa de Vivienda, Crédito y Consumo VIXA LTDA;2026-06-17;EMPLEADOS;EMPLEADOS;Pesos;200000;2000;24;12000;3;64;30,00;Todos los beneficiarios;,00;80,00;Fija;109,86;981,00;Todo el territorio nacional;
55118;Cooperativa de Vivienda, Crédito y Consumo VIXA LTDA;2026-06-17;COMERIO;COMERCIO;Pesos;200000;2000;24;12000;3;75;30,00;Todos los beneficiarios;,00;117,60;Fija;159,24;1306,00;Todo el territorio nacional;
55118;Cooperativa de Vivienda, Crédito y Consumo VIXA LTDA;2026-06-17;INICIAL MAYORES CAPITAL;INICIAL MAYORES CAPITAL;Pesos;100000;2000;18;12000;3;80;30,00;Todos los beneficiarios;,00;180,00;Fija;239,84;1939,00;Todo el territorio nacional;
55118;Cooperativa de Vivienda, Crédito y Consumo VIXA LTDA;2026-06-17;CONVENIO RENOV JOVEN SGO;CONVENIO RENOV JOVEN SGO;Pesos;200000;2000;18;12000;3;64;30,00;Todos los beneficiarios;,00;114,00;Fija;147,14;1372,00;Todo el territorio nacional;
55118;Cooperativa de Vivienda, Crédito y Consumo VIXA LTDA;2026-06-17;MOTO INICIAL;MOTO INICIAL;Pesos;500000;5000;24;18000;3;75;30,00;Todos los beneficiarios;,00;144,00;Fija;112,44;1526,00;Todo el territorio nacional;
55118;Cooperativa de Vivienda, Crédito y Consumo VIXA LTDA;2026-06-17;REFINANCIACION CBU DEBITO;REFINANCIACION CBU DEBITO;Pesos;200000;2000;30;12000;3;80;30,00;Todos los beneficiarios;,00;180,00;Fija;224,80;1848,00;Todo el territorio nacional;
55118;Cooperativa de Vivienda, Crédito y Consumo VIXA LTDA;2026-06-17;INICIAL JOVEN CAPITAL;INICIAL JOVEN CAPITAL;Pesos;100000;2000;18;12000;3;64;30,00;Todos los beneficiarios;,00;180,00;Fija;239,84;1939,00;Todo el territorio nacional;
55118;Cooperativa de Vivienda, Crédito y Consumo VIXA LTDA;2026-06-17;RENOVADO MAYOR CAPITAL;RENOVADO MAYOR CAPITAL;Pesos;59000;2000;18;12000;3;80;30,00;Todos los beneficiarios;,00;180,00;Fija;239,84;1939,00;Todo el territorio nacional;
55118;Cooperativa de Vivienda, Crédito y Consumo VIXA LTDA;2026-06-17;PROMO INICIAL CAPITAL;PROMO INICIAL CAPITAL;Pesos;50000;50000;12;12000;3;80;30,00;Todos los beneficiarios;,00;174,30;Fija;197,81;1402,00;Todo el territorio nacional;
55118;Cooperativa de Vivienda, Crédito y Consumo VIXA LTDA;2026-06-17;RENOVADO MAYOR;RENOVADO MAYOR;Pesos;200000;60000;18;12000;3;80;30,00;Todos los beneficiarios;,00;180,00;Fija;239,84;1939,00;Todo el territorio nacional;
55118;Cooperativa de Vivienda, Crédito y Consumo VIXA LTDA;2026-06-17;RENOVADO JOVEN;RENOVADO JOVEN;Pesos;200000;60000;18;12000;3;64;30,00;Todos los beneficiarios;,00;180,00;Fija;239,84;1939,00;Todo el territorio nacional;
55118;Cooperativa de Vivienda, Crédito y Consumo VIXA LTDA;2026-06-17;RENOVADO JOVEN CAPITAL;RENOVADO JOVEN CAPITAL;Pesos;59000;2000;18;12000;3;64;30,00;Todos los beneficiarios;,00;180,00;Fija;239,84;1939,00;Todo el territorio nacional;
55120;Ebucar S.A.;2024-08-05;PRESTAMOS MAXI;PRESTAMOS MAXI;Pesos;200000;1000;36;0;0;100;30,00;Todos los beneficiarios;,00;283,00;Fija;283,00;14003,64;Todo el territorio nacional;
55121;Asociación Mutual Malvinas Argentinas;2026-05-14;AYUDAECONOMICA;DECRETO142012;Pesos;4000000;10000;36;363000;12;65;30,00;Personas humanas en relación de dependencia;,00;136,85;Fija;136,85;116435,00;Todo el territorio nacional;
55123;Cooperativa 2001 de Vivienda, Crédito y Consumo Ltda.;2025-09-05;EMPLEADOS ENTIDADES;PR420;Pesos;5000000;1;12;0;0;100;40,00;Personas humanas en relación de dependencia;10,00;221,00;Fija;435,00;1845,00;Todo el territorio nacional;TASA FIJA
55123;Cooperativa 2001 de Vivienda, Crédito y Consumo Ltda.;2025-09-05;JUBILADOS;PR228;Pesos;800000;1;12;0;0;100;40,00;Personas humanas en relación de dependencia;10,00;86,00;Fija;112,00;1386,00;Todo el territorio nacional;TASA FIJA
55123;Cooperativa 2001 de Vivienda, Crédito y Consumo Ltda.;2025-09-05;EMPLEADOS ENTIDADES;PR413;Pesos;10000000;1;36;0;0;100;40,00;Personas humanas en relación de dependencia;10,00;146,92;Fija;262,00;1564,00;Todo el territorio nacional;TASA FIJA
55123;Cooperativa 2001 de Vivienda, Crédito y Consumo Ltda.;2025-09-05;EMPLEADOS MUNICIPALES;PR285;Pesos;5000000;1;24;0;0;100;40,00;Personas humanas en relación de dependencia;10,00;278,00;Fija;391,00;1440,00;Todo el territorio nacional;TASA FIJA
55123;Cooperativa 2001 de Vivienda, Crédito y Consumo Ltda.;2025-09-05;EMPLEADOS ENTIDADES;PR493;Pesos;4000000;1;12;0;0;100;40,00;Personas humanas en relación de dependencia;10,00;250,00;Fija;564,00;2792,00;Todo el territorio nacional;TASA FIJA
55123;Cooperativa 2001 de Vivienda, Crédito y Consumo Ltda.;2025-09-05;1412;PR1412;Pesos;30000000;1;12;0;0;100;40,00;Personas humanas en relación de dependencia;10,00;78,19;Fija;126,24;1388,00;Todo el territorio nacional;TASA FIJA
55124;Plusrasgo S.A.;2025-12-30;EMPLEADOS ENTIDADES;PR105;Pesos;10000000;1;36;0;0;100;40,00;Personas humanas en relación de dependencia;10,00;147,00;Fija;262,00;177962,00;Todo el territorio nacional;TASA FIJA
55124;Plusrasgo S.A.;2025-12-30;EMPLEADOS ENTIDADES;PR107;Pesos;4000000;1;12;0;0;100;40,00;Personas humanas en relación de dependencia;10,00;250,00;Fija;564,00;279220,00;Todo el territorio nacional;TASA FIJA
55124;Plusrasgo S.A.;2025-12-30;EMPLEADOS ENTIDADES;PR104;Pesos;4000000;1;12;0;0;100;40,00;Personas humanas en relación de dependencia;10,00;284,00;Fija;399,00;226810,00;Todo el territorio nacional;TASA FIJA
55124;Plusrasgo S.A.;2025-12-30;EMPLEADOS ENTIDADES;PR103;Pesos;5000000;1;12;0;0;100;40,00;Personas humanas en relación de dependencia;10,00;222,00;Fija;435,00;177962,00;Todo el territorio nacional;TASA FIJA
55125;Cooperativa de Vivienda, Crédito, Consumo y Servicios Sociales Candelaria Ltda;2022-09-14;CAJA DE CORDOBA OSLO;CAJA OSLO;Pesos;200000;5000;24;0;0;81;20,00;Beneficiarios de cuentas de la seguridad social;10,00;161,30;Fija;339,61;1267,80;Provincia de Córdoba;
55128;Crediser Argentina S.A.;2026-03-17;PLAN DNI;D;Pesos;295000;1;6;0;0;70;35,00;Todos los beneficiarios;,00;350,00;Fija;98,45;97500,00;Provincia de Misiones;
55132;TIENDAJUBILO S.A.;2025-04-21;BIND AUH 1-2;AUH SIT 1-2;Pesos;500000;5000;12;0;0;60;35,00;Beneficiarios de cuentas de la seguridad social;,00;709,59;Fija;851,88;2282,00;Todo el territorio nacional;
55132;TIENDAJUBILO S.A.;2025-04-21;WEBTIENDA SIT 3-4-5 EDAD 82-84;TIENDA 345 82-84;Pesos;1500000;3000;24;0;0;84;50,00;Beneficiarios de cuentas de la seguridad social;,00;357,37;Fija;357,37;1401,00;Todo el territorio nacional;
55132;TIENDAJUBILO S.A.;2025-04-21;WEBTIENDA SIT 3-4-5 EDAD 85-89;TIENDA 345 85-89;Pesos;1000000;3000;12;0;0;89;45,00;Beneficiarios de cuentas de la seguridad social;,00;357,37;Fija;357,37;1714,00;Todo el territorio nacional;
55132;TIENDAJUBILO S.A.;2025-04-21;JUBILADOS MAYORES 85-89 SIT345;JUBIS 85-89 SIT345;Pesos;1000000;3000;12;0;0;89;45,00;Beneficiarios de cuentas de la seguridad social;,00;502,85;Fija;692,91;2132,00;Todo el territorio nacional;
55132;TIENDAJUBILO S.A.;2025-04-21;WEBTIENDA SIT 3-4-5;TIENDA SIT 3-4-5;Pesos;2500000;3000;48;0;0;81;55,00;Beneficiarios de cuentas de la seguridad social;,00;357,37;Fija;357,37;1334,00;Todo el territorio nacional;
55132;TIENDAJUBILO S.A.;2025-04-21;JUBILADOS MAYORES 82-84 SIT345;JUBIS 82-84 SIT345;Pesos;1500000;3000;24;0;0;84;50,00;Beneficiarios de cuentas de la seguridad social;,00;502,85;Fija;639,00;1822,00;Todo el territorio nacional;
55132;TIENDAJUBILO S.A.;2025-04-21;WEBTIENDA AUH 1-2;TIENDA AUH 1-2;Pesos;500000;5000;12;0;0;60;35,00;Beneficiarios de cuentas de la seguridad social;,00;679,99;Fija;679,99;2119,00;Todo el territorio nacional;
55132;TIENDAJUBILO S.A.;2025-04-21;BIND AUH 3-4-5;AUH SIT 3-4-5;Pesos;300000;3000;12;0;0;60;35,00;Beneficiarios de cuentas de la seguridad social;,00;909,94;Fija;1095,12;2476,00;Todo el territorio nacional;
55132;TIENDAJUBILO S.A.;2025-04-21;JUBILADOS SIT BCRA 3-4-5;JUBIS SIT 3-4-5;Pesos;2500000;3000;48;0;0;81;55,00;Beneficiarios de cuentas de la seguridad social;,00;491,46;Fija;611,42;1751,00;Todo el territorio nacional;
55132;TIENDAJUBILO S.A.;2025-04-21;WEBTIENDA AUH 3-4-5;TIENDA AUH 3-4-5;Pesos;300000;3000;12;0;0;60;35,00;Beneficiarios de cuentas de la seguridad social;,00;861,85;Fija;861,85;2291,00;Todo el territorio nacional;
55133;Rotas S.A.;2023-05-16;PRESTAMO 6 MAYORES;P6M;Pesos;150000;2000;18;30000;0;85;40,00;Beneficiarios de cuentas de la seguridad social;30,00;264,75;Fija;264,75;3000,00;Todo el territorio nacional;EL VALOR DE LOS CAMPOS 13 Y 15 ES 2647,53 PERO SUPERA LA LONGITUD MAXIMA PERMITIDA0D0A
55133;Rotas S.A.;2023-05-16;PRESTAMO 2 MAYORES;P2M;Pesos;150000;2000;18;30000;0;85;50,00;Beneficiarios de cuentas de la seguridad social;30,00;842,91;Fija;842,91;2100,00;Todo el territorio nacional;0D0A
55133;Rotas S.A.;2023-05-16;PRESTAMO 0 MAYORES;P0M;Pesos;150000;2000;18;30000;0;85;60,00;Beneficiarios de cuentas de la seguridad social;30,00;446,85;Fija;446,85;1650,00;Todo el territorio nacional;0D0A
55133;Rotas S.A.;2023-05-16;PRESTAMO 5 MAYORES;P5M;Pesos;150000;2000;18;30000;0;85;40,00;Beneficiarios de cuentas de la seguridad social;30,00;193,13;Fija;193,13;2800,00;Todo el territorio nacional;EL VALOR DE LOS CAMPOS 13 Y 15 ES 1931,30 PERO SUPERA LA LONGITUD MAXIMA PERMITIDA0D0A
55133;Rotas S.A.;2023-05-16;PRESTAMO 6 ACTIVOS;P6A;Pesos;150000;2000;18;30000;6;65;40,00;Personas humanas en relación de dependencia;30,00;264,75;Fija;264,75;3000,00;Todo el territorio nacional;EL VALOR DE LOS CAMPOS 13 Y 15 ES 2647,53 PERO SUPERA LA LONGITUD MAXIMA PERMITIDA0D0A
55133;Rotas S.A.;2023-05-16;PRESTAMO 1 MAYORES;P1M;Pesos;150000;2000;18;30000;0;85;60,00;Beneficiarios de cuentas de la seguridad social;30,00;641,22;Fija;641,22;1850,00;Todo el territorio nacional;0D0A
55133;Rotas S.A.;2023-05-16;PRESTAMO 0 ACTIVOS;P0A;Pesos;150000;2000;18;30000;6;65;60,00;Personas humanas en relación de dependencia;30,00;446,85;Fija;446,85;1650,00;Todo el territorio nacional;0D0A
55133;Rotas S.A.;2023-05-16;PRESTAMO 5 PUBLICOS;P5P;Pesos;150000;2000;18;30000;6;65;40,00;Empleados públicos;30,00;193,13;Fija;193,13;2800,00;Todo el territorio nacional;EL VALOR DE LOS CAMPOS 13 Y 15 ES 1931,30 PERO SUPERA LA LONGITUD MAXIMA PERMITIDA0D0A
55133;Rotas S.A.;2023-05-16;PRESTAMO 0 PUBLICOS;P0P;Pesos;150000;2000;18;30000;6;65;60,00;Empleados públicos;30,00;446,85;Fija;446,85;1650,00;Todo el territorio nacional;0D0A
55133;Rotas S.A.;2023-05-16;PRESTAMO 3 ACTIVOS;P3A;Pesos;150000;2000;18;30000;6;65;40,00;Personas humanas en relación de dependencia;30,00;108,67;Fija;108,67;2300,00;Todo el territorio nacional;EL VALOR DE LOS CAMPOS 13 Y 15 ES 1086,69 PERO SUPERA LA LONGITUD MAXIMA PERMITIDA0D0A
55133;Rotas S.A.;2023-05-16;PRESTAMO 4 MAYORES;P4M;Pesos;150000;2000;18;30000;0;85;40,00;Beneficiarios de cuentas de la seguridad social;30,00;137,99;Fija;137,99;2500,00;Todo el territorio nacional;EL VALOR DE LOS CAMPOS 13 Y 15 ES 1379,91 PERO SUPERA LA LONGITUD MAXIMA PERMITIDA0D0A
55133;Rotas S.A.;2023-05-16;PRESTAMO 2 ACTIVOS;P2A;Pesos;150000;2000;18;30000;6;65;50,00;Personas humanas en relación de dependencia;30,00;842,91;Fija;842,91;2100,00;Todo el territorio nacional;0D0A
55133;Rotas S.A.;2023-05-16;PRESTAMO 4 PUBLICOS;P4P;Pesos;150000;2000;18;30000;6;65;40,00;Empleados públicos;30,00;137,99;Fija;137,99;2500,00;Todo el territorio nacional;EL VALOR DE LOS CAMPOS 13 Y 15 ES 1379,91 PERO SUPERA LA LONGITUD MAXIMA PERMITIDA0D0A
55133;Rotas S.A.;2023-05-16;PRESTAMO 6 PUBLICOS;P6P;Pesos;150000;2000;18;30000;6;65;40,00;Empleados públicos;30,00;264,75;Fija;264,75;3000,00;Todo el territorio nacional;EL VALOR DE LOS CAMPOS 13 Y 15 ES 2647,53 PERO SUPERA LA LONGITUD MAXIMA PERMITIDA0D0A
55133;Rotas S.A.;2023-05-16;PRESTAMO 3 PUBLICOS;P3P;Pesos;150000;2000;18;30000;6;65;40,00;Empleados públicos;30,00;108,67;Fija;108,67;2300,00;Todo el territorio nacional;EL VALOR DE LOS CAMPOS 13 Y 15 ES 1086,69 PERO SUPERA LA LONGITUD MAXIMA PERMITIDA0D0A
55133;Rotas S.A.;2023-05-16;PRESTAMO 2 PUBLICOS;P2P;Pesos;150000;2000;18;30000;6;65;50,00;Empleados públicos;30,00;842,91;Fija;842,91;2100,00;Todo el territorio nacional;0D0A
55133;Rotas S.A.;2023-05-16;PRESTAMO 1 PUBLICOS;P1P;Pesos;150000;2000;18;30000;6;65;60,00;Empleados públicos;30,00;641,22;Fija;641,22;1850,00;Todo el territorio nacional;0D0A
55133;Rotas S.A.;2023-05-16;PRESTAMO 3 MAYORES;P3M;Pesos;150000;2000;18;30000;0;85;40,00;Beneficiarios de cuentas de la seguridad social;30,00;108,67;Fija;108,67;2300,00;Todo el territorio nacional;EL VALOR DE LOS CAMPOS 13 Y 15 ES 1086,69 PERO SUPERA LA LONGITUD MAXIMA PERMITIDA0D0A
55133;Rotas S.A.;2023-05-16;PRESTAMO 4 ACTIVOS;P4A;Pesos;150000;2000;18;30000;6;65;40,00;Personas humanas en relación de dependencia;30,00;137,99;Fija;137,99;2500,00;Todo el territorio nacional;EL VALOR DE LOS CAMPOS 13 Y 15 ES 1379,91 PERO SUPERA LA LONGITUD MAXIMA PERMITIDA0D0A
55133;Rotas S.A.;2023-05-16;PRESTAMO 1 ACTIVOS;P1A;Pesos;150000;2000;18;30000;6;65;60,00;Personas humanas en relación de dependencia;30,00;641,22;Fija;641,22;1850,00;Todo el territorio nacional;0D0A
55133;Rotas S.A.;2023-05-16;PRESTAMO 5 ACTIVOS;P5A;Pesos;150000;2000;18;30000;6;65;40,00;Personas humanas en relación de dependencia;30,00;193,13;Fija;193,13;2800,00;Todo el territorio nacional;EL VALOR DE LOS CAMPOS 13 Y 15 ES 1931,30 PERO SUPERA LA LONGITUD MAXIMA PERMITIDA0D0A
55134;MAXIHOGAR SRL;2025-06-30;CREDITO PARA LA COMPRA FINANCIADA DE PRODUCTOS EN MAXIHOGAR SRL;PP;Pesos;6000000;10000;24;350000;12;75;30,00;Todos los beneficiarios;30,00;85,00;Fija;85,00;600,00;Todo el territorio nacional;
55136;Vento Capital S.A.;2024-09-26;PRESTAMO HASTA 12 CUOTAS;PRESTAMO12;Pesos;500000;20000;12;10000;0;83;50,00;Todos los beneficiarios;,00;999,99;Fija;999,99;3540,00;Todo el territorio nacional;
55137;Cooperativa de Crédito, Consumo, Vivienda y Servicios Sociales Videgar Ltda;2024-11-15;DECRETO 14 - PERSONAL;DEC14;Pesos;250000;1000;30;0;0;65;30,00;Personas humanas en relación de dependencia;4,00;195,00;Fija;266,12;676,89;Todo el territorio nacional;
55139;Concretar Coop. de Crédito, Consumo y Vivienda Ltda;2022-03-07;PRESTAMO HASTA 6 CUOTAS;PRESTAMO6C;Pesos;10000;4000;6;3000;0;83;50,00;Todos los beneficiarios;,00;225,00;Fija;310,00;4375,00;Todo el territorio nacional;
55139;Concretar Coop. de Crédito, Consumo y Vivienda Ltda;2022-03-07;PRESTAMO HASTA 18 CUOTAS;PRESTAMO18 G3;Pesos;80000;4000;18;3000;0;83;50,00;Todos los beneficiarios;,00;220,00;Fija;304,00;2513,00;Todo el territorio nacional;
55139;Concretar Coop. de Crédito, Consumo y Vivienda Ltda;2022-03-07;PRESTAMO HASTA 18 CUOTAS;PRESTAMO18 G2;Pesos;80000;4000;18;3000;0;83;50,00;Todos los beneficiarios;,00;198,00;Fija;270,00;2305,00;Todo el territorio nacional;
55141;AD CREDITOS S.A.;2025-09-09;PERSONALES RELACION DE DEPENDENCIA;PERSONALES;Pesos;300000;10000;6;7000;12;60;45,00;Personas humanas en relación de dependencia;12,00;999,99;Fija;999,99;3685,00;Provincia de Santa Fe;TEA Y CFE NO INFORMADO POR LIMITACIONES EN EL CAMPO. 2067.51
55141;AD CREDITOS S.A.;2025-09-09;EMPLEADOS MUNICIPALES DE ROSARIO;AMEMA;Pesos;5000000;10000;24;0;0;100;35,00;Todos los beneficiarios;12,00;447,63;Fija;447,63;14629,00;Provincia de Santa Fe;
55141;AD CREDITOS S.A.;2025-09-09;EMPLEADOS DEL GOBIERNO DE LA CIUDAD DE BUENOS AIRES;GCBA;Pesos;5000000;10000;48;0;0;100;35,00;Todos los beneficiarios;12,00;999,99;Fija;999,99;12761,00;Ciudad Autónoma de Buenos Aires;TEA Y CFE NO INFORMADO POR LIMITACIONES EN EL CAMPO. 1094.05
55142;Emprendimiento La Luisina SRL;2026-06-08;LINEA CBU NO CLIENTE;LINEA CBU NO CLIENTE;Pesos;1000000;10000;12;38500;0;85;40,00;Personas humanas en relación de dependencia;35,00;2304,91;Fija;4164,31;247243,00;Todo el territorio nacional;
55142;Emprendimiento La Luisina SRL;2026-06-08;LINEA UPC;LINEA UPC;Pesos;800000;10000;18;38500;0;85;30,00;Personas humanas en relación de dependencia;35,00;933,41;Fija;1500,72;221518,00;Todo el territorio nacional;
55142;Emprendimiento La Luisina SRL;2026-06-08;LINEA PAGO VOLUNTARIO CLIENTE;LINEA PAGO VOL CLIENTE;Pesos;2400000;10000;18;38500;0;85;40,00;Personas humanas en relación de dependencia;35,00;3563,61;Fija;6821,16;119900,00;Todo el territorio nacional;
55142;Emprendimiento La Luisina SRL;2026-06-08;LINEA DNI CLIENTE;LINEA DNI CLIENTE;Pesos;2400000;10000;12;30000;0;85;40,00;Personas humanas en relación de dependencia;35,00;1964,14;Fija;3474,55;357200,00;Todo el territorio nacional;
55142;Emprendimiento La Luisina SRL;2026-06-08;LINEA DIGIVENTURES;LINEA DIGIVENTURES;Pesos;1000000;10000;12;38500;0;85;30,00;Personas humanas en relación de dependencia;35,00;2341,14;Fija;4238,49;303400,00;Todo el territorio nacional;
55142;Emprendimiento La Luisina SRL;2026-06-08;LINEA CBU CLIENTE;LINEA CBU CLIENTE;Pesos;2400000;10000;15;38500;0;85;40,00;Personas humanas en relación de dependencia;35,00;1566,04;Fija;2689,41;275600,00;Todo el territorio nacional;
55142;Emprendimiento La Luisina SRL;2026-06-08;LINEA PAGO VOLUNTARIO NO CLIENTE;LINEA PAGO VOL NO CLIENTE;Pesos;1000000;10000;18;38500;0;85;30,00;Personas humanas en relación de dependencia;35,00;5357,67;Fija;10822,80;147447,00;Todo el territorio nacional;
55146;LIPACO MERCANTIL S.A.;2026-05-07;HABERES EMPLEAD PUBLICOS MUNICIPALIDAD LAPAZ;HABERES LA PAZ;Pesos;300000000;5000000;24;0;3;65;30,00;Empleados públicos;15,00;277,66;Fija;277,66;134837,00;Todo el territorio nacional;
55146;LIPACO MERCANTIL S.A.;2026-05-07;HABERES EMPLEAD PUBLICOS RETIRADOS;HABERES MUSUPE;Pesos;250000000;1000000;36;0;3;65;30,00;Empleados públicos;15,00;289,60;Fija;289,60;128787,00;Todo el territorio nacional;
55146;LIPACO MERCANTIL S.A.;2026-05-07;HABERES EMPLEAD PUBLICOS SANTIAGO;HABERES AMAUPC;Pesos;400000000;5000000;24;0;3;65;30,00;Empleados públicos;15,00;219,60;Fija;219,60;126692,00;Todo el territorio nacional;
55146;LIPACO MERCANTIL S.A.;2026-05-07;HABERES EMPLEAD PUBLICOS MUNICIP ENTRE RIOS;HABERES AOEM;Pesos;300000000;5000000;36;0;3;65;30,00;Empleados públicos;15,00;264,95;Fija;264,95;125704,00;Todo el territorio nacional;
55146;LIPACO MERCANTIL S.A.;2026-05-07;HABERES EMPLEADOS PUBLICOS PAMI;HABERES AMUPP;Pesos;300000000;5000000;24;0;3;65;30,00;Empleados públicos;15,00;509,14;Fija;509,14;189669,00;Todo el territorio nacional;
55146;LIPACO MERCANTIL S.A.;2026-05-07;HABERES EMPLEADOS PUBLICOS AEROLINEAS;HABERES AEROLINEAS;Pesos;300000000;5000000;24;0;3;65;30,00;Empleados públicos;15,00;509,14;Fija;509,14;189669,00;Todo el territorio nacional;
55148;Collins S.A.;2026-05-14;PRESTAMOS PERSONALES;PRESTAMOS PERSONALES;Pesos;3000000;10000;40;50000;12;99;30,00;Todos los beneficiarios;,00;289,72;Fija;409,14;1328,00;Todo el territorio nacional;
55149;INDO S.A.;2022-03-15;PRESTAMO EFECTIVO                                                                                                              ;EFECTIVO                ;Pesos;100000;1;12;0;6;75;20,00;Todos los beneficiarios;,00;651,60;Fija;693,05;6815,67;Todo el territorio nacional;                                                                                                                                                                                                                                                                                                                                                                                                                                                                                                                                                                                                                                                                                                                                                                                                                                                                                                                                                                                                                                                         
55149;INDO S.A.;2022-03-15;PRESTAMO CONSUMO                                                                                                               ;CONSUMO                 ;Pesos;60000;1;12;0;6;75;20,00;Todos los beneficiarios;,00;373,76;Fija;374,17;4267,04;Todo el territorio nacional;                                                                                                                                                                                                                                                                                                                                                                                                                                                                                                                                                                                                                                                                                                                                                                                                                                                                                                                                                                                                                                                         
55152;Asociación Mutual de protección Familiar;2026-01-28;AYUDA ECONOMICA;AE;Pesos;1000000;50000;36;0;0;85;30,00;Beneficiarios de cuentas de la seguridad social;10,00;302,31;Fija;136,85;92707,00;Todo el territorio nacional;
55152;Asociación Mutual de protección Familiar;2026-01-28;AYUDA ECONOMICA;AE;Pesos;1000000;10000;12;0;0;85;30,00;Todos los beneficiarios;10,00;2968,74;Fija;3767,71;336491,00;Todo el territorio nacional;
55152;Asociación Mutual de protección Familiar;2026-01-28;AYUDA ECONOMICA;AE;Pesos;1000000;10000;24;0;12;65;30,00;Personas humanas en relación de dependencia;10,00;196,65;Fija;196,69;105894,00;Todo el territorio nacional;
55152;Asociación Mutual de protección Familiar;2026-01-28;AYUDA ECONOMICA;AE;Pesos;1000000;100000;12;0;12;65;30,00;Personas humanas en relación de dependencia;10,00;98,25;Fija;168,81;117249,00;Todo el territorio nacional;
55156;UNIGESTION SA;2026-04-16;PRESTAMO UNI MENDOZA 24;UNIMZ24;Pesos;5000000;50000;24;300000;1;63;,35;Personas humanas en relación de dependencia;10,00;296,88;Fija;296,88;150997,00;Provincia de Mendoza;
55159;TCC Cooperativa de Crédito, Consumo y Vivienda Limitada;2026-02-23;PRESTAMOCHUBUT;CHUBUT;Pesos;3000000;10000;14;0;12;65;40,00;Empleados públicos;7,00;90,50;Fija;109,51;190069,00;Provincia del Chubut;
55159;TCC Cooperativa de Crédito, Consumo y Vivienda Limitada;2026-02-23;PRESTAMOSANJUAN;SANJUAN;Pesos;4000000;10000;20;0;12;65;40,00;Empleados públicos;7,00;173,77;Fija;210,26;175025,00;Provincia de San Juan;
55159;TCC Cooperativa de Crédito, Consumo y Vivienda Limitada;2026-02-23;PRESTAMOCHACO;CHACO;Pesos;3000000;10000;15;0;12;70;40,00;Empleados públicos;7,00;120,37;Fija;145,65;225014,00;Provincia del Chaco;
55159;TCC Cooperativa de Crédito, Consumo y Vivienda Limitada;2026-02-23;PRESTAMOCABA;CABA;Pesos;3000000;10000;15;0;12;65;40,00;Empleados públicos;7,00;127,26;Fija;153,98;150029,00;Ciudad Autónoma de Buenos Aires;
55160;Arrayanes Cooperativa de Vivienda, Crédito y Consumo;2026-04-09;MICROPRESTAMOS;MICRO;Pesos;2700000;50000;24;300000;0;100;35,00;Personas humanas en relación de dependencia;,00;176,00;Fija;235,00;15748,00;Todo el territorio nacional;
55163;FF Capital Group S.A.;2024-05-30;PRESTAMO PERSONAL FLEX; PP1;Pesos;100000;1000;12;8000;6;75;30,00;Todos los beneficiarios;,00;955,10;Fija;959,10;4491,00;Todo el territorio nacional;0
55163;FF Capital Group S.A.;2024-05-30;PRESTAMO PERSONAL;PP2;Pesos;25000;1000;9;8000;6;75;35,00;Todos los beneficiarios;,00;868,80;Fija;269,50;2450,00;Todo el territorio nacional;0
55166;Waynicoin S.A.;2025-01-22;PRESTAMO PERSONAL;PRESTAMO PERSONAL;Pesos;1500000;3000;12;0;0;70;,00;Todos los beneficiarios;,00;4692,00;Fija;9315,00;3602,00;Todo el territorio nacional;0
55200;Cooperativa de Vivienda, Crédito y Consumo para el Desarrollo Ltda (CODESA);2021-08-23;PRESTAMOS AL PERSONAL AMF;PERSONALES;Pesos;600000;10600;24;0;12;0;30,00;Personas humanas en relación de dependencia;,00;62,50;Fija;62,50;739,47;Todo el territorio nacional;0
55201;Credit & Investment SRL;2022-08-11;INTERES DIRECTO;001;Pesos;1000000;10000;36;80000;0;65;30,00;Todos los beneficiarios;,00;213,84;Fija;213,84;1050,00;Todo el territorio nacional;
55213;Multiplycard S.A.;2022-03-07;LINEA DE PRESTAMOS PERSONALES GBA;PRESTAMOS GBA;Pesos;150000;1000;24;0;0;100;25,00;Todos los beneficiarios;,00;310,98;Fija;376,29;1535,00;Todo el territorio nacional;PRESTAMOS A SOLA FIRMA
55216;Finsol Microcreditos S.A.;2022-03-10;UNT TA 18-23 VS36;UNTTA18-23VS36;Pesos;250000;7500;23;0;12;59;30,00;Personas humanas en relación de dependencia;30,00;134,00;Fija;134,00;1223,90;Provincia de Tucumán;COBRO POR DESCUENTO DE HABERES
55216;Finsol Microcreditos S.A.;2022-03-10;ADELANTO XXV 1M VS1 ID 133;ADELXXV1VS1ID133;Pesos;5000;7500;1;0;12;59;30,00;Personas humanas en relación de dependencia;30,00;370,00;Fija;370,00;13083,33;Todo el territorio nacional;COBRO POR TARJETA DE DEBITO
55216;Finsol Microcreditos S.A.;2022-03-10;UNT TB 12-14 VS36;UNTTB12-14VS36;Pesos;250000;7500;14;0;12;59;30,00;Personas humanas en relación de dependencia;30,00;120,50;Fija;120,50;1360,55;Provincia de Tucumán;COBRO POR DESCUENTO DE HABERES
55216;Finsol Microcreditos S.A.;2022-03-10;ADELANTO X 1M VS1 ID 118;ADELX1VS1ID118;Pesos;10000;7500;1;0;12;59;30,00;Personas humanas en relación de dependencia;30,00;195,00;Fija;195,00;11625,00;Todo el territorio nacional;COBRO POR TARJETA DE DEBITO
55216;Finsol Microcreditos S.A.;2022-03-10;LILLO TB 15-17 VS36;LILLOTB15-17VS36;Pesos;250000;7500;17;0;12;59;30,00;Personas humanas en relación de dependencia;30,00;120,50;Fija;120,50;1249,86;Provincia de Tucumán;COBRO POR DESCUENTO DE HABERES
55216;Finsol Microcreditos S.A.;2022-03-10;ADELANTO XXI 1M VS1 ID 129;ADELXXI1VS1ID129;Pesos;5000;7500;1;0;12;59;30,00;Personas humanas en relación de dependencia;30,00;300,00;Fija;300,00;12500,00;Todo el territorio nacional;COBRO POR TARJETA DE DEBITO
55216;Finsol Microcreditos S.A.;2022-03-10;UNT TB 18-23 VS36;UNTTB18-23VS36;Pesos;250000;7500;23;0;12;59;30,00;Personas humanas en relación de dependencia;30,00;120,00;Fija;120,00;1125,72;Provincia de Tucumán;COBRO POR DESCUENTO DE HABERES
55216;Finsol Microcreditos S.A.;2022-03-10;CBU NACION G1 12 VS12 JUBILADOS;CBUNACG112VS12JUB;Pesos;40000;7500;12;0;12;73;30,00;Clientes que acrediten sueldos en la entidad;30,00;263,00;Fija;263,00;2415,68;Todo el territorio nacional;COBRO POR DEBITO AUTOMATICO DE BANCO NACION
55216;Finsol Microcreditos S.A.;2022-03-10;LILLO TA 12-17 VS36;LILLOTA12-17VS36;Pesos;250000;7500;17;0;12;59;30,00;Personas humanas en relación de dependencia;30,00;137,00;Fija;137,00;1357,78;Provincia de Tucumán;COBRO POR DESCUENTO DE HABERES
55216;Finsol Microcreditos S.A.;2022-03-10;CBU NACION G1 18 VS12;CBUNACG118VS12;Pesos;40000;7500;18;0;12;59;30,00;Clientes que acrediten sueldos en la entidad;30,00;232,00;Fija;232,00;2017,09;Todo el territorio nacional;COBRO POR DEBITO AUTOMATICO DE BANCO NACION
55216;Finsol Microcreditos S.A.;2022-03-10;UNT TA 24-36 VS36;UNTTA24-36VS36;Pesos;250000;7500;36;0;12;59;30,00;Personas humanas en relación de dependencia;30,00;134,00;Fija;134,00;1141,93;Provincia de Tucumán;COBRO POR DESCUENTO DE HABERES
55216;Finsol Microcreditos S.A.;2022-03-10;CBU NACION G1 18 VS12 PREAPROBADOS;CBUNACG118VS12PREAP;Pesos;40000;7500;18;0;12;59;30,00;Clientes que acrediten sueldos en la entidad;30,00;232,00;Fija;232,00;2017,09;Todo el territorio nacional;COBRO POR DEBITO AUTOMATICO DE BANCO NACION
55216;Finsol Microcreditos S.A.;2022-03-10;UNT TA 12-17 VS36;UNTTA12-17VS36;Pesos;250000;7500;17;0;12;59;30,00;Personas humanas en relación de dependencia;30,00;137,00;Fija;137,00;1357,78;Provincia de Tucumán;COBRO POR DESCUENTO DE HABERES
55216;Finsol Microcreditos S.A.;2022-03-10;CBU NACION G1 15-17 VS12 PREAPROBADOS;CBUNACG115-17VS12PREAP;Pesos;40000;7500;17;0;12;59;30,00;Clientes que acrediten sueldos en la entidad;30,00;244,00;Fija;244,00;2124,69;Todo el territorio nacional;COBRO POR DEBITO AUTOMATICO DE BANCO NACION
55216;Finsol Microcreditos S.A.;2022-03-10;UNT TB 15-17 VS36;UNTTB15-17VS36;Pesos;250000;7500;17;0;12;59;30,00;Personas humanas en relación de dependencia;30,00;120,50;Fija;120,50;1249,86;Provincia de Tucumán;COBRO POR DESCUENTO DE HABERES
55216;Finsol Microcreditos S.A.;2022-03-10;ADELANTO XXIII 1M VS1 ID 131;ADELXXIII1VS1ID131;Pesos;5000;7500;1;0;12;59;30,00;Personas humanas en relación de dependencia;30,00;330,00;Fija;330,00;12750,00;Todo el territorio nacional;COBRO POR TARJETA DE DEBITO
55216;Finsol Microcreditos S.A.;2022-03-10;LILLO TB 12-14 VS36;LILLOTB12-14VS36;Pesos;250000;7500;14;0;12;59;30,00;Personas humanas en relación de dependencia;30,00;120,50;Fija;120,50;1360,55;Provincia de Tucumán;COBRO POR DESCUENTO DE HABERES
55216;Finsol Microcreditos S.A.;2022-03-10;ADELANTO XXIV 1M VS1 ID 132;ADELXXIV1VS1ID132;Pesos;5000;7500;1;0;12;59;30,00;Personas humanas en relación de dependencia;30,00;350,00;Fija;350,00;12916,67;Todo el territorio nacional;COBRO POR TARJETA DE DEBITO
55216;Finsol Microcreditos S.A.;2022-03-10;LILLO TB 18-23 VS36;LILLOTB18-23VS36;Pesos;250000;7500;23;0;12;59;30,00;Personas humanas en relación de dependencia;30,00;120,00;Fija;120,00;1125,72;Provincia de Tucumán;COBRO POR DESCUENTO DE HABERES
55216;Finsol Microcreditos S.A.;2022-03-10;ADELANTO XVII 6M VS1 ID 179;ADELXVII6VS1ID179;Pesos;15000;7500;6;0;12;59;30,00;Personas humanas en relación de dependencia;30,00;380,00;Fija;380,00;3918,81;Todo el territorio nacional;COBRO POR TARJETA DE DEBITO
55216;Finsol Microcreditos S.A.;2022-03-10;UNT TB 24-36 VS36;UNTTB24-36VS36;Pesos;250000;7500;45;0;12;59;30,00;Personas humanas en relación de dependencia;30,00;119,50;Fija;119,50;1009,93;Provincia de Tucumán;COBRO POR DESCUENTO DE HABERES
55216;Finsol Microcreditos S.A.;2022-03-10;ADELANTO XVIII 6M VS1 ID 180;ADELXVIII6VS1ID180;Pesos;15000;7500;6;0;12;59;30,00;Personas humanas en relación de dependencia;30,00;400,00;Fija;400,00;4055,04;Todo el territorio nacional;COBRO POR TARJETA DE DEBITO
55216;Finsol Microcreditos S.A.;2022-03-10;ADELANTO XXVII 6M VS1 ID 189;ADELXXVII6VS1ID189;Pesos;7500;7500;6;0;12;59;30,00;Personas humanas en relación de dependencia;30,00;500,00;Fija;500,00;4754,88;Todo el territorio nacional;COBRO POR TARJETA DE DEBITO
55216;Finsol Microcreditos S.A.;2022-03-10;CBU NACION G2 15-17 VS12;CBUNACG215-17VS12;Pesos;33000;7500;17;0;12;59;30,00;Clientes que acrediten sueldos en la entidad;30,00;272,00;Fija;272,00;2339,23;Todo el territorio nacional;COBRO POR DEBITO AUTOMATICO DE BANCO NACION
55216;Finsol Microcreditos S.A.;2022-03-10;ADELANTO VIII 3M VS1 ID 143;ADELVIII3VS1ID143;Pesos;45000;7500;3;0;12;59;30,00;Personas humanas en relación de dependencia;30,00;210,00;Fija;210,00;4562,45;Todo el territorio nacional;COBRO POR TARJETA DE DEBITO
55216;Finsol Microcreditos S.A.;2022-03-10;CBU NACION G3 18 VS12;CBUNACG318VS12;Pesos;25000;7500;18;0;12;59;30,00;Clientes que acrediten sueldos en la entidad;30,00;302,00;Fija;302,00;2561,72;Todo el territorio nacional;COBRO POR DEBITO AUTOMATICO DE BANCO NACION
55216;Finsol Microcreditos S.A.;2022-03-10;ADELANTO XI 12M VS1 ID 200;ADELXI12VS1ID200;Pesos;30000;7500;12;0;12;59;30,00;Personas humanas en relación de dependencia;30,00;320,00;Fija;320,00;2832,72;Todo el territorio nacional;COBRO POR TARJETA DE DEBITO
55216;Finsol Microcreditos S.A.;2022-03-10;ADELANTO XII 12M VS1 ID 201;ADELXII12VS1ID201;Pesos;30000;7500;12;0;12;59;30,00;Personas humanas en relación de dependencia;30,00;340,00;Fija;340,00;2982,80;Todo el territorio nacional;COBRO POR TARJETA DE DEBITO
55216;Finsol Microcreditos S.A.;2022-03-10;ADELANTO XIII 12M VS1 ID 202;ADELXIII12VS1ID202;Pesos;30000;7500;12;0;12;59;30,00;Personas humanas en relación de dependencia;30,00;360,00;Fija;360,00;3134,54;Todo el territorio nacional;COBRO POR TARJETA DE DEBITO
55216;Finsol Microcreditos S.A.;2022-03-10;CBU NACION G1 12-14 VS12 PREAPROBADOS;CBUNACG112-14VS12PREAP;Pesos;40000;7500;14;0;12;59;30,00;Clientes que acrediten sueldos en la entidad;30,00;263,00;Fija;263,00;2337,50;Todo el territorio nacional;COBRO POR DEBITO AUTOMATICO DE BANCO NACION
55216;Finsol Microcreditos S.A.;2022-03-10;ADELANTO XIV 12M VS1 ID 203;ADELXIV12VS1ID203;Pesos;30000;7500;12;0;12;59;30,00;Personas humanas en relación de dependencia;30,00;380,00;Fija;380,00;3287,78;Todo el territorio nacional;COBRO POR TARJETA DE DEBITO
55216;Finsol Microcreditos S.A.;2022-03-10;ADELANTO VIII 12M VS1 ID 197;ADELVIII12VS1ID197;Pesos;45000;7500;12;0;12;59;30,00;Personas humanas en relación de dependencia;30,00;270,00;Fija;270,00;2465,95;Todo el territorio nacional;COBRO POR TARJETA DE DEBITO
55216;Finsol Microcreditos S.A.;2022-03-10;ADELANTO IX 12M VS1 ID 198;ADELIX12VS1ID198;Pesos;30000;7500;12;0;12;59;30,00;Personas humanas en relación de dependencia;30,00;290,00;Fija;290,00;2611,10;Todo el territorio nacional;COBRO POR TARJETA DE DEBITO
55216;Finsol Microcreditos S.A.;2022-03-10;CBU NACION G1 15-17 VS12;CBUNACG115-17VS12;Pesos;40000;7500;17;0;12;59;30,00;Clientes que acrediten sueldos en la entidad;30,00;244,00;Fija;244,00;2124,69;Todo el territorio nacional;COBRO POR DEBITO AUTOMATICO DE BANCO NACION
55216;Finsol Microcreditos S.A.;2022-03-10;ADELANTO XXVII 12M VS1 ID 216;ADELXXVII12VS1ID216;Pesos;11250;7500;12;0;12;59;30,00;Personas humanas en relación de dependencia;30,00;550,00;Fija;550,00;4633,41;Todo el territorio nacional;COBRO POR TARJETA DE DEBITO
55216;Finsol Microcreditos S.A.;2022-03-10;CBU NACION G2 12-14 VS12;CBUNACG212-14VS12;Pesos;33000;7500;14;0;12;59;30,00;Clientes que acrediten sueldos en la entidad;30,00;288,00;Fija;288,00;2524,23;Todo el territorio nacional;COBRO POR DEBITO AUTOMATICO DE BANCO NACION
55216;Finsol Microcreditos S.A.;2022-03-10;ADELANTO XV 12M VS1 ID 204;ADELXV12VS1ID204;Pesos;30000;7500;12;0;12;59;30,00;Personas humanas en relación de dependencia;30,00;400,00;Fija;400,00;3442,38;Todo el territorio nacional;COBRO POR TARJETA DE DEBITO
55216;Finsol Microcreditos S.A.;2022-03-10;ADELANTO VIII 6M VS1 ID 170;ADELVIII6VS1ID170;Pesos;45000;7500;6;0;12;59;30,00;Personas humanas en relación de dependencia;30,00;220,00;Fija;220,00;2883,57;Todo el territorio nacional;COBRO POR TARJETA DE DEBITO
55216;Finsol Microcreditos S.A.;2022-03-10;ADELANTO XIX 6M VS1 ID 181;ADELXIX6VS1ID181;Pesos;15000;7500;6;0;12;59;30,00;Personas humanas en relación de dependencia;30,00;420,00;Fija;420,00;4192,60;Todo el territorio nacional;COBRO POR TARJETA DE DEBITO
55216;Finsol Microcreditos S.A.;2022-03-10;ADELANTO IV 6M VS1 ID 166;ADELIV6VS1ID166;Pesos;60000;7500;6;0;12;59;30,00;Personas humanas en relación de dependencia;30,00;180,00;Fija;180,00;2642,37;Todo el territorio nacional;COBRO POR TARJETA DE DEBITO
55216;Finsol Microcreditos S.A.;2022-03-10;ADELANTO XVII 1M VS1 ID 125;ADELXVII1VS1ID125;Pesos;5000;7500;1;0;12;59;30,00;Personas humanas en relación de dependencia;30,00;260,00;Fija;260,00;12166,67;Todo el territorio nacional;COBRO POR TARJETA DE DEBITO
55216;Finsol Microcreditos S.A.;2022-03-10;ADELANTO XVIII 1M VS1 ID 126;ADELXVIII1VS1ID126;Pesos;5000;7500;1;0;12;59;30,00;Personas humanas en relación de dependencia;30,00;270,00;Fija;270,00;12250,00;Todo el territorio nacional;COBRO POR TARJETA DE DEBITO
55216;Finsol Microcreditos S.A.;2022-03-10;ADELANTO XIX 1M VS1 ID 127;ADELXIX1VS1ID127;Pesos;5000;7500;1;0;12;59;30,00;Personas humanas en relación de dependencia;30,00;280,00;Fija;280,00;12333,33;Todo el territorio nacional;COBRO POR TARJETA DE DEBITO
55216;Finsol Microcreditos S.A.;2022-03-10;ADELANTO XX 1M VS1 ID 128;ADELXX1VS1ID128;Pesos;5000;7500;1;0;12;59;30,00;Personas humanas en relación de dependencia;30,00;290,00;Fija;290,00;12416,67;Todo el territorio nacional;COBRO POR TARJETA DE DEBITO
55216;Finsol Microcreditos S.A.;2022-03-10;ADELANTO XIV 1M VS1 ID 122;ADELXIV1VS1ID122;Pesos;5000;7500;1;0;12;59;30,00;Personas humanas en relación de dependencia;30,00;225,00;Fija;225,00;11875,00;Todo el territorio nacional;COBRO POR TARJETA DE DEBITO
55216;Finsol Microcreditos S.A.;2022-03-10;ADELANTO XII 1M VS1 ID 120;ADELXII1VS1ID120;Pesos;10000;7500;1;0;12;59;30,00;Personas humanas en relación de dependencia;30,00;205,00;Fija;205,00;11708,33;Todo el territorio nacional;COBRO POR TARJETA DE DEBITO
55216;Finsol Microcreditos S.A.;2022-03-10;ADELANTO XI 6M VS1 ID 173;ADELXI6VS1ID173;Pesos;30000;7500;6;0;12;59;30,00;Personas humanas en relación de dependencia;30,00;260,00;Fija;260,00;3132,37;Todo el territorio nacional;COBRO POR TARJETA DE DEBITO
55216;Finsol Microcreditos S.A.;2022-03-10;ADELANTO XIV 6M VS1 ID 176;ADELXIV6VS1ID176;Pesos;22500;7500;6;0;12;59;30,00;Personas humanas en relación de dependencia;30,00;320,00;Fija;320,00;3518,57;Todo el territorio nacional;COBRO POR TARJETA DE DEBITO
55216;Finsol Microcreditos S.A.;2022-03-10;ADELANTO I 6M VS1 ID 163;ADELI6VS1ID163;Pesos;75000;7500;6;0;12;59;30,00;Personas humanas en relación de dependencia;30,00;150,00;Fija;150,00;2466,80;Todo el territorio nacional;COBRO POR TARJETA DE DEBITO
55216;Finsol Microcreditos S.A.;2022-03-10;ADELANTO XIII 6M VS1 ID 175;ADELXIII6VS1ID175;Pesos;22500;7500;6;0;12;59;30,00;Personas humanas en relación de dependencia;30,00;300,00;Fija;300,00;3388,19;Todo el territorio nacional;COBRO POR TARJETA DE DEBITO
55216;Finsol Microcreditos S.A.;2022-03-10;ADELANTO I 3M VS1 ID 136;ADELI3VS1ID136;Pesos;50000;7500;3;0;12;59;30,00;Personas humanas en relación de dependencia;30,00;150,00;Fija;150,00;4199,31;Todo el territorio nacional;COBRO POR TARJETA DE DEBITO
55216;Finsol Microcreditos S.A.;2022-03-10;ADELANTO XXV 3M VS1 ID 160;ADELXXV3VS1ID160;Pesos;6000;7500;3;0;12;59;30,00;Personas humanas en relación de dependencia;30,00;400,00;Fija;400,00;5765,77;Todo el territorio nacional;COBRO POR TARJETA DE DEBITO
55216;Finsol Microcreditos S.A.;2022-03-10;ADELANTO VII 3M VS1 ID 142;ADELVII3VS1ID142;Pesos;45000;7500;3;0;12;59;30,00;Personas humanas en relación de dependencia;30,00;200,00;Fija;200,00;4501,31;Todo el territorio nacional;COBRO POR TARJETA DE DEBITO
55216;Finsol Microcreditos S.A.;2022-03-10;ADELANTO III 1M VS1;ADELIII1VS1;Pesos;16667;7500;1;0;12;59;30,00;Personas humanas en relación de dependencia;30,00;160,00;Fija;160,00;11333,33;Todo el territorio nacional;COBRO POR TARJETA DE DEBITO
55216;Finsol Microcreditos S.A.;2022-03-10;ADELANTO III 6M VS1 ID 165;ADELIII6VS1ID165;Pesos;75000;7500;6;0;12;59;30,00;Personas humanas en relación de dependencia;30,00;170,00;Fija;170,00;2583,32;Todo el territorio nacional;COBRO POR TARJETA DE DEBITO
55216;Finsol Microcreditos S.A.;2022-03-10;ADELANTO XII 6M VS1 ID 174;ADELXII6VS1ID174;Pesos;30000;7500;6;0;12;59;30,00;Personas humanas en relación de dependencia;30,00;280,00;Fija;280,00;3259,44;Todo el territorio nacional;COBRO POR TARJETA DE DEBITO
55216;Finsol Microcreditos S.A.;2022-03-10;ADELANTO II 6M VS1 ID 164;ADELII6VS1ID164;Pesos;75000;7500;6;0;12;59;30,00;Personas humanas en relación de dependencia;30,00;160,00;Fija;160,00;2524,80;Todo el territorio nacional;COBRO POR TARJETA DE DEBITO
55216;Finsol Microcreditos S.A.;2022-03-10;LILLO TA 24-36 VS36;LILLOTA24-36VS36;Pesos;250000;7500;36;0;12;59;30,00;Personas humanas en relación de dependencia;30,00;134,00;Fija;134,00;1141,93;Provincia de Tucumán;COBRO POR DESCUENTO DE HABERES
55216;Finsol Microcreditos S.A.;2022-03-10;ADELANTO XX 6M VS1 ID 182;ADELXX6VS1ID182;Pesos;15000;7500;6;0;12;59;30,00;Personas humanas en relación de dependencia;30,00;440,00;Fija;440,00;4331,41;Todo el territorio nacional;COBRO POR TARJETA DE DEBITO
55216;Finsol Microcreditos S.A.;2022-03-10;ADELANTO XXVII 3M VS1 ID 162;ADELXXVII3VS1ID162;Pesos;6000;7500;3;0;12;59;30,00;Personas humanas en relación de dependencia;30,00;450,00;Fija;450,00;6094,32;Todo el territorio nacional;COBRO POR TARJETA DE DEBITO
55216;Finsol Microcreditos S.A.;2022-03-10;ADELANTO VI 6M VS1 ID 168;ADELVI6VS1ID168;Pesos;45000;7500;6;0;12;59;30,00;Personas humanas en relación de dependencia;30,00;200,00;Fija;200,00;2761,99;Todo el territorio nacional;COBRO POR TARJETA DE DEBITO
55216;Finsol Microcreditos S.A.;2022-03-10;LILLO TB 24-36 VS36;LILLOTB24-36VS36;Pesos;250000;7500;36;0;12;59;30,00;Personas humanas en relación de dependencia;30,00;119,50;Fija;119,50;1029,60;Provincia de Tucumán;COBRO POR DESCUENTO DE HABERES
55216;Finsol Microcreditos S.A.;2022-03-10;ADELANTO XV 1M VS1 ID 123;ADELXV1VS1ID123;Pesos;5000;7500;1;0;12;59;30,00;Personas humanas en relación de dependencia;30,00;240,00;Fija;240,00;12000,00;Todo el territorio nacional;COBRO POR TARJETA DE DEBITO
55216;Finsol Microcreditos S.A.;2022-03-10;ADELANTO III 12M VS1 ID 192;ADELIII12VS1ID192;Pesos;50000;7500;12;0;12;59;30,00;Personas humanas en relación de dependencia;30,00;190,00;Fija;190,00;1910,84;Todo el territorio nacional;COBRO POR TARJETA DE DEBITO
55216;Finsol Microcreditos S.A.;2022-03-10;LILLO TA 18-23 VS36;LILLOTA18-23VS36;Pesos;250000;7500;23;0;12;59;30,00;Personas humanas en relación de dependencia;30,00;134,00;Fija;134,00;1223,90;Provincia de Tucumán;COBRO POR DESCUENTO DE HABERES
55216;Finsol Microcreditos S.A.;2022-03-10;ADELANTO X 3M VS1 ID 145;ADELX3VS1ID145;Pesos;30000;7500;3;0;12;59;30,00;Personas humanas en relación de dependencia;30,00;230,00;Fija;230,00;4685,42;Todo el territorio nacional;COBRO POR TARJETA DE DEBITO
55216;Finsol Microcreditos S.A.;2022-03-10;CBU NACION G3 15-17 VS12;CBUNACG315-17VS12;Pesos;25000;7500;17;0;12;59;30,00;Clientes que acrediten sueldos en la entidad;30,00;310,00;Fija;310,00;2636,36;Todo el territorio nacional;COBRO POR DEBITO AUTOMATICO DE BANCO NACION
55216;Finsol Microcreditos S.A.;2022-03-10;CBU NACION G2 18 VS12;CBUNACG218VS12;Pesos;33000;7500;18;0;12;59;30,00;Clientes que acrediten sueldos en la entidad;30,00;260,00;Fija;260,00;2232,07;Todo el territorio nacional;COBRO POR DEBITO AUTOMATICO DE BANCO NACION
55216;Finsol Microcreditos S.A.;2022-03-10;CBU NACION G3 12 VS12 JUBILADOS;CBUNACG312VS12JUB;Pesos;25000;7500;12;0;12;73;30,00;Clientes que acrediten sueldos en la entidad;30,00;329,00;Fija;329,00;2900,04;Todo el territorio nacional;COBRO POR DEBITO AUTOMATICO DE BANCO NACION
55216;Finsol Microcreditos S.A.;2022-03-10;ADELANTO X 6M VS1 ID 172;ADELX6VS1ID172;Pesos;30000;7500;6;0;12;59;30,00;Personas humanas en relación de dependencia;30,00;240,00;Fija;240,00;3007,06;Todo el territorio nacional;COBRO POR TARJETA DE DEBITO
55216;Finsol Microcreditos S.A.;2022-03-10;ADELANTO VII 1M VS1 ID 115;ADELVII1VS1ID115;Pesos;22500;7500;1;0;12;59;30,00;Personas humanas en relación de dependencia;30,00;180,00;Fija;180,00;11500,00;Todo el territorio nacional;COBRO POR TARJETA DE DEBITO
55216;Finsol Microcreditos S.A.;2022-03-10;ADELANTO VIII 1M VS1 ID 116;ADELVIII1VS1ID116;Pesos;15000;7500;1;0;12;59;30,00;Personas humanas en relación de dependencia;30,00;185,00;Fija;185,00;11541,67;Todo el territorio nacional;COBRO POR TARJETA DE DEBITO
55216;Finsol Microcreditos S.A.;2022-03-10;ADELANTO VII 6M VS1 ID 169;ADELVII6VS1ID169;Pesos;45000;7500;6;0;12;59;30,00;Personas humanas en relación de dependencia;30,00;210,00;Fija;210,00;2822,54;Todo el territorio nacional;COBRO POR TARJETA DE DEBITO
55216;Finsol Microcreditos S.A.;2022-03-10;ADELANTO XXII 6M VS1 ID 184;ADELXXII6VS1ID184;Pesos;13500;7500;6;0;12;59;30,00;Personas humanas en relación de dependencia;30,00;465,00;Fija;465,00;4506,62;Todo el territorio nacional;COBRO POR TARJETA DE DEBITO
55216;Finsol Microcreditos S.A.;2022-03-10;ADELANTO VI 1M VS1 ID 114;ADELVI1VS1ID114;Pesos;15000;7500;1;0;12;59;30,00;Personas humanas en relación de dependencia;30,00;175,00;Fija;175,00;11458,33;Todo el territorio nacional;COBRO POR TARJETA DE DEBITO
55216;Finsol Microcreditos S.A.;2022-03-10;ADELANTO V 6M VS1 ID 167;ADELV6VS1ID167;Pesos;60000;7500;6;0;12;59;30,00;Personas humanas en relación de dependencia;30,00;190,00;Fija;190,00;2701,93;Todo el territorio nacional;COBRO POR TARJETA DE DEBITO
55216;Finsol Microcreditos S.A.;2022-03-10;ADELANTO XXIV 6M VS1 ID 186;ADELXXIV6VS1ID186;Pesos;11250;7500;6;0;12;59;30,00;Personas humanas en relación de dependencia;30,00;475,00;Fija;475,00;4577,20;Todo el territorio nacional;COBRO POR TARJETA DE DEBITO
55216;Finsol Microcreditos S.A.;2022-03-10;ADELANTO IX 6M VS1 ID 171;ADELIX6VS1ID171;Pesos;30000;7500;6;0;12;59;30,00;Personas humanas en relación de dependencia;30,00;230,00;Fija;230,00;2945,08;Todo el territorio nacional;COBRO POR TARJETA DE DEBITO
55216;Finsol Microcreditos S.A.;2022-03-10;ADELANTO IX 3M VS1 ID 144;ADELIX3VS1ID144;Pesos;30000;7500;3;0;12;59;30,00;Personas humanas en relación de dependencia;30,00;220,00;Fija;220,00;4623,81;Todo el territorio nacional;COBRO POR TARJETA DE DEBITO
55216;Finsol Microcreditos S.A.;2022-03-10;ADELANTO XXVI 1M VS1 ID 134;ADELXXVI1VS1ID134;Pesos;5000;7500;1;0;12;59;30,00;Personas humanas en relación de dependencia;30,00;390,00;Fija;390,00;13250,00;Todo el territorio nacional;COBRO POR TARJETA DE DEBITO
55216;Finsol Microcreditos S.A.;2022-03-10;ADELANTO XXVII 1M VS1 ID 135;ADELXXVII1VS1ID135;Pesos;5000;7500;1;0;12;59;30,00;Personas humanas en relación de dependencia;30,00;400,00;Fija;400,00;13333,33;Todo el territorio nacional;COBRO POR TARJETA DE DEBITO
55216;Finsol Microcreditos S.A.;2022-03-10;ADELANTO VI 12M VS1 ID 195;ADELVI12VS1ID195;Pesos;45000;7500;12;0;12;59;30,00;Personas humanas en relación de dependencia;30,00;230,00;Fija;230,00;2182,84;Todo el territorio nacional;COBRO POR TARJETA DE DEBITO
55216;Finsol Microcreditos S.A.;2022-03-10;ADELANTO XX 12M VS1 ID 209;ADELXX12VS1ID209;Pesos;15000;7500;12;0;12;59;30,00;Personas humanas en relación de dependencia;30,00;490,00;Fija;490,00;4151,53;Todo el territorio nacional;COBRO POR TARJETA DE DEBITO
55216;Finsol Microcreditos S.A.;2022-03-10;ADELANTO XVII 12M VS1 ID 206;ADELXVII12VS1ID206;Pesos;22500;7500;12;0;12;59;30,00;Personas humanas en relación de dependencia;30,00;430,00;Fija;430,00;3676,52;Todo el territorio nacional;COBRO POR TARJETA DE DEBITO
55216;Finsol Microcreditos S.A.;2022-03-10;ADELANTO V 12M VS1 ID 194;ADELV12VS1ID194;Pesos;60000;7500;12;0;12;59;30,00;Personas humanas en relación de dependencia;30,00;220,00;Fija;220,00;2113,72;Todo el territorio nacional;COBRO POR TARJETA DE DEBITO
55216;Finsol Microcreditos S.A.;2022-03-10;ADELANTO XXV 6M VS1 ID 187;ADELXXV6VS1ID187;Pesos;7500;7500;6;0;12;59;30,00;Personas humanas en relación de dependencia;30,00;485,00;Fija;485,00;4648,07;Todo el territorio nacional;COBRO POR TARJETA DE DEBITO
55216;Finsol Microcreditos S.A.;2022-03-10;ADELANTO XXI 12M VS1 ID 210;ADELXXI12VS1ID210;Pesos;15000;7500;12;0;12;59;30,00;Personas humanas en relación de dependencia;30,00;500,00;Fija;500,00;4231,42;Todo el territorio nacional;COBRO POR TARJETA DE DEBITO
55216;Finsol Microcreditos S.A.;2022-03-10;ADELANTO XXIII 12M VS1 ID 212;ADELXXIII12VS1ID212;Pesos;13500;7500;12;0;12;59;30,00;Personas humanas en relación de dependencia;30,00;520,00;Fija;520,00;4391,74;Todo el territorio nacional;COBRO POR TARJETA DE DEBITO
55216;Finsol Microcreditos S.A.;2022-03-10;ADELANTO I 1M VS1 ID 109;ADELI1VS1ID109;Pesos;20000;7500;1;0;12;59;30,00;Personas humanas en relación de dependencia;30,00;150,00;Fija;150,00;11250,00;Todo el territorio nacional;COBRO POR TARJETA DE DEBITO
55216;Finsol Microcreditos S.A.;2022-03-10;ADELANTO XXII 12M VS1 ID 211;ADELXXII12VS1ID211;Pesos;15000;7500;12;0;12;59;30,00;Personas humanas en relación de dependencia;30,00;510,00;Fija;510,00;4311,50;Todo el territorio nacional;COBRO POR TARJETA DE DEBITO
55216;Finsol Microcreditos S.A.;2022-03-10;ADELANTO XXVI 12M VS1 ID 215;ADELXXVI12VS1ID215;Pesos;11250;7500;12;0;12;59;30,00;Personas humanas en relación de dependencia;30,00;545,00;Fija;545,00;4593,04;Todo el territorio nacional;COBRO POR TARJETA DE DEBITO
55216;Finsol Microcreditos S.A.;2022-03-10;ADELANTO XVIII 12M VS1 ID 207;ADELXVIII12VS1ID207;Pesos;22500;7500;12;0;12;59;30,00;Personas humanas en relación de dependencia;30,00;450,00;Fija;450,00;3833,95;Todo el territorio nacional;COBRO POR TARJETA DE DEBITO
55216;Finsol Microcreditos S.A.;2022-03-10;ADELANTO XXVI 3M VS1 ID 161;ADELXXVI3VS1ID161;Pesos;425;7500;3;0;12;59;30,00;Personas humanas en relación de dependencia;30,00;425,00;Fija;425,00;5929,48;Todo el territorio nacional;COBRO POR TARJETA DE DEBITO
55216;Finsol Microcreditos S.A.;2022-03-10;ADELANTO XVI 6M VS1 ID 178;ADELXVI6VS1ID178;Pesos;15000;7500;6;0;12;59;30,00;Personas humanas en relación de dependencia;30,00;360,00;Fija;360,00;3783,94;Todo el territorio nacional;COBRO POR TARJETA DE DEBITO
55216;Finsol Microcreditos S.A.;2022-03-10;ADELANTO VI 3M VS1 ID 141;ADELVI3VS1ID141;Pesos;45000;7500;3;0;12;59;30,00;Personas humanas en relación de dependencia;30,00;190,00;Fija;190,00;4440,42;Todo el territorio nacional;COBRO POR TARJETA DE DEBITO
55216;Finsol Microcreditos S.A.;2022-03-10;ADELANTO V 3M VS1 ID 140;ADELV3VS1ID140;Pesos;60000;7500;3;0;12;59;30,00;Personas humanas en relación de dependencia;30,00;180,00;Fija;180,00;4379,77;Todo el territorio nacional;COBRO POR TARJETA DE DEBITO
55216;Finsol Microcreditos S.A.;2022-03-10;ADELANTO XV 6M VS1 ID 177;ADELXV6VS1ID177;Pesos;22500;7500;6;0;12;59;30,00;Personas humanas en relación de dependencia;30,00;340,00;Fija;340,00;3650,51;Todo el territorio nacional;COBRO POR TARJETA DE DEBITO
55216;Finsol Microcreditos S.A.;2022-03-10;ADELANTO XXIV 12M VS1 ID 213;ADELXXIV12VS1ID213;Pesos;13500;7500;12;0;12;59;30,00;Personas humanas en relación de dependencia;30,00;530,00;Fija;530,00;4472,15;Todo el territorio nacional;COBRO POR TARJETA DE DEBITO
55216;Finsol Microcreditos S.A.;2022-03-10;ADELANTO XIII 3M VS1 ID 148;ADELXIII3VS1ID148;Pesos;15000;7500;3;0;12;59;30,00;Personas humanas en relación de dependencia;30,00;260,00;Fija;260,00;4871,60;Todo el territorio nacional;COBRO POR TARJETA DE DEBITO
55216;Finsol Microcreditos S.A.;2022-03-10;ADELANTO X 12M VS1 ID 199;ADELX12VS1ID199;Pesos;30000;7500;12;0;12;59;30,00;Personas humanas en relación de dependencia;30,00;300,00;Fija;300,00;2684,48;Todo el territorio nacional;COBRO POR TARJETA DE DEBITO
55216;Finsol Microcreditos S.A.;2022-03-10;ADELANTO XI 3M VS1 ID 146;ADELXI3VS1ID146;Pesos;30000;7500;3;0;12;59;30,00;Personas humanas en relación de dependencia;30,00;240,00;Fija;240,00;4747,25;Todo el territorio nacional;COBRO POR TARJETA DE DEBITO
55216;Finsol Microcreditos S.A.;2022-03-10;ADELANTO II 3M VS1 ID 137;ADELII3VS1ID137;Pesos;75000;7500;3;0;12;59;30,00;Personas humanas en relación de dependencia;30,00;150,00;Fija;150,00;4199,31;Todo el territorio nacional;COBRO POR TARJETA DE DEBITO
55216;Finsol Microcreditos S.A.;2022-03-10;ADELANTO XX 3M VS1 ID 155;ADELXX3VS1ID155;Pesos;15000;7500;3;0;12;59;30,00;Personas humanas en relación de dependencia;30,00;315,00;Fija;315,00;5218,09;Todo el territorio nacional;COBRO POR TARJETA DE DEBITO
55216;Finsol Microcreditos S.A.;2022-03-10;ADELANTO VII 12M VS1 ID 196;ADELVII12VS1ID196;Pesos;45000;7500;12;0;12;59;30,00;Personas humanas en relación de dependencia;30,00;250,00;Fija;250,00;2323,12;Todo el territorio nacional;COBRO POR TARJETA DE DEBITO
55216;Finsol Microcreditos S.A.;2022-03-10;ADELANTO XIX 3M VS1 ID 154;ADELXIX3VS1ID154;Pesos;15000;7500;3;0;12;59;30,00;Personas humanas en relación de dependencia;30,00;315,00;Fija;315,00;5218,09;Todo el territorio nacional;COBRO POR TARJETA DE DEBITO
55216;Finsol Microcreditos S.A.;2022-03-10;ADELANTO XVIII 3M VS1 ID 153;ADELXVIII3VS1ID153;Pesos;15000;7500;3;0;12;59;30,00;Personas humanas en relación de dependencia;30,00;310,00;Fija;310,00;5186,32;Todo el territorio nacional;COBRO POR TARJETA DE DEBITO
55216;Finsol Microcreditos S.A.;2022-03-10;ADELANTO XI 1M VS1 ID 119;ADELXI1VS1ID119;Pesos;10000;7500;1;0;12;59;30,00;Personas humanas en relación de dependencia;30,00;200,00;Fija;200,00;11666,67;Todo el territorio nacional;COBRO POR TARJETA DE DEBITO
55216;Finsol Microcreditos S.A.;2022-03-10;ADELANTO XVI 3M VS1 ID 151;ADELXVI3VS1ID151;Pesos;15000;7500;3;0;12;59;30,00;Personas humanas en relación de dependencia;30,00;300,00;Fija;300,00;5122,95;Todo el territorio nacional;COBRO POR TARJETA DE DEBITO
55216;Finsol Microcreditos S.A.;2022-03-10;ADELANTO XXIV 3M VS1 ID 159;ADELXXIV3VS1ID159;Pesos;7500;7500;3;0;12;59;30,00;Personas humanas en relación de dependencia;30,00;375,00;Fija;375,00;5603,22;Todo el territorio nacional;COBRO POR TARJETA DE DEBITO
55216;Finsol Microcreditos S.A.;2022-03-10;ADELANTO XV 3M VS1 ID 150;ADELXV3VS1ID150;Pesos;15000;7500;3;0;12;59;30,00;Personas humanas en relación de dependencia;30,00;280,00;Fija;280,00;4996,84;Todo el territorio nacional;COBRO POR TARJETA DE DEBITO
55216;Finsol Microcreditos S.A.;2022-03-10;ADELANTO XIV 3M VS1 ID 149;ADELXIV3VS1ID149;Pesos;15000;7500;3;0;12;59;30,00;Personas humanas en relación de dependencia;30,00;270,00;Fija;270,00;4934,11;Todo el territorio nacional;COBRO POR TARJETA DE DEBITO
55216;Finsol Microcreditos S.A.;2022-03-10;ADELANTO XII 3M VS1 ID 147;ADELXII3VS1ID147;Pesos;30000;7500;3;0;12;59;30,00;Personas humanas en relación de dependencia;30,00;250,00;Fija;250,00;4809,32;Todo el territorio nacional;COBRO POR TARJETA DE DEBITO
55216;Finsol Microcreditos S.A.;2022-03-10;ADELANTO IV 12M VS1 ID 193;ADELIV12VS1ID193;Pesos;60000;7500;12;0;12;59;30,00;Personas humanas en relación de dependencia;30,00;210,00;Fija;210,00;2045,33;Todo el territorio nacional;COBRO POR TARJETA DE DEBITO
55216;Finsol Microcreditos S.A.;2022-03-10;ADELANTO XVI 1M VS1 ID 124;ADELXVI1VS1ID124;Pesos;6000;7500;1;0;12;59;30,00;Personas humanas en relación de dependencia;30,00;250,00;Fija;250,00;12083,33;Todo el territorio nacional;COBRO POR TARJETA DE DEBITO
55216;Finsol Microcreditos S.A.;2022-03-10;ADELANTO XXV 12M VS1 ID 214;ADELXXV12VS1ID214;Pesos;11250;7500;12;0;12;59;30,00;Personas humanas en relación de dependencia;30,00;540,00;Fija;540,00;4552,71;Todo el territorio nacional;COBRO POR TARJETA DE DEBITO
55216;Finsol Microcreditos S.A.;2022-03-10;ADELANTO XXII 1M VS1 ID 130;ADELXXII1VS1ID130;Pesos;5000;7500;1;0;12;59;30,00;Personas humanas en relación de dependencia;30,00;310,00;Fija;310,00;12583,33;Todo el territorio nacional;COBRO POR TARJETA DE DEBITO
55216;Finsol Microcreditos S.A.;2022-03-10;ADELANTO XXI 3M VS1 ID 156;ADELXXI3VS1ID156;Pesos;13500;7500;3;0;12;59;30,00;Personas humanas en relación de dependencia;30,00;330,00;Fija;330,00;5313,69;Todo el territorio nacional;COBRO POR TARJETA DE DEBITO
55216;Finsol Microcreditos S.A.;2022-03-10;ADELANTO XXVI 6M VS1 ID 188;ADELXXVI6VS1ID188;Pesos;7500;7500;6;0;12;59;30,00;Personas humanas en relación de dependencia;30,00;495,00;Fija;495,00;4719,21;Todo el territorio nacional;COBRO POR TARJETA DE DEBITO
55216;Finsol Microcreditos S.A.;2022-03-10;ADELANTO II 1M VS1 ID 110;ADELII1VS1ID110;Pesos;25000;7500;1;0;12;59;30,00;Personas humanas en relación de dependencia;30,00;155,00;Fija;155,00;11291,67;Todo el territorio nacional;COBRO POR TARJETA DE DEBITO
55216;Finsol Microcreditos S.A.;2022-03-10;ADELANTO I 12M VS1 ID 190;ADELI12VS1ID190;Pesos;75000;7500;12;0;12;59;30,00;Personas humanas en relación de dependencia;30,00;150,00;Fija;150,00;1651,94;Todo el territorio nacional;COBRO POR TARJETA DE DEBITO
55216;Finsol Microcreditos S.A.;2022-03-10;ADELANTO XXIII 6M VS1 ID 185;ADELXXIII6VS1ID185;Pesos;11250;7500;6;0;12;59;30,00;Personas humanas en relación de dependencia;30,00;470,00;Fija;470,00;4541,87;Todo el territorio nacional;COBRO POR TARJETA DE DEBITO
55216;Finsol Microcreditos S.A.;2022-03-10;ADELANTO II 12M VS1 ID 191;ADELII12VS1ID191;Pesos;75000;7500;12;0;12;59;30,00;Personas humanas en relación de dependencia;30,00;170,00;Fija;170,00;1779,62;Todo el territorio nacional;COBRO POR TARJETA DE DEBITO
55216;Finsol Microcreditos S.A.;2022-03-10;ADELANTO III 3M VS1 ID 138;ADELIII3VS1ID138;Pesos;75000;7500;3;0;12;59;30,00;Personas humanas en relación de dependencia;30,00;160,00;Fija;160,00;4259,21;Todo el territorio nacional;COBRO POR TARJETA DE DEBITO
55216;Finsol Microcreditos S.A.;2022-03-10;ADELANTO XXI 6M VS1 ID 183;ADELXXI6VS1ID183;Pesos;15000;7500;6;0;12;59;30,00;Personas humanas en relación de dependencia;30,00;460,00;Fija;460,00;4471,43;Todo el territorio nacional;COBRO POR TARJETA DE DEBITO
55216;Finsol Microcreditos S.A.;2022-03-10;ADELANTO XXIII 3M VS1 ID 158;ADELXXIII3VS1ID158;Pesos;11250;7500;3;0;12;59;30,00;Personas humanas en relación de dependencia;30,00;350,00;Fija;350,00;5441,87;Todo el territorio nacional;COBRO POR TARJETA DE DEBITO
55216;Finsol Microcreditos S.A.;2022-03-10;ADELANTO V 1M VS1 ID 113;ADELV1VS1ID113;Pesos;20000;7500;1;0;12;59;30,00;Personas humanas en relación de dependencia;30,00;170,00;Fija;170,00;11416,67;Todo el territorio nacional;COBRO POR TARJETA DE DEBITO
55216;Finsol Microcreditos S.A.;2022-03-10;ADELANTO XVI 12M VS1 ID 205;ADELXVI12VS1ID205;Pesos;22500;7500;12;0;12;59;30,00;Personas humanas en relación de dependencia;30,00;410,00;Fija;410,00;3520,14;Todo el territorio nacional;COBRO POR TARJETA DE DEBITO
55216;Finsol Microcreditos S.A.;2022-03-10;ADELANTO IX 1M VS1 ID 117;ADELIX1VS1ID117;Pesos;10000;7500;1;0;12;59;30,00;Personas humanas en relación de dependencia;30,00;190,00;Fija;190,00;11583,33;Todo el territorio nacional;COBRO POR TARJETA DE DEBITO
55216;Finsol Microcreditos S.A.;2022-03-10;ADELANTO XXII 3M VS1 ID 157;ADELXXII3VS1ID157;Pesos;11250;7500;3;0;12;59;30,00;Personas humanas en relación de dependencia;30,00;335,00;Fija;335,00;5345,66;Todo el territorio nacional;COBRO POR TARJETA DE DEBITO
55216;Finsol Microcreditos S.A.;2022-03-10;ADELANTO XVII 3M VS1 ID 152;ADELXVII3VS1ID152;Pesos;15000;7500;3;0;12;59;30,00;Personas humanas en relación de dependencia;30,00;300,00;Fija;300,00;5122,95;Todo el territorio nacional;COBRO POR TARJETA DE DEBITO
55216;Finsol Microcreditos S.A.;2022-03-10;ADELANTO XIX 12M VS1 ID 208;ADELXIX12VS1ID208;Pesos;15000;7500;12;0;12;59;30,00;Personas humanas en relación de dependencia;30,00;470,00;Fija;470,00;3992,32;Todo el territorio nacional;COBRO POR TARJETA DE DEBITO
55216;Finsol Microcreditos S.A.;2022-03-10;ADELANTO IV 3M VS1 ID 139;ADELIV3VS1ID139;Pesos;40000;7500;3;0;12;59;30,00;Personas humanas en relación de dependencia;30,00;170,00;Fija;170,00;4319,37;Todo el territorio nacional;COBRO POR TARJETA DE DEBITO
55216;Finsol Microcreditos S.A.;2022-03-10;CBU NACION G2 12 VS12 JUBILADOS;CBUNACG212VS12JUB;Pesos;33000;7500;12;0;12;73;30,00;Clientes que acrediten sueldos en la entidad;30,00;288,00;Fija;288,00;2596,48;Todo el territorio nacional;COBRO POR DEBITO AUTOMATICO DE BANCO NACION
55216;Finsol Microcreditos S.A.;2022-03-10;ADELANTO XIII 1M VS1 ID 121;ADELXIII1VS1ID121;Pesos;5000;7500;1;0;12;59;30,00;Personas humanas en relación de dependencia;30,00;215,00;Fija;215,00;11791,67;Todo el territorio nacional;COBRO POR TARJETA DE DEBITO
55216;Finsol Microcreditos S.A.;2022-03-10;CBU NACION G3 12-14 VS12;CBUNACG312-14VS12;Pesos;25000;7500;14;0;12;59;30,00;Clientes que acrediten sueldos en la entidad;30,00;329,00;Fija;329,00;2837,10;Todo el territorio nacional;COBRO POR DEBITO AUTOMATICO DE BANCO NACION
55216;Finsol Microcreditos S.A.;2022-03-10;CBU NACION G1 12-14 VS12;CBUNACG112-14VS12;Pesos;40000;7500;14;0;12;59;30,00;Clientes que acrediten sueldos en la entidad;30,00;263,00;Fija;263,00;2337,50;Todo el territorio nacional;COBRO POR DEBITO AUTOMATICO DE BANCO NACION
55222;BFA Inversiones y Finanzas S.A.;2026-04-27;PRESTAMO PERSONAL PERSONA FISICA;PPPF;Pesos;20000000;100000;24;700000;6;65;20,00;Todos los beneficiarios;10,00;95,60;Fija;130,01;1297,00;Todo el territorio nacional;LOS BENEFICIARIOS ESTAN SUJETOS A REQUISITOS OBLIGATORIOS
55227;Mutual Federada 25 de junio SPR;2026-05-15;AMDR LINEA COMERCIALIZADORA SANTA FE 3 4 5;AMDRCOM2;Pesos;10000000;1000;48;500000;6;80;40,00;Todos los beneficiarios;2,00;200,00;Fija;211,00;95775,00;Todo el territorio nacional;PRESTAMOS CONVENIO INTERMUTUAL CON AMDRVT
55227;Mutual Federada 25 de junio SPR;2026-05-15;LINEA ESTANDAR CLIENTE CON GARANTIA;LESTCCG;Pesos;10000000;1000;48;500000;6;80;40,00;Todos los beneficiarios;2,00;85,00;Fija;96,00;63722,00;Todo el territorio nacional;PRESTAMOS CON CONDEUDOR ASOCIADOS Y ASOCIADOS POR CONVENIO
55227;Mutual Federada 25 de junio SPR;2026-05-15;LINEA ESTANDAR CLIENTE CON SEGURO DE VIDA;LECSV;Pesos;10000000;1000;36;500000;12;80;40,00;Todos los beneficiarios;2,00;85,00;Fija;99,00;68867,00;Todo el territorio nacional;PRESTAMOS A SOLA FIRMA ASOCIADOS Y ASOCIADAOS POR CONVENIO 
55227;Mutual Federada 25 de junio SPR;2026-05-15;PAGO INTEGRO CON VALORES ASOCIADOS;PIVA;Pesos;10000000;1000;6;500000;12;80;40,00;Todos los beneficiarios;,00;54,00;Fija;66,00;1000000,00;Todo el territorio nacional;PAGO INTEGRO CON VALORES ASOCIADOS DESCUENTO DE CHEQUES
55235;Valerza S.A.;2024-09-30;PRESTAMO PERSONAL APUNJU VALERZA;APUNJU VLZA;Pesos;1500000;30000;18;300000;6;65;30,00;Empleados públicos;4,00;127,33;Fija;342,37;10102,15;Provincia de Jujuy;
55235;Valerza S.A.;2024-09-30;PRESTAMO PERSONAL POLICIA VALERZA;POLICIA VLZA;Pesos;1500000;30000;18;300000;6;65;30,00;Empleados públicos;4,00;149,50;Fija;386,25;10715,76;Provincia de Jujuy;
55235;Valerza S.A.;2024-09-30;PRESTAMO PERSONAL SEOM VALERZA;SEOM VLZA;Pesos;100000;20000;6;200000;6;65;30,00;Empleados públicos;4,00;127,33;Fija;342,37;21246,04;Provincia de Jujuy;
55235;Valerza S.A.;2024-09-30;PRESTAMO PERSONAL ADEP VALERZA;ADEP VLZA;Pesos;1500000;30000;18;300000;6;65;30,00;Empleados públicos;4,00;131,62;Fija;350,81;10223,59;Provincia de Jujuy;
55235;Valerza S.A.;2024-09-30;PRESTAMO PERSONAL APL VALERZA;APL VLZA;Pesos;1500000;30000;18;300000;6;65;30,00;Empleados públicos;4,00;149,50;Fija;386,25;10715,76;Provincia de Jujuy;
55235;Valerza S.A.;2024-09-30;PRESTAMOS PERSONALES MONEDA EXTRANJERA;PERSONALES USD VLZA;Dólares estadounidenses;100000;10000;18;4000;6;65;30,00;Personas humanas en relación de dependencia;4,00;16,07;Fija;128,91;6301,49;Provincia de Jujuy;
55235;Valerza S.A.;2024-09-30;PRESTAMOS PERSONALES;PERSONALES VLZA;Pesos;1500000;30000;18;500000;6;65;30,00;Personas humanas en relación de dependencia;4,00;173,62;Fija;434,52;11344,92;Provincia de Jujuy;
55235;Valerza S.A.;2024-09-30;PRESTAMO PERSONAL AMPERPAG VALERZA;AMPERPAG VLZA;Pesos;1500000;30000;18;300000;6;65;30,00;Empleados públicos;4,00;173,62;Fija;434,52;11344,92;Provincia de Jujuy;
55236;Dourat S.R.L.;2023-05-29;MONOTRIBUTOEFECTIVO;MVES3;Pesos;100000;5000;12;70000;12;65;23,00;Personas humanas Monotributistas;,00;264,00;Fija;267,67;,00;Provincia de Buenos Aires;
55236;Dourat S.R.L.;2023-05-29;JUBILADOEFECTIVO;JVES3;Pesos;50000;1000;6;30000;6;75;25,00;Beneficiarios de cuentas de la seguridad social;,00;228,00;Fija;231,17;,00;Provincia de Buenos Aires;
55236;Dourat S.R.L.;2023-05-29;JUBILADOEFECTIVO;JVSS2;Pesos;50000;1000;6;30000;6;75;25,00;Beneficiarios de cuentas de la seguridad social;,00;252,00;Fija;255,50;,00;Provincia de Buenos Aires;
55236;Dourat S.R.L.;2023-05-29;TARJETAEFECTIVO;TES2;Pesos;100000;5000;12;50000;6;75;20,00;Todos los beneficiarios;,00;206,83;Fija;217,11;,00;Provincia de Buenos Aires;
55236;Dourat S.R.L.;2023-05-29;RECIBOEFECTIVO;RVES3;Pesos;100000;5000;6;30000;6;75;20,00;Personas humanas en relación de dependencia;,00;300,00;Fija;304,17;,00;Provincia de Buenos Aires;
55236;Dourat S.R.L.;2023-05-29;MONOTRIBUTOEFECTIVO;MVSE2;Pesos;100000;5000;12;70000;12;65;20,00;Personas humanas Monotributistas;,00;264,00;Fija;267,67;,00;Provincia de Buenos Aires;
55236;Dourat S.R.L.;2023-05-29;MONOTRIBUTOEFECTIVO;MVES1;Pesos;100000;5000;12;70000;12;65;20,00;Personas humanas Monotributistas;,00;240,00;Fija;243,33;,00;Provincia de Buenos Aires;
55236;Dourat S.R.L.;2023-05-29;TARJETAEFECTIVO;TES1;Pesos;100000;5000;12;50000;6;75;20,00;Todos los beneficiarios;,00;194,67;Fija;209,00;,00;Provincia de Buenos Aires;
55236;Dourat S.R.L.;2023-05-29;TARJETAEFECTIVO;TES3;Pesos;100000;5000;12;50000;6;75;20,00;Todos los beneficiarios;,00;219,00;Fija;226,72;,00;Provincia de Buenos Aires;
55236;Dourat S.R.L.;2023-05-29;JUBILADOEFECTIVO;JVES1;Pesos;50000;1000;6;30000;6;75;25,00;Beneficiarios de cuentas de la seguridad social;,00;228,00;Fija;231,17;,00;Provincia de Buenos Aires;
55236;Dourat S.R.L.;2023-05-29;RECIBOEFECTIVO;RVES2;Pesos;100000;5000;6;30000;6;75;20,00;Personas humanas en relación de dependencia;,00;252,00;Fija;255,50;,00;Provincia de Buenos Aires;
55236;Dourat S.R.L.;2023-05-29;RECIBOEFECTIVO;RVES1;Pesos;100000;5000;6;30000;6;75;20,00;Personas humanas en relación de dependencia;,00;222,00;Fija;228,08;,00;Provincia de Buenos Aires;
55242;MG-Group S.A.;2026-05-07;MG PERSONALES;MGPER;Pesos;10000000;50000;36;317800;4;73;35,00;Todos los beneficiarios;10,00;484,44;Fija;523,63;19193,00;Todo el territorio nacional;IVA INCLUIDO EN LA CUOTA INICIAL
55244;Mutual del agro, la industria y el comercio de Santa Fe;2026-06-30;AMORTIZABLES CON CODIGO DE DESCUENTO ACTIVOS;AMORTIZABLES DESCUENTO;Pesos;10000000;10000;36;0;0;63;30,00;Empleados públicos;10,00;95,65;Fija;103,77;67909,00;Provincia de Santa Fe;EDAD MAXIMA SOLICITADA EN MUJERES: 58 AÑOS - EDAD MAXIMA SOLICITADA EN HOMBRES: 63 AÑOS
55245;CUOTAFACIL SA;2026-04-22;PRESTAMOPERSONAL;CREDITO;Pesos;3000000;1000;1;0;0;100;20,00;Personas humanas en relación de dependencia;,00;2229,81;Fija;4011,03;13000,00;Todo el territorio nacional;
55245;CUOTAFACIL SA;2026-04-22;PRESTAMOPERSONAL;CREDITO;Pesos;800000;1000;12;0;0;100;20,00;Personas humanas en relación de dependencia;,00;1702,57;Fija;2955,91;2920,00;Todo el territorio nacional;
55245;CUOTAFACIL SA;2026-04-22;PRESTAMOPERSONAL;CREDITO;Pesos;1200000;1000;12;0;0;100;20,00;Personas humanas en relación de dependencia;,00;99,33;Fija;129,27;1245,00;Todo el territorio nacional;
55247;SOLVENTIA SA;2021-09-13;PRESTAMOS PERSONALES;ARGENCREDIT;Pesos;15000;1000;6;0;1;100;33,33;Personas humanas en relación de dependencia;,00;210,00;Fija;260,00;3799,00;Todo el territorio nacional;
55255;DINEFA S.R.L.;2022-06-10;ADELANTO DE EFECTIVO;ADELANTO;Pesos;50000;10000;6;22000;12;60;30,00;Todos los beneficiarios;,00;71,40;Fija;86,39;3110,00;Todo el territorio nacional;
55256;MSA CREDITOS S.A.;2023-08-04;MOTO ROMA;MOTO ROMA;Pesos;1020000;1000;36;15000;4;100;40,00;Todos los beneficiarios;10,00;294,28;Fija;416,09;1476,25;Todo el territorio nacional;
55256;MSA CREDITOS S.A.;2023-08-04;PLAN EMPRESAS;PLAN EMPRESAS;Pesos;1500000;1000;24;15000;4;100;40,00;Todos los beneficiarios;10,00;173,62;Fija;234,56;1162,62;Todo el territorio nacional;
55256;MSA CREDITOS S.A.;2023-08-04;MOTO B;MOTO B;Pesos;1500000;1000;36;15000;4;100;40,00;Todos los beneficiarios;10,00;367,21;Fija;530,67;1665,35;Todo el territorio nacional;
55256;MSA CREDITOS S.A.;2023-08-04;CELULAR B;CELULAR B;Pesos;440000;1000;24;15000;4;100;40,00;Todos los beneficiarios;10,00;468,52;Fija;694,78;1915,91;Todo el territorio nacional;
55256;MSA CREDITOS S.A.;2023-08-04;PLAN MODICA;PLAN MODICA;Pesos;1500000;1000;12;15000;4;100;40,00;Todos los beneficiarios;10,00;84,78;Fija;109,40;1215,93;Todo el territorio nacional;
55256;MSA CREDITOS S.A.;2023-08-04;R HOGAR;R HOGAR;Pesos;440000;1000;24;15000;4;100;40,00;Todos los beneficiarios;10,00;225,45;Fija;311,14;1328,95;Todo el territorio nacional;
55256;MSA CREDITOS S.A.;2023-08-04;MOTO A;MOTO A;Pesos;1500000;1000;36;15000;4;100;40,00;Todos los beneficiarios;10,00;367,21;Fija;530,67;1665,35;Todo el territorio nacional;
55256;MSA CREDITOS S.A.;2023-08-04;MOTO C;MOTO C;Pesos;1500000;1000;36;15000;4;100;40,00;Todos los beneficiarios;10,00;379,68;Fija;550,59;1695,11;Todo el territorio nacional;
55256;MSA CREDITOS S.A.;2023-08-04;CELULAR;CELULAR;Pesos;440000;1000;24;15000;4;100;40,00;Todos los beneficiarios;10,00;444,40;Fija;655,25;1867,91;Todo el territorio nacional;
55256;MSA CREDITOS S.A.;2023-08-04;MOTO PREMIUM;MOTO PREMIUM;Pesos;1500000;1000;36;15000;4;100;40,00;Todos los beneficiarios;10,00;303,74;Fija;430,76;1502,38;Todo el territorio nacional;
55256;MSA CREDITOS S.A.;2023-08-04;HOGAR A;HOGAR A;Pesos;440000;1000;24;15000;4;100;40,00;Todos los beneficiarios;10,00;398,97;Fija;581,56;1772,49;Todo el territorio nacional;
55256;MSA CREDITOS S.A.;2023-08-04;HOGAR B;HOGAR B;Pesos;440000;1000;24;15000;4;100;40,00;Todos los beneficiarios;10,00;412,22;Fija;602,94;1801,03;Todo el territorio nacional;
55256;MSA CREDITOS S.A.;2023-08-04;BLACK 2;BLACK 2;Pesos;1500000;1000;36;15000;4;100;40,00;Todos los beneficiarios;10,00;272,56;Fija;382,59;1414,17;Todo el territorio nacional;
55263;FINANCOMPRA S.A.;2026-07-02;PRESTAMO EFECTIVO NUEVO;EFECTIVO NUEVO;Pesos;20000;5000;12;12000;6;75;10,00;Todos los beneficiarios;,00;1834,28;Fija;1834,28;295265,00;Todo el territorio nacional;TASA FIJA EN PESOS TASA MENSUAL CON IVA 28 POR CIENTO PLAZO MAXIMO 12 MESES
55265;CRE-DIN S. A.;2022-03-07;NUEVOCATDEP;NCD;Pesos;50000;500;12;0;12;100;30,00;Personas humanas en relación de dependencia;,00;267,84;Fija;267,84;3065,33;Provincia de Catamarca;PERIODICIDAD DE VARIACION DE TASAS ANUAL BONIFICACION DE DIECISEIS PROCIENTO PARA PRODUCTOS DE SEIS Y DOCE CUOTAS PAGANDO EN TERMINO
55265;CRE-DIN S. A.;2022-03-07;RENOMENPUB;RMP;Pesos;50000;500;12;0;12;100;30,00;Empleados públicos;,00;248,34;Fija;248,34;2902,83;Provincia de Mendoza;PERIODICIDAD DE VARIACION DE TASAS ANUAL BONIFICACION DE DIECISEIS PROCIENTO PARA PRODUCTOS DE SEIS Y DOCE CUOTAS PAGANDO EN TERMINO
55265;CRE-DIN S. A.;2022-03-07;NUEVOCATMONO;NCM;Pesos;50000;500;12;0;12;100;30,00;Personas humanas Monotributistas;,00;267,84;Fija;267,84;3065,33;Provincia de Catamarca;PERIODICIDAD DE VARIACION DE TASAS ANUAL BONIFICACION DE DIECISEIS PROCIENTO PARA PRODUCTOS DE SEIS Y DOCE CUOTAS PAGANDO EN TERMINO
55265;CRE-DIN S. A.;2022-03-07;NUEVOMENSOC;NMS;Pesos;50000;500;12;0;12;100;30,00;Beneficiarios de cuentas de la seguridad social;,00;267,84;Fija;267,84;3065,33;Provincia de Mendoza;PERIODICIDAD DE VARIACION DE TASAS ANUAL BONIFICACION DE DIECISEIS PROCIENTO PARA PRODUCTOS DE SEIS Y DOCE CUOTAS PAGANDO EN TERMINO
55265;CRE-DIN S. A.;2022-03-07;PREMIUMCATSOC;PCS;Pesos;50000;500;12;0;12;100;30,00;Beneficiarios de cuentas de la seguridad social;,00;242,97;Fija;242,97;2858,08;Provincia de Catamarca;PERIODICIDAD DE VARIACION DE TASAS ANUAL BONIFICACION DE DIECISEIS PROCIENTO PARA PRODUCTOS DE SEIS Y DOCE CUOTAS PAGANDO EN TERMINO
55265;CRE-DIN S. A.;2022-03-07;PREMIUMMENPUB;PMP;Pesos;50000;500;12;0;12;100;30,00;Empleados públicos;,00;242,97;Fija;242,97;2858,08;Provincia de Mendoza;PERIODICIDAD DE VARIACION DE TASAS ANUAL BONIFICACION DE DIECISEIS PROCIENTO PARA PRODUCTOS DE SEIS Y DOCE CUOTAS PAGANDO EN TERMINO
55265;CRE-DIN S. A.;2022-03-07;PREMIUMACATSOC;PACS;Pesos;50000;500;12;0;12;100;30,00;Beneficiarios de cuentas de la seguridad social;,00;201,77;Fija;201,77;2514,75;Provincia de Catamarca;PERIODICIDAD DE VARIACION DE TASAS ANUAL BONIFICACION DE DIECISEIS PROCIENTO PARA PRODUCTOS DE SEIS Y DOCE CUOTAS PAGANDO EN TERMINO
55265;CRE-DIN S. A.;2022-03-07;BSASMONO;BSASM;Pesos;50000;500;12;0;12;100;30,00;Personas humanas Monotributistas;,00;230,32;Fija;230,32;2752,67;Provincia de Buenos Aires;PERIODICIDAD DE VARIACION DE TASAS ANUAL BONIFICACION DE DIECISEIS PROCIENTO PARA PRODUCTOS DE SEIS Y DOCE CUOTAS PAGANDO EN TERMINO
55265;CRE-DIN S. A.;2022-03-07;PREMIUMACATMONO;PACM;Pesos;50000;500;12;0;12;100;30,00;Personas humanas Monotributistas;,00;201,77;Fija;201,77;2514,75;Provincia de Catamarca;PERIODICIDAD DE VARIACION DE TASAS ANUAL BONIFICACION DE DIECISEIS PROCIENTO PARA PRODUCTOS DE SEIS Y DOCE CUOTAS PAGANDO EN TERMINO
55265;CRE-DIN S. A.;2022-03-07;PREMIUMMENMONO;PMM;Pesos;50000;500;12;0;12;100;30,00;Personas humanas Monotributistas;,00;242,97;Fija;242,97;2858,08;Provincia de Mendoza;PERIODICIDAD DE VARIACION DE TASAS ANUAL BONIFICACION DE DIECISEIS PROCIENTO PARA PRODUCTOS DE SEIS Y DOCE CUOTAS PAGANDO EN TERMINO
55265;CRE-DIN S. A.;2022-03-07;PREMIUMACATDEP;PACD;Pesos;50000;500;12;0;12;100;30,00;Personas humanas en relación de dependencia;,00;201,77;Fija;201,77;2514,75;Provincia de Catamarca;PERIODICIDAD DE VARIACION DE TASAS ANUAL BONIFICACION DE DIECISEIS PROCIENTO PARA PRODUCTOS DE SEIS Y DOCE CUOTAS PAGANDO EN TERMINO
55265;CRE-DIN S. A.;2022-03-07;PREMIUMAMENSOC;PAMS;Pesos;50000;500;12;0;12;100;30,00;Beneficiarios de cuentas de la seguridad social;,00;201,77;Fija;201,77;2514,75;Provincia de Mendoza;PERIODICIDAD DE VARIACION DE TASAS ANUAL BONIFICACION DE DIECISEIS PROCIENTO PARA PRODUCTOS DE SEIS Y DOCE CUOTAS PAGANDO EN TERMINO
55265;CRE-DIN S. A.;2022-03-07;NUEVOCATSOC;NCS;Pesos;50000;500;12;0;12;100;30,00;Beneficiarios de cuentas de la seguridad social;,00;267,84;Fija;267,84;3065,33;Provincia de Catamarca;PERIODICIDAD DE VARIACION DE TASAS ANUAL BONIFICACION DE DIECISEIS PROCIENTO PARA PRODUCTOS DE SEIS Y DOCE CUOTAS PAGANDO EN TERMINO
55265;CRE-DIN S. A.;2022-03-07;PREMIUMAMENDEP;PAMD;Pesos;50000;500;12;0;12;100;30,00;Personas humanas en relación de dependencia;,00;201,77;Fija;201,77;2514,75;Provincia de Mendoza;PERIODICIDAD DE VARIACION DE TASAS ANUAL BONIFICACION DE DIECISEIS PROCIENTO PARA PRODUCTOS DE SEIS Y DOCE CUOTAS PAGANDO EN TERMINO
55265;CRE-DIN S. A.;2022-03-07;PREMIUMCATMONO;PCM;Pesos;50000;500;12;0;12;100;30,00;Personas humanas Monotributistas;,00;242,97;Fija;242,97;2858,08;Provincia de Catamarca;PERIODICIDAD DE VARIACION DE TASAS ANUAL BONIFICACION DE DIECISEIS PROCIENTO PARA PRODUCTOS DE SEIS Y DOCE CUOTAS PAGANDO EN TERMINO
55265;CRE-DIN S. A.;2022-03-07;RENOMENSOC;RMS;Pesos;50000;500;12;0;12;100;30,00;Beneficiarios de cuentas de la seguridad social;,00;248,34;Fija;248,34;2902,83;Provincia de Mendoza;PERIODICIDAD DE VARIACION DE TASAS ANUAL BONIFICACION DE DIECISEIS PROCIENTO PARA PRODUCTOS DE SEIS Y DOCE CUOTAS PAGANDO EN TERMINO
55265;CRE-DIN S. A.;2022-03-07;PREMIUMACATPUB;PACP;Pesos;50000;500;12;0;12;100;30,00;Empleados públicos;,00;201,77;Fija;201,77;2514,75;Provincia de Catamarca;PERIODICIDAD DE VARIACION DE TASAS ANUAL BONIFICACION DE DIECISEIS PROCIENTO PARA PRODUCTOS DE SEIS Y DOCE CUOTAS PAGANDO EN TERMINO
55265;CRE-DIN S. A.;2022-03-07;PREMIUMAMENMONO;PAMM;Pesos;50000;500;12;0;12;100;30,00;Personas humanas Monotributistas;,00;201,77;Fija;201,77;2514,75;Provincia de Mendoza;PERIODICIDAD DE VARIACION DE TASAS ANUAL BONIFICACION DE DIECISEIS PROCIENTO PARA PRODUCTOS DE SEIS Y DOCE CUOTAS PAGANDO EN TERMINO
55265;CRE-DIN S. A.;2022-03-07;RENOCATMONO;RCM;Pesos;50000;500;12;0;12;100;30,00;Personas humanas Monotributistas;,00;248,34;Fija;248,34;2902,83;Provincia de Catamarca;PERIODICIDAD DE VARIACION DE TASAS ANUAL BONIFICACION DE DIECISEIS PROCIENTO PARA PRODUCTOS DE SEIS Y DOCE CUOTAS PAGANDO EN TERMINO
55265;CRE-DIN S. A.;2022-03-07;PREMIUMAMENPUB;PAMP;Pesos;50000;500;12;0;12;100;30,00;Empleados públicos;,00;201,77;Fija;201,77;2514,75;Provincia de Mendoza;PERIODICIDAD DE VARIACION DE TASAS ANUAL BONIFICACION DE DIECISEIS PROCIENTO PARA PRODUCTOS DE SEIS Y DOCE CUOTAS PAGANDO EN TERMINO
55265;CRE-DIN S. A.;2022-03-07;NUEVOCATPUB;NCP;Pesos;50000;500;12;0;12;100;30,00;Empleados públicos;,00;267,84;Fija;267,84;3065,33;Provincia de Catamarca;PERIODICIDAD DE VARIACION DE TASAS ANUAL BONIFICACION DE DIECISEIS PROCIENTO PARA PRODUCTOS DE SEIS Y DOCE CUOTAS PAGANDO EN TERMINO
55265;CRE-DIN S. A.;2022-03-07;RENOMENDEP;RMD;Pesos;50000;500;12;0;12;100;30,00;Personas humanas en relación de dependencia;,00;248,34;Fija;248,34;2902,83;Provincia de Mendoza;PERIODICIDAD DE VARIACION DE TASAS ANUAL BONIFICACION DE DIECISEIS PROCIENTO PARA PRODUCTOS DE SEIS Y DOCE CUOTAS PAGANDO EN TERMINO
55265;CRE-DIN S. A.;2022-03-07;RENOCATSOC;RCS;Pesos;50000;500;12;0;12;100;30,00;Beneficiarios de cuentas de la seguridad social;,00;248,34;Fija;248,34;2902,83;Provincia de Catamarca;PERIODICIDAD DE VARIACION DE TASAS ANUAL BONIFICACION DE DIECISEIS PROCIENTO PARA PRODUCTOS DE SEIS Y DOCE CUOTAS PAGANDO EN TERMINO
55265;CRE-DIN S. A.;2022-03-07;NUEVOMENMONO;NMM;Pesos;50000;500;12;0;12;100;30,00;Personas humanas Monotributistas;,00;267,84;Fija;267,84;3065,33;Provincia de Mendoza;PERIODICIDAD DE VARIACION DE TASAS ANUAL BONIFICACION DE DIECISEIS PROCIENTO PARA PRODUCTOS DE SEIS Y DOCE CUOTAS PAGANDO EN TERMINO
55265;CRE-DIN S. A.;2022-03-07;RENOCATPUB;RCP;Pesos;50000;500;12;0;12;100;30,00;Empleados públicos;,00;248,34;Fija;248,34;2902,83;Provincia de Catamarca;PERIODICIDAD DE VARIACION DE TASAS ANUAL BONIFICACION DE DIECISEIS PROCIENTO PARA PRODUCTOS DE SEIS Y DOCE CUOTAS PAGANDO EN TERMINO
55265;CRE-DIN S. A.;2022-03-07;NUEVOMENDEP;NMD;Pesos;50000;500;12;0;12;100;30,00;Personas humanas en relación de dependencia;,00;267,84;Fija;267,84;3065,33;Provincia de Mendoza;PERIODICIDAD DE VARIACION DE TASAS ANUAL BONIFICACION DE DIECISEIS PROCIENTO PARA PRODUCTOS DE SEIS Y DOCE CUOTAS PAGANDO EN TERMINO
55265;CRE-DIN S. A.;2022-03-07;PREMIUMCATDEP;PCD;Pesos;50000;500;12;0;12;100;30,00;Personas humanas en relación de dependencia;,00;242,97;Fija;242,97;2858,08;Provincia de Catamarca;PERIODICIDAD DE VARIACION DE TASAS ANUAL BONIFICACION DE DIECISEIS PROCIENTO PARA PRODUCTOS DE SEIS Y DOCE CUOTAS PAGANDO EN TERMINO
55265;CRE-DIN S. A.;2022-03-07;BSASPUB;BSASP;Pesos;50000;500;12;0;12;100;30,00;Empleados públicos;,00;230,32;Fija;230,32;2752,67;Provincia de Buenos Aires;PERIODICIDAD DE VARIACION DE TASAS ANUAL BONIFICACION DE DIECISEIS PROCIENTO PARA PRODUCTOS DE SEIS Y DOCE CUOTAS PAGANDO EN TERMINO
55265;CRE-DIN S. A.;2022-03-07;RENOCATDEP;RCD;Pesos;50000;500;12;0;12;100;30,00;Personas humanas en relación de dependencia;,00;248,34;Fija;248,34;2902,83;Provincia de Catamarca;PERIODICIDAD DE VARIACION DE TASAS ANUAL BONIFICACION DE DIECISEIS PROCIENTO PARA PRODUCTOS DE SEIS Y DOCE CUOTAS PAGANDO EN TERMINO
55265;CRE-DIN S. A.;2022-03-07;BSASSOC;BSASS;Pesos;50000;500;12;0;12;100;30,00;Beneficiarios de cuentas de la seguridad social;,00;230,32;Fija;230,32;2752,67;Provincia de Buenos Aires;PERIODICIDAD DE VARIACION DE TASAS ANUAL BONIFICACION DE DIECISEIS PROCIENTO PARA PRODUCTOS DE SEIS Y DOCE CUOTAS PAGANDO EN TERMINO
55265;CRE-DIN S. A.;2022-03-07;PREMIUMCATPUB;PCP;Pesos;50000;500;12;0;12;100;30,00;Empleados públicos;,00;242,97;Fija;242,97;2858,08;Provincia de Catamarca;PERIODICIDAD DE VARIACION DE TASAS ANUAL BONIFICACION DE DIECISEIS PROCIENTO PARA PRODUCTOS DE SEIS Y DOCE CUOTAS PAGANDO EN TERMINO
55265;CRE-DIN S. A.;2022-03-07;PREMIUMMENSOC;PMS;Pesos;50000;500;12;0;12;100;30,00;Beneficiarios de cuentas de la seguridad social;,00;242,97;Fija;242,97;2858,08;Provincia de Mendoza;PERIODICIDAD DE VARIACION DE TASAS ANUAL BONIFICACION DE DIECISEIS PROCIENTO PARA PRODUCTOS DE SEIS Y DOCE CUOTAS PAGANDO EN TERMINO
55265;CRE-DIN S. A.;2022-03-07;BSASDEP;BSASD;Pesos;50000;500;12;0;12;100;30,00;Personas humanas en relación de dependencia;,00;230,32;Fija;230,32;2752,67;Provincia de Buenos Aires;PERIODICIDAD DE VARIACION DE TASAS ANUAL BONIFICACION DE DIECISEIS PROCIENTO PARA PRODUCTOS DE SEIS Y DOCE CUOTAS PAGANDO EN TERMINO
55265;CRE-DIN S. A.;2022-03-07;RENOMENMONO;RMM;Pesos;50000;500;12;0;12;100;30,00;Personas humanas Monotributistas;,00;248,34;Fija;248,34;2902,83;Provincia de Mendoza;PERIODICIDAD DE VARIACION DE TASAS ANUAL BONIFICACION DE DIECISEIS PROCIENTO PARA PRODUCTOS DE SEIS Y DOCE CUOTAS PAGANDO EN TERMINO
55265;CRE-DIN S. A.;2022-03-07;NUEVOMENPUB;NMP;Pesos;50000;500;12;0;12;100;30,00;Empleados públicos;,00;267,84;Fija;267,84;3065,33;Provincia de Mendoza;PERIODICIDAD DE VARIACION DE TASAS ANUAL BONIFICACION DE DIECISEIS PROCIENTO PARA PRODUCTOS DE SEIS Y DOCE CUOTAS PAGANDO EN TERMINO
55265;CRE-DIN S. A.;2022-03-07;PREMIUMMENDEP;PMD;Pesos;50000;500;12;0;12;100;30,00;Personas humanas en relación de dependencia;,00;242,97;Fija;242,97;2858,08;Provincia de Mendoza;PERIODICIDAD DE VARIACION DE TASAS ANUAL BONIFICACION DE DIECISEIS PROCIENTO PARA PRODUCTOS DE SEIS Y DOCE CUOTAS PAGANDO EN TERMINO
55266;CRÉDITO DEL VALLE S.A.;2022-03-07;RENORINMONO;RRM;Pesos;50000;500;12;0;12;100;30,00;Personas humanas Monotributistas;,00;250,77;Fija;250,77;2923,08;Provincia de Río Negro;PERIODICIDAD DE VARIACION DE TASAS ANUAL BONIFICACION DE DIECISEIS PROCIENTO PARA PRODUCTOS DE SEIS Y DOCE CUOTAS PAGANDO EN TERMINO
55266;CRÉDITO DEL VALLE S.A.;2022-03-07;PREMIUMANEUMONO;PANM;Pesos;50000;500;12;0;12;100;30,00;Personas humanas Monotributistas;,00;202,36;Fija;202,36;2519,67;Provincia del Neuquén;PERIODICIDAD DE VARIACION DE TASAS ANUAL BONIFICACION DE DIECISEIS PROCIENTO PARA PRODUCTOS DE SEIS Y DOCE CUOTAS PAGANDO EN TERMINO
55266;CRÉDITO DEL VALLE S.A.;2022-03-07;PREMIUMMENPUB;PMP;Pesos;50000;500;12;0;12;100;30,00;Empleados públicos;,00;237,12;Fija;237,12;2809,33;Provincia de Mendoza;PERIODICIDAD DE VARIACION DE TASAS ANUAL BONIFICACION DE DIECISEIS PROCIENTO PARA PRODUCTOS DE SEIS Y DOCE CUOTAS PAGANDO EN TERMINO
55266;CRÉDITO DEL VALLE S.A.;2022-03-07;NUEVOSALPUB;NSP;Pesos;50000;500;12;0;12;100;30,00;Empleados públicos;,00;255,76;Fija;255,76;2964,67;Provincia de Salta;PERIODICIDAD DE VARIACION DE TASAS ANUAL BONIFICACION DE DIECISEIS PROCIENTO PARA PRODUCTOS DE SEIS Y DOCE CUOTAS PAGANDO EN TERMINO
55266;CRÉDITO DEL VALLE S.A.;2022-03-07;NUEVONEUSOC;NNS;Pesos;50000;500;12;0;12;100;30,00;Beneficiarios de cuentas de la seguridad social;,00;255,76;Fija;255,76;2964,67;Provincia del Neuquén;PERIODICIDAD DE VARIACION DE TASAS ANUAL BONIFICACION DE DIECISEIS PROCIENTO PARA PRODUCTOS DE SEIS Y DOCE CUOTAS PAGANDO EN TERMINO
55266;CRÉDITO DEL VALLE S.A.;2022-03-07;RENONEUTDEP;RND;Pesos;50000;500;12;0;12;100;30,00;Personas humanas en relación de dependencia;,00;250,77;Fija;250,77;2923,08;Provincia del Neuquén;PERIODICIDAD DE VARIACION DE TASAS ANUAL BONIFICACION DE DIECISEIS PROCIENTO PARA PRODUCTOS DE SEIS Y DOCE CUOTAS PAGANDO EN TERMINO
55266;CRÉDITO DEL VALLE S.A.;2022-03-07;NUEVORINDEP;NRD;Pesos;50000;500;12;0;12;100;30,00;Personas humanas en relación de dependencia;,00;255,76;Fija;255,76;2964,67;Provincia de Río Negro;PERIODICIDAD DE VARIACION DE TASAS ANUAL BONIFICACION DE DIECISEIS PROCIENTO PARA PRODUCTOS DE SEIS Y DOCE CUOTAS PAGANDO EN TERMINO
55266;CRÉDITO DEL VALLE S.A.;2022-03-07;PREMIUMRINMONO;PRM;Pesos;50000;500;12;0;12;100;30,00;Personas humanas Monotributistas;,00;237,12;Fija;237,12;2809,33;Provincia de Río Negro;PERIODICIDAD DE VARIACION DE TASAS ANUAL BONIFICACION DE DIECISEIS PROCIENTO PARA PRODUCTOS DE SEIS Y DOCE CUOTAS PAGANDO EN TERMINO
55266;CRÉDITO DEL VALLE S.A.;2022-03-07;PREMIUMAMENSOC;PAMS;Pesos;50000;500;12;0;12;100;30,00;Beneficiarios de cuentas de la seguridad social;,00;202,36;Fija;202,36;2519,67;Provincia de Mendoza;PERIODICIDAD DE VARIACION DE TASAS ANUAL BONIFICACION DE DIECISEIS PROCIENTO PARA PRODUCTOS DE SEIS Y DOCE CUOTAS PAGANDO EN TERMINO
55266;CRÉDITO DEL VALLE S.A.;2022-03-07;RENOMENMONO;RMM;Pesos;50000;500;12;0;12;100;30,00;Personas humanas Monotributistas;,00;250,77;Fija;250,77;2923,08;Provincia de Mendoza;PERIODICIDAD DE VARIACION DE TASAS ANUAL BONIFICACION DE DIECISEIS PROCIENTO PARA PRODUCTOS DE SEIS Y DOCE CUOTAS PAGANDO EN TERMINO
55266;CRÉDITO DEL VALLE S.A.;2022-03-07;PREMIUMARINSOC;PARS;Pesos;50000;500;12;0;12;100;30,00;Beneficiarios de cuentas de la seguridad social;,00;202,36;Fija;202,36;2519,67;Provincia de Río Negro;PERIODICIDAD DE VARIACION DE TASAS ANUAL BONIFICACION DE DIECISEIS PROCIENTO PARA PRODUCTOS DE SEIS Y DOCE CUOTAS PAGANDO EN TERMINO
55266;CRÉDITO DEL VALLE S.A.;2022-03-07;NUEVOMENDEP;NMD;Pesos;50000;500;12;0;12;100;30,00;Personas humanas en relación de dependencia;,00;255,76;Fija;255,76;2964,67;Provincia de Mendoza;PERIODICIDAD DE VARIACION DE TASAS ANUAL BONIFICACION DE DIECISEIS PROCIENTO PARA PRODUCTOS DE SEIS Y DOCE CUOTAS PAGANDO EN TERMINO
55266;CRÉDITO DEL VALLE S.A.;2022-03-07;NUEVONEUPUB;NNP;Pesos;50000;500;12;0;12;100;30,00;Empleados públicos;,00;255,76;Fija;255,76;2964,67;Provincia del Neuquén;PERIODICIDAD DE VARIACION DE TASAS ANUAL BONIFICACION DE DIECISEIS PROCIENTO PARA PRODUCTOS DE SEIS Y DOCE CUOTAS PAGANDO EN TERMINO
55266;CRÉDITO DEL VALLE S.A.;2022-03-07;RENOMENPUB;RMP;Pesos;50000;500;12;0;12;100;30,00;Empleados públicos;,00;250,77;Fija;250,77;2923,08;Provincia de Mendoza;PERIODICIDAD DE VARIACION DE TASAS ANUAL BONIFICACION DE DIECISEIS PROCIENTO PARA PRODUCTOS DE SEIS Y DOCE CUOTAS PAGANDO EN TERMINO
55266;CRÉDITO DEL VALLE S.A.;2022-03-07;PREMIUMASALSOC;PASS;Pesos;50000;500;12;0;12;100;30,00;Beneficiarios de cuentas de la seguridad social;,00;202,36;Fija;202,36;2519,67;Provincia de Salta;PERIODICIDAD DE VARIACION DE TASAS ANUAL BONIFICACION DE DIECISEIS PROCIENTO PARA PRODUCTOS DE SEIS Y DOCE CUOTAS PAGANDO EN TERMINO
55266;CRÉDITO DEL VALLE S.A.;2022-03-07;NUEVOMENMONO;NMM;Pesos;50000;500;12;0;12;100;30,00;Personas humanas Monotributistas;,00;255,76;Fija;255,76;2964,67;Provincia de Mendoza;PERIODICIDAD DE VARIACION DE TASAS ANUAL BONIFICACION DE DIECISEIS PROCIENTO PARA PRODUCTOS DE SEIS Y DOCE CUOTAS PAGANDO EN TERMINO
55266;CRÉDITO DEL VALLE S.A.;2022-03-07;PREMIUMSALPUB;PSP;Pesos;50000;500;12;0;12;100;30,00;Empleados públicos;,00;237,12;Fija;237,12;2809,33;Provincia de Salta;PERIODICIDAD DE VARIACION DE TASAS ANUAL BONIFICACION DE DIECISEIS PROCIENTO PARA PRODUCTOS DE SEIS Y DOCE CUOTAS PAGANDO EN TERMINO
55266;CRÉDITO DEL VALLE S.A.;2022-03-07;RENOSALPUB;RSP;Pesos;50000;500;12;0;12;100;30,00;Empleados públicos;,00;250,77;Fija;250,77;2923,08;Provincia de Salta;PERIODICIDAD DE VARIACION DE TASAS ANUAL BONIFICACION DE DIECISEIS PROCIENTO PARA PRODUCTOS DE SEIS Y DOCE CUOTAS PAGANDO EN TERMINO
55266;CRÉDITO DEL VALLE S.A.;2022-03-07;RENONEUMONO;RNM;Pesos;50000;500;12;0;12;100;30,00;Personas humanas Monotributistas;,00;250,77;Fija;250,77;2923,08;Provincia del Neuquén;PERIODICIDAD DE VARIACION DE TASAS ANUAL BONIFICACION DE DIECISEIS PROCIENTO PARA PRODUCTOS DE SEIS Y DOCE CUOTAS PAGANDO EN TERMINO
55266;CRÉDITO DEL VALLE S.A.;2022-03-07;RENOMENDEP;RMS;Pesos;50000;500;12;0;12;100;30,00;Personas humanas en relación de dependencia;,00;250,77;Fija;250,77;2923,08;Provincia de Mendoza;PERIODICIDAD DE VARIACION DE TASAS ANUAL BONIFICACION DE DIECISEIS PROCIENTO PARA PRODUCTOS DE SEIS Y DOCE CUOTAS PAGANDO EN TERMINO
55266;CRÉDITO DEL VALLE S.A.;2022-03-07;NUEVOSALTDEP;NSD;Pesos;50000;500;12;0;12;100;30,00;Personas humanas en relación de dependencia;,00;255,76;Fija;255,76;2964,67;Provincia de Salta;PERIODICIDAD DE VARIACION DE TASAS ANUAL BONIFICACION DE DIECISEIS PROCIENTO PARA PRODUCTOS DE SEIS Y DOCE CUOTAS PAGANDO EN TERMINO
55266;CRÉDITO DEL VALLE S.A.;2022-03-07;PREMIUMAMENPUB;PAMP;Pesos;50000;500;12;0;12;100;30,00;Empleados públicos;,00;202,36;Fija;202,36;2519,67;Provincia de Mendoza;PERIODICIDAD DE VARIACION DE TASAS ANUAL BONIFICACION DE DIECISEIS PROCIENTO PARA PRODUCTOS DE SEIS Y DOCE CUOTAS PAGANDO EN TERMINO
55266;CRÉDITO DEL VALLE S.A.;2022-03-07;RENOSALTDEP;RSD;Pesos;50000;500;12;0;12;100;30,00;Personas humanas en relación de dependencia;,00;250,77;Fija;250,77;2923,08;Provincia de Salta;PERIODICIDAD DE VARIACION DE TASAS ANUAL BONIFICACION DE DIECISEIS PROCIENTO PARA PRODUCTOS DE SEIS Y DOCE CUOTAS PAGANDO EN TERMINO
55266;CRÉDITO DEL VALLE S.A.;2022-03-07;PREMIUMSALSOC;PSS;Pesos;50000;500;12;0;12;100;30,00;Beneficiarios de cuentas de la seguridad social;,00;237,12;Fija;237,12;2809,33;Provincia de Salta;PERIODICIDAD DE VARIACION DE TASAS ANUAL BONIFICACION DE DIECISEIS PROCIENTO PARA PRODUCTOS DE SEIS Y DOCE CUOTAS PAGANDO EN TERMINO
55266;CRÉDITO DEL VALLE S.A.;2022-03-07;PREMIUMSALMONO;PSM;Pesos;50000;500;12;0;12;100;30,00;Personas humanas Monotributistas;,00;237,12;Fija;237,12;2809,33;Provincia de Salta;PERIODICIDAD DE VARIACION DE TASAS ANUAL BONIFICACION DE DIECISEIS PROCIENTO PARA PRODUCTOS DE SEIS Y DOCE CUOTAS PAGANDO EN TERMINO
55266;CRÉDITO DEL VALLE S.A.;2022-03-07;NUEVONEUMONO;NNM;Pesos;50000;500;12;0;12;100;30,00;Personas humanas Monotributistas;,00;255,76;Fija;255,76;2964,67;Provincia del Neuquén;PERIODICIDAD DE VARIACION DE TASAS ANUAL BONIFICACION DE DIECISEIS PROCIENTO PARA PRODUCTOS DE SEIS Y DOCE CUOTAS PAGANDO EN TERMINO
55266;CRÉDITO DEL VALLE S.A.;2022-03-07;PREMIUMASALTDEP;PASD;Pesos;50000;500;12;0;12;100;30,00;Personas humanas en relación de dependencia;,00;202,36;Fija;202,36;2519,67;Provincia de Salta;PERIODICIDAD DE VARIACION DE TASAS ANUAL BONIFICACION DE DIECISEIS PROCIENTO PARA PRODUCTOS DE SEIS Y DOCE CUOTAS PAGANDO EN TERMINO
55266;CRÉDITO DEL VALLE S.A.;2022-03-07;NUEVOSALMONO;NSM;Pesos;50000;500;12;0;12;100;30,00;Personas humanas Monotributistas;,00;255,76;Fija;255,76;2964,67;Provincia de Salta;PERIODICIDAD DE VARIACION DE TASAS ANUAL BONIFICACION DE DIECISEIS PROCIENTO PARA PRODUCTOS DE SEIS Y DOCE CUOTAS PAGANDO EN TERMINO
55266;CRÉDITO DEL VALLE S.A.;2022-03-07;RENOMENSOC;RMS;Pesos;50000;500;12;0;12;100;30,00;Beneficiarios de cuentas de la seguridad social;,00;250,77;Fija;250,77;2923,08;Provincia de Mendoza;PERIODICIDAD DE VARIACION DE TASAS ANUAL BONIFICACION DE DIECISEIS PROCIENTO PARA PRODUCTOS DE SEIS Y DOCE CUOTAS PAGANDO EN TERMINO
55266;CRÉDITO DEL VALLE S.A.;2022-03-07;NUEVOSALSOC;NSS;Pesos;50000;500;12;0;12;100;30,00;Beneficiarios de cuentas de la seguridad social;,00;255,76;Fija;255,76;2964,67;Provincia de Salta;PERIODICIDAD DE VARIACION DE TASAS ANUAL BONIFICACION DE DIECISEIS PROCIENTO PARA PRODUCTOS DE SEIS Y DOCE CUOTAS PAGANDO EN TERMINO
55266;CRÉDITO DEL VALLE S.A.;2022-03-07;NUEVOMENPUB;NMP;Pesos;50000;500;12;0;12;100;30,00;Empleados públicos;,00;255,76;Fija;255,76;2964,67;Provincia de Mendoza;PERIODICIDAD DE VARIACION DE TASAS ANUAL BONIFICACION DE DIECISEIS PROCIENTO PARA PRODUCTOS DE SEIS Y DOCE CUOTAS PAGANDO EN TERMINO
55266;CRÉDITO DEL VALLE S.A.;2022-03-07;PREMIUMASALMONO;PASM;Pesos;50000;500;12;0;12;100;30,00;Personas humanas Monotributistas;,00;202,36;Fija;202,36;2519,67;Provincia de Salta;PERIODICIDAD DE VARIACION DE TASAS ANUAL BONIFICACION DE DIECISEIS PROCIENTO PARA PRODUCTOS DE SEIS Y DOCE CUOTAS PAGANDO EN TERMINO
55266;CRÉDITO DEL VALLE S.A.;2022-03-07;RENONEUPUB;RNP;Pesos;50000;500;12;0;12;100;30,00;Empleados públicos;,00;250,77;Fija;250,77;2923,08;Provincia del Neuquén;PERIODICIDAD DE VARIACION DE TASAS ANUAL BONIFICACION DE DIECISEIS PROCIENTO PARA PRODUCTOS DE SEIS Y DOCE CUOTAS PAGANDO EN TERMINO
55266;CRÉDITO DEL VALLE S.A.;2022-03-07;RENOSALMONO;RSM;Pesos;50000;500;12;0;12;100;30,00;Personas humanas Monotributistas;,00;250,77;Fija;250,77;2923,08;Provincia de Salta;PERIODICIDAD DE VARIACION DE TASAS ANUAL BONIFICACION DE DIECISEIS PROCIENTO PARA PRODUCTOS DE SEIS Y DOCE CUOTAS PAGANDO EN TERMINO
55266;CRÉDITO DEL VALLE S.A.;2022-03-07;RENOSALSOC;RSS;Pesos;50000;500;12;0;12;100;30,00;Beneficiarios de cuentas de la seguridad social;,00;250,77;Fija;250,77;2923,08;Provincia de Salta;PERIODICIDAD DE VARIACION DE TASAS ANUAL BONIFICACION DE DIECISEIS PROCIENTO PARA PRODUCTOS DE SEIS Y DOCE CUOTAS PAGANDO EN TERMINO
55266;CRÉDITO DEL VALLE S.A.;2022-03-07;PREMIUMSALTDEP;PSD;Pesos;50000;500;12;0;12;100;30,00;Personas humanas en relación de dependencia;,00;237,12;Fija;237,12;2809,33;Provincia de Salta;PERIODICIDAD DE VARIACION DE TASAS ANUAL BONIFICACION DE DIECISEIS PROCIENTO PARA PRODUCTOS DE SEIS Y DOCE CUOTAS PAGANDO EN TERMINO
55266;CRÉDITO DEL VALLE S.A.;2022-03-07;NUEVOMENSOC;NMS;Pesos;50000;500;12;0;12;100;30,00;Beneficiarios de cuentas de la seguridad social;,00;255,76;Fija;255,76;2964,67;Provincia de Mendoza;PERIODICIDAD DE VARIACION DE TASAS ANUAL BONIFICACION DE DIECISEIS PROCIENTO PARA PRODUCTOS DE SEIS Y DOCE CUOTAS PAGANDO EN TERMINO
55266;CRÉDITO DEL VALLE S.A.;2022-03-07;PREMIUMASALPUB;PASP;Pesos;50000;500;12;0;12;100;30,00;Empleados públicos;,00;202,36;Fija;202,36;2519,67;Provincia de Salta;PERIODICIDAD DE VARIACION DE TASAS ANUAL BONIFICACION DE DIECISEIS PROCIENTO PARA PRODUCTOS DE SEIS Y DOCE CUOTAS PAGANDO EN TERMINO
55266;CRÉDITO DEL VALLE S.A.;2022-03-07;RENORINPUB;RRP;Pesos;50000;500;12;0;12;100;30,00;Empleados públicos;,00;250,77;Fija;250,77;2923,08;Provincia de Río Negro;PERIODICIDAD DE VARIACION DE TASAS ANUAL BONIFICACION DE DIECISEIS PROCIENTO PARA PRODUCTOS DE SEIS Y DOCE CUOTAS PAGANDO EN TERMINO
55266;CRÉDITO DEL VALLE S.A.;2022-03-07;PREMIUMAMENMONO;PAMM;Pesos;50000;500;12;0;12;100;30,00;Personas humanas Monotributistas;,00;202,36;Fija;202,36;2519,67;Provincia de Mendoza;PERIODICIDAD DE VARIACION DE TASAS ANUAL BONIFICACION DE DIECISEIS PROCIENTO PARA PRODUCTOS DE SEIS Y DOCE CUOTAS PAGANDO EN TERMINO
55266;CRÉDITO DEL VALLE S.A.;2022-03-07;NUEVONEUTDEP;NND;Pesos;50000;500;12;0;12;100;30,00;Personas humanas en relación de dependencia;,00;255,76;Fija;255,76;2964,67;Provincia del Neuquén;PERIODICIDAD DE VARIACION DE TASAS ANUAL BONIFICACION DE DIECISEIS PROCIENTO PARA PRODUCTOS DE SEIS Y DOCE CUOTAS PAGANDO EN TERMINO
55266;CRÉDITO DEL VALLE S.A.;2022-03-07;PREMIUMRINPUB;PRP;Pesos;50000;500;12;0;12;100;30,00;Empleados públicos;,00;237,12;Fija;237,12;2809,33;Provincia de Río Negro;PERIODICIDAD DE VARIACION DE TASAS ANUAL BONIFICACION DE DIECISEIS PROCIENTO PARA PRODUCTOS DE SEIS Y DOCE CUOTAS PAGANDO EN TERMINO
55266;CRÉDITO DEL VALLE S.A.;2022-03-07;PREMIUMMENMONO;PMM;Pesos;50000;500;12;0;12;100;30,00;Personas humanas Monotributistas;,00;237,12;Fija;237,12;2809,33;Provincia de Mendoza;PERIODICIDAD DE VARIACION DE TASAS ANUAL BONIFICACION DE DIECISEIS PROCIENTO PARA PRODUCTOS DE SEIS Y DOCE CUOTAS PAGANDO EN TERMINO
55266;CRÉDITO DEL VALLE S.A.;2022-03-07;PREMIUMNEUSOC;PNS;Pesos;50000;500;12;0;12;100;30,00;Beneficiarios de cuentas de la seguridad social;,00;237,12;Fija;237,12;2809,33;Provincia del Neuquén;PERIODICIDAD DE VARIACION DE TASAS ANUAL BONIFICACION DE DIECISEIS PROCIENTO PARA PRODUCTOS DE SEIS Y DOCE CUOTAS PAGANDO EN TERMINO
55266;CRÉDITO DEL VALLE S.A.;2022-03-07;RENORINSOC;RRS;Pesos;50000;500;12;0;12;100;30,00;Beneficiarios de cuentas de la seguridad social;,00;250,77;Fija;250,77;2923,08;Provincia de Río Negro;PERIODICIDAD DE VARIACION DE TASAS ANUAL BONIFICACION DE DIECISEIS PROCIENTO PARA PRODUCTOS DE SEIS Y DOCE CUOTAS PAGANDO EN TERMINO
55266;CRÉDITO DEL VALLE S.A.;2022-03-07;PREMIUMMENDEP;PMD;Pesos;50000;500;12;0;12;100;30,00;Personas humanas en relación de dependencia;,00;237,12;Fija;237,12;2809,33;Provincia de Mendoza;PERIODICIDAD DE VARIACION DE TASAS ANUAL BONIFICACION DE DIECISEIS PROCIENTO PARA PRODUCTOS DE SEIS Y DOCE CUOTAS PAGANDO EN TERMINO
55266;CRÉDITO DEL VALLE S.A.;2022-03-07;PREMIUMNEUMONO;PNM;Pesos;50000;500;12;0;12;100;30,00;Personas humanas Monotributistas;,00;237,12;Fija;237,12;2809,33;Provincia del Neuquén;PERIODICIDAD DE VARIACION DE TASAS ANUAL BONIFICACION DE DIECISEIS PROCIENTO PARA PRODUCTOS DE SEIS Y DOCE CUOTAS PAGANDO EN TERMINO
55266;CRÉDITO DEL VALLE S.A.;2022-03-07;PREMIUMARINPUB;PARP;Pesos;50000;500;12;0;12;100;30,00;Empleados públicos;,00;202,36;Fija;202,36;2519,67;Provincia de Río Negro;PERIODICIDAD DE VARIACION DE TASAS ANUAL BONIFICACION DE DIECISEIS PROCIENTO PARA PRODUCTOS DE SEIS Y DOCE CUOTAS PAGANDO EN TERMINO
55266;CRÉDITO DEL VALLE S.A.;2022-03-07;PREMIUMRINSOC;PRS;Pesos;50000;500;12;0;12;100;30,00;Beneficiarios de cuentas de la seguridad social;,00;237,12;Fija;237,12;2809,33;Provincia de Río Negro;PERIODICIDAD DE VARIACION DE TASAS ANUAL BONIFICACION DE DIECISEIS PROCIENTO PARA PRODUCTOS DE SEIS Y DOCE CUOTAS PAGANDO EN TERMINO
55266;CRÉDITO DEL VALLE S.A.;2022-03-07;PREMIUMMENSOC;PMS;Pesos;50000;500;12;0;12;100;30,00;Beneficiarios de cuentas de la seguridad social;,00;237,12;Fija;237,12;2809,33;Provincia de Mendoza;PERIODICIDAD DE VARIACION DE TASAS ANUAL BONIFICACION DE DIECISEIS PROCIENTO PARA PRODUCTOS DE SEIS Y DOCE CUOTAS PAGANDO EN TERMINO
55266;CRÉDITO DEL VALLE S.A.;2022-03-07;PREMIUMARINDEP;PARD;Pesos;50000;500;12;0;12;100;30,00;Personas humanas en relación de dependencia;,00;202,36;Fija;202,36;2519,67;Provincia de Río Negro;PERIODICIDAD DE VARIACION DE TASAS ANUAL BONIFICACION DE DIECISEIS PROCIENTO PARA PRODUCTOS DE SEIS Y DOCE CUOTAS PAGANDO EN TERMINO
55266;CRÉDITO DEL VALLE S.A.;2022-03-07;PREMIUMAMENDEP;PAMD;Pesos;50000;500;12;0;12;100;30,00;Personas humanas en relación de dependencia;,00;202,36;Fija;202,36;2519,67;Provincia de Mendoza;PERIODICIDAD DE VARIACION DE TASAS ANUAL BONIFICACION DE DIECISEIS PROCIENTO PARA PRODUCTOS DE SEIS Y DOCE CUOTAS PAGANDO EN TERMINO
55266;CRÉDITO DEL VALLE S.A.;2022-03-07;NUEVORINPUB;NRP;Pesos;50000;500;12;0;12;100;30,00;Empleados públicos;,00;255,76;Fija;255,76;2964,67;Provincia de Río Negro;PERIODICIDAD DE VARIACION DE TASAS ANUAL BONIFICACION DE DIECISEIS PROCIENTO PARA PRODUCTOS DE SEIS Y DOCE CUOTAS PAGANDO EN TERMINO
55266;CRÉDITO DEL VALLE S.A.;2022-03-07;PREMIUMARINMONO;PARM;Pesos;50000;500;12;0;12;100;30,00;Personas humanas Monotributistas;,00;202,36;Fija;202,36;2519,67;Provincia de Río Negro;PERIODICIDAD DE VARIACION DE TASAS ANUAL BONIFICACION DE DIECISEIS PROCIENTO PARA PRODUCTOS DE SEIS Y DOCE CUOTAS PAGANDO EN TERMINO
55266;CRÉDITO DEL VALLE S.A.;2022-03-07;NUEVORINSOC;NRS;Pesos;50000;500;12;0;12;100;30,00;Beneficiarios de cuentas de la seguridad social;,00;255,76;Fija;255,76;2964,67;Provincia de Río Negro;PERIODICIDAD DE VARIACION DE TASAS ANUAL BONIFICACION DE DIECISEIS PROCIENTO PARA PRODUCTOS DE SEIS Y DOCE CUOTAS PAGANDO EN TERMINO
55266;CRÉDITO DEL VALLE S.A.;2022-03-07;RENORINDEP;RRD;Pesos;50000;500;12;0;12;100;30,00;Personas humanas en relación de dependencia;,00;250,77;Fija;250,77;2923,08;Provincia de Río Negro;PERIODICIDAD DE VARIACION DE TASAS ANUAL BONIFICACION DE DIECISEIS PROCIENTO PARA PRODUCTOS DE SEIS Y DOCE CUOTAS PAGANDO EN TERMINO
55266;CRÉDITO DEL VALLE S.A.;2022-03-07;PREMIUMNEUTDEP;PND;Pesos;50000;500;12;0;12;100;30,00;Personas humanas en relación de dependencia;,00;237,12;Fija;237,12;2809,33;Provincia del Neuquén;PERIODICIDAD DE VARIACION DE TASAS ANUAL BONIFICACION DE DIECISEIS PROCIENTO PARA PRODUCTOS DE SEIS Y DOCE CUOTAS PAGANDO EN TERMINO
55266;CRÉDITO DEL VALLE S.A.;2022-03-07;PREMIUMANEUPUB;PANP;Pesos;50000;500;12;0;12;100;30,00;Empleados públicos;,00;202,36;Fija;202,36;2519,67;Provincia del Neuquén;PERIODICIDAD DE VARIACION DE TASAS ANUAL BONIFICACION DE DIECISEIS PROCIENTO PARA PRODUCTOS DE SEIS Y DOCE CUOTAS PAGANDO EN TERMINO
55266;CRÉDITO DEL VALLE S.A.;2022-03-07;PREMIUMRINDEP;PRD;Pesos;50000;500;12;0;12;100;30,00;Personas humanas en relación de dependencia;,00;237,12;Fija;237,12;2809,33;Provincia de Río Negro;PERIODICIDAD DE VARIACION DE TASAS ANUAL BONIFICACION DE DIECISEIS PROCIENTO PARA PRODUCTOS DE SEIS Y DOCE CUOTAS PAGANDO EN TERMINO
55266;CRÉDITO DEL VALLE S.A.;2022-03-07;PREMIUMANEUTDEP;PAND;Pesos;50000;500;12;0;12;100;30,00;Personas humanas en relación de dependencia;,00;202,36;Fija;202,36;2519,67;Provincia del Neuquén;PERIODICIDAD DE VARIACION DE TASAS ANUAL BONIFICACION DE DIECISEIS PROCIENTO PARA PRODUCTOS DE SEIS Y DOCE CUOTAS PAGANDO EN TERMINO
55266;CRÉDITO DEL VALLE S.A.;2022-03-07;PREMIUMNEUPUB;PNP;Pesos;50000;500;12;0;12;100;30,00;Empleados públicos;,00;237,12;Fija;237,12;2809,33;Provincia del Neuquén;PERIODICIDAD DE VARIACION DE TASAS ANUAL BONIFICACION DE DIECISEIS PROCIENTO PARA PRODUCTOS DE SEIS Y DOCE CUOTAS PAGANDO EN TERMINO
55266;CRÉDITO DEL VALLE S.A.;2022-03-07;RENONEUSOC;RNS;Pesos;50000;500;12;0;12;100;30,00;Beneficiarios de cuentas de la seguridad social;,00;250,77;Fija;250,77;2923,08;Provincia del Neuquén;PERIODICIDAD DE VARIACION DE TASAS ANUAL BONIFICACION DE DIECISEIS PROCIENTO PARA PRODUCTOS DE SEIS Y DOCE CUOTAS PAGANDO EN TERMINO
55266;CRÉDITO DEL VALLE S.A.;2022-03-07;PREMIUMANEUSOC;PANS;Pesos;50000;500;12;0;12;100;30,00;Beneficiarios de cuentas de la seguridad social;,00;202,36;Fija;202,36;2519,67;Provincia del Neuquén;PERIODICIDAD DE VARIACION DE TASAS ANUAL BONIFICACION DE DIECISEIS PROCIENTO PARA PRODUCTOS DE SEIS Y DOCE CUOTAS PAGANDO EN TERMINO
55266;CRÉDITO DEL VALLE S.A.;2022-03-07;NUEVORINMONO;NRM;Pesos;50000;500;12;0;12;100;30,00;Personas humanas Monotributistas;,00;255,76;Fija;255,76;2964,67;Provincia de Río Negro;PERIODICIDAD DE VARIACION DE TASAS ANUAL BONIFICACION DE DIECISEIS PROCIENTO PARA PRODUCTOS DE SEIS Y DOCE CUOTAS PAGANDO EN TERMINO
55267;ACUATRO S.A.;2022-03-07;NUEVOTUCDEP;NTD;Pesos;50000;500;12;0;12;100;30,00;Personas humanas en relación de dependencia;,00;250,93;Fija;250,93;2924,42;Provincia de Tucumán;PERIODICIDAD DE VARIACION DE TASAS ANUAL BONIFICACION DE DIECISEIS PROCIENTO PARA PRODUCTOS DE SEIS Y DOCE CUOTAS PAGANDO EN TERMINO
55267;ACUATRO S.A.;2022-03-07;NUEVOTUCSOC;NTS;Pesos;50000;500;12;0;12;100;30,00;Beneficiarios de cuentas de la seguridad social;,00;250,93;Fija;250,93;2924,42;Provincia de Tucumán;PERIODICIDAD DE VARIACION DE TASAS ANUAL BONIFICACION DE DIECISEIS PROCIENTO PARA PRODUCTOS DE SEIS Y DOCE CUOTAS PAGANDO EN TERMINO
55267;ACUATRO S.A.;2022-03-07;PREMIUMATUCDEP;PATD;Pesos;50000;500;12;0;12;100;30,00;Personas humanas en relación de dependencia;,00;193,93;Fija;193,93;2449,42;Provincia de Tucumán;PERIODICIDAD DE VARIACION DE TASAS ANUAL BONIFICACION DE DIECISEIS PROCIENTO PARA PRODUCTOS DE SEIS Y DOCE CUOTAS PAGANDO EN TERMINO
55267;ACUATRO S.A.;2022-03-07;RENOTUCPUB;RTP;Pesos;50000;500;12;0;12;100;30,00;Empleados públicos;,00;243,34;Fija;243,34;2861,17;Provincia de Tucumán;PERIODICIDAD DE VARIACION DE TASAS ANUAL BONIFICACION DE DIECISEIS PROCIENTO PARA PRODUCTOS DE SEIS Y DOCE CUOTAS PAGANDO EN TERMINO
55267;ACUATRO S.A.;2022-03-07;PREMIUMTUCSOC;PTS;Pesos;50000;500;12;0;12;100;30,00;Beneficiarios de cuentas de la seguridad social;,00;230,08;Fija;230,08;2750,67;Provincia de Tucumán;PERIODICIDAD DE VARIACION DE TASAS ANUAL BONIFICACION DE DIECISEIS PROCIENTO PARA PRODUCTOS DE SEIS Y DOCE CUOTAS PAGANDO EN TERMINO
55267;ACUATRO S.A.;2022-03-07;PREMIUMASTGMONO;PASM;Pesos;50000;500;12;0;12;100;30,00;Personas humanas Monotributistas;,00;193,93;Fija;193,93;2449,42;Provincia de Santiago del Estero;PERIODICIDAD DE VARIACION DE TASAS ANUAL BONIFICACION DE DIECISEIS PROCIENTO PARA PRODUCTOS DE SEIS Y DOCE CUOTAS PAGANDO EN TERMINO
55267;ACUATRO S.A.;2022-03-07;PREMIUMTUCDEP;PTD;Pesos;50000;500;12;0;12;100;30,00;Personas humanas en relación de dependencia;,00;230,08;Fija;230,08;2750,67;Provincia de Tucumán;PERIODICIDAD DE VARIACION DE TASAS ANUAL BONIFICACION DE DIECISEIS PROCIENTO PARA PRODUCTOS DE SEIS Y DOCE CUOTAS PAGANDO EN TERMINO
55267;ACUATRO S.A.;2022-03-07;RENOTUCSOC;RTS;Pesos;50000;500;12;0;12;100;30,00;Beneficiarios de cuentas de la seguridad social;,00;243,34;Fija;243,34;2861,17;Provincia de Tucumán;PERIODICIDAD DE VARIACION DE TASAS ANUAL BONIFICACION DE DIECISEIS PROCIENTO PARA PRODUCTOS DE SEIS Y DOCE CUOTAS PAGANDO EN TERMINO
55267;ACUATRO S.A.;2022-03-07;NUEVOSTGMONO;NSM;Pesos;50000;500;12;0;12;100;30,00;Personas humanas Monotributistas;,00;250,93;Fija;250,93;2924,42;Provincia de Santiago del Estero;PERIODICIDAD DE VARIACION DE TASAS ANUAL BONIFICACION DE DIECISEIS PROCIENTO PARA PRODUCTOS DE SEIS Y DOCE CUOTAS PAGANDO EN TERMINO
55267;ACUATRO S.A.;2022-03-07;NUEVOTUCPUB;NTP;Pesos;50000;500;12;0;12;100;30,00;Empleados públicos;,00;250,93;Fija;250,93;2924,42;Provincia de Tucumán;PERIODICIDAD DE VARIACION DE TASAS ANUAL BONIFICACION DE DIECISEIS PROCIENTO PARA PRODUCTOS DE SEIS Y DOCE CUOTAS PAGANDO EN TERMINO
55267;ACUATRO S.A.;2022-03-07;PREMIUMATUCSOC;PATS;Pesos;50000;500;12;0;12;100;30,00;Beneficiarios de cuentas de la seguridad social;,00;193,93;Fija;193,93;2449,42;Provincia de Tucumán;PERIODICIDAD DE VARIACION DE TASAS ANUAL BONIFICACION DE DIECISEIS PROCIENTO PARA PRODUCTOS DE SEIS Y DOCE CUOTAS PAGANDO EN TERMINO
55267;ACUATRO S.A.;2022-03-07;RENOTUCMONO;RTM;Pesos;50000;500;12;0;12;100;30,00;Personas humanas Monotributistas;,00;243,34;Fija;243,34;2861,17;Provincia de Tucumán;PERIODICIDAD DE VARIACION DE TASAS ANUAL BONIFICACION DE DIECISEIS PROCIENTO PARA PRODUCTOS DE SEIS Y DOCE CUOTAS PAGANDO EN TERMINO
55267;ACUATRO S.A.;2022-03-07;RENOSTGDEP;RSD;Pesos;50000;500;12;0;12;100;30,00;Personas humanas en relación de dependencia;,00;243,34;Fija;243,34;2861,17;Provincia de Santiago del Estero;PERIODICIDAD DE VARIACION DE TASAS ANUAL BONIFICACION DE DIECISEIS PROCIENTO PARA PRODUCTOS DE SEIS Y DOCE CUOTAS PAGANDO EN TERMINO
55267;ACUATRO S.A.;2022-03-07;NUEVOTUCMONO;NTM;Pesos;50000;500;12;0;12;100;30,00;Personas humanas Monotributistas;,00;250,93;Fija;250,93;2924,42;Provincia de Tucumán;PERIODICIDAD DE VARIACION DE TASAS ANUAL BONIFICACION DE DIECISEIS PROCIENTO PARA PRODUCTOS DE SEIS Y DOCE CUOTAS PAGANDO EN TERMINO
55267;ACUATRO S.A.;2022-03-07;PREMIUMATUCMONO;PATM;Pesos;50000;500;12;0;12;100;30,00;Personas humanas Monotributistas;,00;193,93;Fija;193,93;2449,42;Provincia de Tucumán;PERIODICIDAD DE VARIACION DE TASAS ANUAL BONIFICACION DE DIECISEIS PROCIENTO PARA PRODUCTOS DE SEIS Y DOCE CUOTAS PAGANDO EN TERMINO
55267;ACUATRO S.A.;2022-03-07;RENOSTGMONO;RSM;Pesos;50000;500;12;0;12;100;30,00;Personas humanas Monotributistas;,00;243,34;Fija;243,34;2861,17;Provincia de Santiago del Estero;PERIODICIDAD DE VARIACION DE TASAS ANUAL BONIFICACION DE DIECISEIS PROCIENTO PARA PRODUCTOS DE SEIS Y DOCE CUOTAS PAGANDO EN TERMINO
55267;ACUATRO S.A.;2022-03-07;PREMIUMSTGDEP;PSD;Pesos;50000;500;12;0;12;100;30,00;Personas humanas en relación de dependencia;,00;230,08;Fija;230,08;2750,67;Provincia de Santiago del Estero;PERIODICIDAD DE VARIACION DE TASAS ANUAL BONIFICACION DE DIECISEIS PROCIENTO PARA PRODUCTOS DE SEIS Y DOCE CUOTAS PAGANDO EN TERMINO
55267;ACUATRO S.A.;2022-03-07;RENOSTGSOC;RSS;Pesos;50000;500;12;0;12;100;30,00;Beneficiarios de cuentas de la seguridad social;,00;243,34;Fija;243,34;2861,17;Provincia de Santiago del Estero;PERIODICIDAD DE VARIACION DE TASAS ANUAL BONIFICACION DE DIECISEIS PROCIENTO PARA PRODUCTOS DE SEIS Y DOCE CUOTAS PAGANDO EN TERMINO
55267;ACUATRO S.A.;2022-03-07;PREMIUMTUCPUB;PTP;Pesos;50000;500;12;0;12;100;30,00;Empleados públicos;,00;230,08;Fija;230,08;2750,67;Provincia de Tucumán;PERIODICIDAD DE VARIACION DE TASAS ANUAL BONIFICACION DE DIECISEIS PROCIENTO PARA PRODUCTOS DE SEIS Y DOCE CUOTAS PAGANDO EN TERMINO
55267;ACUATRO S.A.;2022-03-07;NUEVOSTGDEP;NSD;Pesos;50000;500;12;0;12;100;30,00;Personas humanas en relación de dependencia;,00;250,93;Fija;250,93;2924,42;Provincia de Santiago del Estero;PERIODICIDAD DE VARIACION DE TASAS ANUAL BONIFICACION DE DIECISEIS PROCIENTO PARA PRODUCTOS DE SEIS Y DOCE CUOTAS PAGANDO EN TERMINO
55267;ACUATRO S.A.;2022-03-07;PREMIUMSTGSOC;PSS;Pesos;50000;500;12;0;12;100;30,00;Beneficiarios de cuentas de la seguridad social;,00;230,08;Fija;230,08;2750,67;Provincia de Santiago del Estero;PERIODICIDAD DE VARIACION DE TASAS ANUAL BONIFICACION DE DIECISEIS PROCIENTO PARA PRODUCTOS DE SEIS Y DOCE CUOTAS PAGANDO EN TERMINO
55267;ACUATRO S.A.;2022-03-07;PREMIUMTUCMONO;PTM;Pesos;50000;500;12;0;12;100;30,00;Personas humanas Monotributistas;,00;230,08;Fija;230,08;2750,67;Provincia de Tucumán;PERIODICIDAD DE VARIACION DE TASAS ANUAL BONIFICACION DE DIECISEIS PROCIENTO PARA PRODUCTOS DE SEIS Y DOCE CUOTAS PAGANDO EN TERMINO
55267;ACUATRO S.A.;2022-03-07;PREMIUMATUCPUB;PATP;Pesos;50000;500;12;0;12;100;30,00;Empleados públicos;,00;193,93;Fija;193,93;2449,42;Provincia de Tucumán;PERIODICIDAD DE VARIACION DE TASAS ANUAL BONIFICACION DE DIECISEIS PROCIENTO PARA PRODUCTOS DE SEIS Y DOCE CUOTAS PAGANDO EN TERMINO
55267;ACUATRO S.A.;2022-03-07;RENOTUCDEP;RTD;Pesos;50000;500;12;0;12;100;30,00;Personas humanas en relación de dependencia;,00;243,34;Fija;243,34;2861,17;Provincia de Tucumán;PERIODICIDAD DE VARIACION DE TASAS ANUAL BONIFICACION DE DIECISEIS PROCIENTO PARA PRODUCTOS DE SEIS Y DOCE CUOTAS PAGANDO EN TERMINO
55267;ACUATRO S.A.;2022-03-07;PREMIUMASTGSOC;PASS;Pesos;50000;500;12;0;12;100;30,00;Beneficiarios de cuentas de la seguridad social;,00;193,93;Fija;193,93;2449,42;Provincia de Santiago del Estero;PERIODICIDAD DE VARIACION DE TASAS ANUAL BONIFICACION DE DIECISEIS PROCIENTO PARA PRODUCTOS DE SEIS Y DOCE CUOTAS PAGANDO EN TERMINO
55267;ACUATRO S.A.;2022-03-07;PREMIUMASTGPUB;PASP;Pesos;50000;500;12;0;12;100;30,00;Empleados públicos;,00;193,93;Fija;193,93;2449,42;Provincia de Santiago del Estero;PERIODICIDAD DE VARIACION DE TASAS ANUAL BONIFICACION DE DIECISEIS PROCIENTO PARA PRODUCTOS DE SEIS Y DOCE CUOTAS PAGANDO EN TERMINO
55267;ACUATRO S.A.;2022-03-07;NUEVOSTGPUB;NSP;Pesos;50000;500;12;0;12;100;30,00;Empleados públicos;,00;250,93;Fija;250,93;2924,42;Provincia de Santiago del Estero;PERIODICIDAD DE VARIACION DE TASAS ANUAL BONIFICACION DE DIECISEIS PROCIENTO PARA PRODUCTOS DE SEIS Y DOCE CUOTAS PAGANDO EN TERMINO
55267;ACUATRO S.A.;2022-03-07;PREMIUMASTGDEP;PASD;Pesos;50000;500;12;0;12;100;30,00;Personas humanas en relación de dependencia;,00;193,93;Fija;193,93;2449,42;Provincia de Santiago del Estero;PERIODICIDAD DE VARIACION DE TASAS ANUAL BONIFICACION DE DIECISEIS PROCIENTO PARA PRODUCTOS DE SEIS Y DOCE CUOTAS PAGANDO EN TERMINO
55267;ACUATRO S.A.;2022-03-07;PREMIUMSTGPUB;PSP;Pesos;50000;500;12;0;12;100;30,00;Empleados públicos;,00;230,08;Fija;230,08;2750,67;Provincia de Santiago del Estero;PERIODICIDAD DE VARIACION DE TASAS ANUAL BONIFICACION DE DIECISEIS PROCIENTO PARA PRODUCTOS DE SEIS Y DOCE CUOTAS PAGANDO EN TERMINO
55267;ACUATRO S.A.;2022-03-07;PREMIUMSTGMONO;PSM;Pesos;50000;500;12;0;12;100;30,00;Personas humanas Monotributistas;,00;230,08;Fija;230,08;2750,67;Provincia de Santiago del Estero;PERIODICIDAD DE VARIACION DE TASAS ANUAL BONIFICACION DE DIECISEIS PROCIENTO PARA PRODUCTOS DE SEIS Y DOCE CUOTAS PAGANDO EN TERMINO
55267;ACUATRO S.A.;2022-03-07;RENOSTGPUB;RSP;Pesos;50000;500;12;0;12;100;30,00;Empleados públicos;,00;243,34;Fija;243,34;2861,17;Provincia de Santiago del Estero;PERIODICIDAD DE VARIACION DE TASAS ANUAL BONIFICACION DE DIECISEIS PROCIENTO PARA PRODUCTOS DE SEIS Y DOCE CUOTAS PAGANDO EN TERMINO
55267;ACUATRO S.A.;2022-03-07;NUEVOSTGSOC;NSS;Pesos;50000;500;12;0;12;100;30,00;Beneficiarios de cuentas de la seguridad social;,00;250,93;Fija;250,93;2924,42;Provincia de Santiago del Estero;PERIODICIDAD DE VARIACION DE TASAS ANUAL BONIFICACION DE DIECISEIS PROCIENTO PARA PRODUCTOS DE SEIS Y DOCE CUOTAS PAGANDO EN TERMINO
55273;INSIGHT GROUP SA;2024-07-18;PRESTAMO PERSONAL;CONSUMO;Pesos;1500000;1000;6;0;0;0;30,00;Todos los beneficiarios;5,00;555,74;Fija;672,45;3046,66;Todo el territorio nacional;                                                                                                                                                                                                                                                                                                                                                                                                                                  
55276;TU PRESTAMO ONLINE SAS;2021-09-21;ADELANTO DE EFECTIVO;ADELANTO;Pesos;12000;1000;3;0;0;100;40,00;Todos los beneficiarios;,00;183,00;Fija;414,00;6783,00;Todo el territorio nacional;POSIBILIDAD DE ACCEDER A MEJORES CONDICIONES DE MONTO, TASA Y CUOTAS PARA LOS QUE RENUEVAN
55277;ASOCIACION MUTUAL FIAT CONCORD;2021-05-20;NACION SUC C PAZ (11969);NACION SUC C PAZ;Pesos;1000000;500;24;0;0;75;30,00;Todos los beneficiarios;2,50;114,00;Fija;146,44;1405,25;Provincia de Córdoba;SE INFORMA TEA MAX Y CFT MAX CORRESPONDIENTE AL PLAZO MAX Y CUOTA INICIAL A PLAZO MAX CADA 10000 
55277;ASOCIACION MUTUAL FIAT CONCORD;2021-05-20;LINEA AGOSTO 2015 (11965);LINEA AGOSTO 2015;Pesos;30000;500;18;0;0;75;30,00;Todos los beneficiarios;2,50;132,00;Fija;143,11;1460,73;Provincia de Córdoba;SE INFORMA TEA MAX Y CFT MAX CORRESPONDIENTE AL PLAZO MAX Y CUOTA INICIAL A PLAZO MAX CADA 10000 
55277;ASOCIACION MUTUAL FIAT CONCORD;2021-05-20;CARLOS PAZ CAJA JUBILAD (1400);CARLOS PAZ CAJA JUBILAD;Pesos;35000;500;24;0;0;75;30,00;Todos los beneficiarios;2,50;105,00;Fija;132,11;1286,12;Provincia de Córdoba;SE INFORMA TEA MAX Y CFT MAX CORRESPONDIENTE AL PLAZO MAX Y CUOTA INICIAL A PLAZO MAX CADA 10000 
55277;ASOCIACION MUTUAL FIAT CONCORD;2021-05-20;DEBITO NACION FEB 2014;DEBITO NACION FEB 2014;Pesos;1000000;500;18;0;0;75;30,00;Todos los beneficiarios;2,50;105,00;Fija;125,18;1221,12;Provincia de Córdoba;SE INFORMA TEA MAX Y CFT MAX CORRESPONDIENTE AL PLAZO MAX Y CUOTA INICIAL A PLAZO MAX CADA 10000 
55277;ASOCIACION MUTUAL FIAT CONCORD;2021-05-20;HABERES AMUTEDYC FEB (1151);HABERES AMUTEDYC FEB;Pesos;1000000;500;12;0;0;75;30,00;Todos los beneficiarios;2,50;90,00;Fija;94,80;1401,53;Provincia de Córdoba;SE INFORMA TEA MAX Y CFT MAX CORRESPONDIENTE AL PLAZO MAX Y CUOTA INICIAL A PLAZO MAX CADA 10000 
55277;ASOCIACION MUTUAL FIAT CONCORD;2021-05-20;MUNIC CARLOS PAZ JUBIL (2205);MUNIC CARLOS PAZ JUBIL;Pesos;1000000;500;24;0;0;75;30,00;Todos los beneficiarios;2,50;105,00;Fija;132,11;1286,12;Provincia de Córdoba;SE INFORMA TEA MAX Y CFT MAX CORRESPONDIENTE AL PLAZO MAX Y CUOTA INICIAL A PLAZO MAX CADA 10000 
55277;ASOCIACION MUTUAL FIAT CONCORD;2021-05-20;LINEA AG  2015 NACION (11967);LINEA AG 2015 NACION;Pesos;30000;500;18;0;0;75;30,00;Todos los beneficiarios;2,50;132,00;Fija;143,11;1460,73;Provincia de Córdoba;SE INFORMA TEA MAX Y CFT MAX CORRESPONDIENTE AL PLAZO MAX Y CUOTA INICIAL A PLAZO MAX CADA 10000 
55277;ASOCIACION MUTUAL FIAT CONCORD;2021-05-20;CAJA JUB UNISOL (3966);CAJA JUB UNISOL;Pesos;1000000;500;24;0;0;75;30,00;Todos los beneficiarios;2,50;105,00;Fija;132,11;1286,12;Provincia de Córdoba;SE INFORMA TEA MAX Y CFT MAX CORRESPONDIENTE AL PLAZO MAX Y CUOTA INICIAL A PLAZO MAX CADA 10000 
55277;ASOCIACION MUTUAL FIAT CONCORD;2021-05-20;DEBITO BANCOR FEB (1161);DEBITO BANCOR FEB;Pesos;1000000;500;24;0;0;75;30,00;Todos los beneficiarios;2,50;105,00;Fija;125,18;1221,12;Provincia de Córdoba;SE INFORMA TEA MAX Y CFT MAX CORRESPONDIENTE AL PLAZO MAX Y CUOTA INICIAL A PLAZO MAX CADA 10000 
55277;ASOCIACION MUTUAL FIAT CONCORD;2021-05-20;BANCOR SUC  C PAZ (11968);BANCOR SUC  C PAZ;Pesos;50000;500;24;0;0;75;30,00;Todos los beneficiarios;2,50;114,00;Fija;157,11;1505,25;Provincia de Córdoba;SE INFORMA TEA MAX Y CFT MAX CORRESPONDIENTE AL PLAZO MAX Y CUOTA INICIAL A PLAZO MAX CADA 10000 
55277;ASOCIACION MUTUAL FIAT CONCORD;2021-05-20;DESC POR HABERES (2966);DESC POR HABERES;Pesos;1000000;500;24;0;0;75;30,00;Todos los beneficiarios;2,50;105,00;Fija;132,11;1286,12;Provincia de Córdoba;SE INFORMA TEA MAX Y CFT MAX CORRESPONDIENTE AL PLAZO MAX Y CUOTA INICIAL A PLAZO MAX CADA 10000 
55279;SOLVENTA SAS;2026-04-13;PRESTAMO CREDIBEL CLASICO;PRESTAMO CLASICO;Pesos;10000;2000;12;5000;12;80;25,00;Personas humanas en relación de dependencia;2,00;87,00;Fija;128,00;1170,00;Todo el territorio nacional;0
55279;SOLVENTA SAS;2026-04-13;PRESTAMO CREDIBEL CLASICO;PRESTAMO CLASICO;Pesos;30000;5000;24;5000;12;80;25,00;Personas humanas en relación de dependencia;2,00;47,86;Fija;95,72;2430,00;Todo el territorio nacional;0
55281;ASOCIACION MUTUAL CELESOL DE SERVICIOS INTEGRALES Y EDUCATIVOS;2022-03-10;UNISOL QUEREMOS CONOCERTE;UNISOL QUEREMOS CONOCERTE;Pesos;20000;500;6;0;0;75;30,00;Todos los beneficiarios;2,50;312,12;Fija;312,12;3467,02;Todo el territorio nacional;SE INFORMA TEA MAX Y CFT MAX CORRESPONDIENTE AL PLAZO MAX Y CUOTA INICIAL A PLAZO MAX CADA 10000 
55281;ASOCIACION MUTUAL CELESOL DE SERVICIOS INTEGRALES Y EDUCATIVOS;2022-03-10;SUC C PAZ BANCOR (1385);SUC C PAZ BANCOR ;Pesos;50000;500;24;0;0;75;30,00;Todos los beneficiarios;2,50;114,00;Fija;157,11;1505,25;Todo el territorio nacional;SE INFORMA TEA MAX Y CFT MAX CORRESPONDIENTE AL PLAZO MAX Y CUOTA INICIAL A PLAZO MAX CADA 10000 
55281;ASOCIACION MUTUAL CELESOL DE SERVICIOS INTEGRALES Y EDUCATIVOS;2022-03-10;PILAR UNISOL NACION (11601);PILAR UNISOL NACION;Pesos;1000000;500;24;0;0;75;30,00;Todos los beneficiarios;2,50;99,00;Fija;120,78;1190,87;Todo el territorio nacional;SE INFORMA TEA MAX Y CFT MAX CORRESPONDIENTE AL PLAZO MAX Y CUOTA INICIAL A PLAZO MAX CADA 10000 
55281;ASOCIACION MUTUAL CELESOL DE SERVICIOS INTEGRALES Y EDUCATIVOS;2022-03-10;PILAR UNISOL  BANCOR (11600);PILAR UNISOL  BANCOR;Pesos;1000000;500;24;0;0;75;30,00;Todos los beneficiarios;2,50;95,64;Fija;101,30;866,66;Todo el territorio nacional;SE INFORMA TEA MAX Y CFT MAX CORRESPONDIENTE AL PLAZO MAX Y CUOTA INICIAL A PLAZO MAX CADA 10000 
55281;ASOCIACION MUTUAL CELESOL DE SERVICIOS INTEGRALES Y EDUCATIVOS;2022-03-10;DASPU HABERES (830);DASPU HABERES;Pesos;200000;500;36;0;0;75;30,00;Todos los beneficiarios;2,50;105,00;Fija;126,78;1236,12;Todo el territorio nacional;SE INFORMA TEA MAX Y CFT MAX CORRESPONDIENTE AL PLAZO MAX Y CUOTA INICIAL A PLAZO MAX CADA 10000 
55281;ASOCIACION MUTUAL CELESOL DE SERVICIOS INTEGRALES Y EDUCATIVOS;2022-03-10;MUPOL HABERES;MUPOL HABERES;Pesos;1000000;500;48;0;0;75;30,00;Todos los beneficiarios;2,50;105,00;Fija;137,44;1336,12;Todo el territorio nacional;SE INFORMA TEA MAX Y CFT MAX CORRESPONDIENTE AL PLAZO MAX Y CUOTA INICIAL A PLAZO MAX CADA 10000 
55281;ASOCIACION MUTUAL CELESOL DE SERVICIOS INTEGRALES Y EDUCATIVOS;2022-03-10;AMEJUCA CBU (1524);AMEJUCA CBU;Pesos;35000;500;24;0;0;75;30,00;Todos los beneficiarios;2,50;95,64;Fija;101,30;1004,25;Todo el territorio nacional;SE INFORMA TEA MAX Y CFT MAX CORRESPONDIENTE AL PLAZO MAX Y CUOTA INICIAL A PLAZO MAX CADA 10000 
55281;ASOCIACION MUTUAL CELESOL DE SERVICIOS INTEGRALES Y EDUCATIVOS;2022-03-10;EMPLEADOS MUNICIP. HAB (221) ;EMPLEADOS MUNICIP. HAB;Pesos;1000000;500;24;0;0;75;30,00;Todos los beneficiarios;2,50;150,00;Fija;132,11;1286,12;Todo el territorio nacional;SE INFORMA TEA MAX Y CFT MAX CORRESPONDIENTE AL PLAZO MAX Y CUOTA INICIAL A PLAZO MAX CADA 10000 
55281;ASOCIACION MUTUAL CELESOL DE SERVICIOS INTEGRALES Y EDUCATIVOS;2022-03-10;UNISOL NAC BAC PAT MACRO;UNISOL;Pesos;1000000;500;6;0;0;75;30,00;Todos los beneficiarios;2,50;312,12;Fija;312,12;3467,02;Todo el territorio nacional;SE INFORMA TEA MAX Y CFT MAX CORRESPONDIENTE AL PLAZO MAX Y CUOTA INICIAL A PLAZO MAX CADA 10000 
55281;ASOCIACION MUTUAL CELESOL DE SERVICIOS INTEGRALES Y EDUCATIVOS;2022-03-10;HABERES AMEJUCA (1523);HABERES AMEJUCA;Pesos;80000;500;24;0;0;75;30,00;Todos los beneficiarios;2,50;102,00;Fija;118,44;1163,41;Todo el territorio nacional;SE INFORMA TEA MAX Y CFT MAX CORRESPONDIENTE AL PLAZO MAX Y CUOTA INICIAL A PLAZO MAX CADA 10000 
55281;ASOCIACION MUTUAL CELESOL DE SERVICIOS INTEGRALES Y EDUCATIVOS;2022-03-10;SUC C PAZ NACION-MACRO (1395);SUC C PAZ NACION-MACRO;Pesos;50000;500;24;0;0;75;30,00;Todos los beneficiarios;2,50;114,00;Fija;157,11;1505,25;Todo el territorio nacional;SE INFORMA TEA MAX Y CFT MAX CORRESPONDIENTE AL PLAZO MAX Y CUOTA INICIAL A PLAZO MAX CADA 10000 
55281;ASOCIACION MUTUAL CELESOL DE SERVICIOS INTEGRALES Y EDUCATIVOS;2022-03-10;CLUB MUTUAL DASPU CBU (920);CLUB MUTUAL DASPU CBU;Pesos;5000000;500;24;0;0;75;30,00;Todos los beneficiarios;2,50;312,12;Fija;157,11;1505,25;Todo el territorio nacional;SE INFORMA TEA MAX Y CFT MAX CORRESPONDIENTE AL PLAZO MAX Y CUOTA INICIAL A PLAZO MAX CADA 10000 
55281;ASOCIACION MUTUAL CELESOL DE SERVICIOS INTEGRALES Y EDUCATIVOS;2022-03-10;LINEA AMES CBU (222);LINEA AMES CBU;Pesos;1000000;500;24;0;0;75;30,00;Todos los beneficiarios;2,50;114,00;Fija;157,11;1505,25;Todo el territorio nacional;SE INFORMA TEA MAX Y CFT MAX CORRESPONDIENTE AL PLAZO MAX Y CUOTA INICIAL A PLAZO MAX CADA 10000 
55281;ASOCIACION MUTUAL CELESOL DE SERVICIOS INTEGRALES Y EDUCATIVOS;2022-03-10;MUNIC. CARLOS PAZ HABER (2204);MUNIC. CARLOS PAZ HABER;Pesos;35000;500;24;0;0;75;30,00;Todos los beneficiarios;2,50;105,00;Fija;132,11;1286,12;Todo el territorio nacional;SE INFORMA TEA MAX Y CFT MAX CORRESPONDIENTE AL PLAZO MAX Y CUOTA INICIAL A PLAZO MAX CADA 10000 
55281;ASOCIACION MUTUAL CELESOL DE SERVICIOS INTEGRALES Y EDUCATIVOS;2022-03-10;JUBILADOS CONV 31 (2302);JUBILADOS CONV 31;Pesos;1000000;500;24;0;0;75;30,00;Todos los beneficiarios;2,50;150,00;Fija;171,78;1594,74;Todo el territorio nacional;SE INFORMA TEA MAX Y CFT MAX CORRESPONDIENTE AL PLAZO MAX Y CUOTA INICIAL A PLAZO MAX CADA 10000 
55281;ASOCIACION MUTUAL CELESOL DE SERVICIOS INTEGRALES Y EDUCATIVOS;2022-03-10;MUPOL SOCIOS NUEVOS;MUPOL SOCIOS NUEVOS;Pesos;1000000;500;24;0;0;75;30,00;Todos los beneficiarios;2,50;132,00;Fija;141,09;1317,66;Todo el territorio nacional;SE INFORMA TEA MAX Y CFT MAX CORRESPONDIENTE AL PLAZO MAX Y CUOTA INICIAL A PLAZO MAX CADA 10000 
55281;ASOCIACION MUTUAL CELESOL DE SERVICIOS INTEGRALES Y EDUCATIVOS;2022-03-10;MUPOL CBU;MUPOL CBU;Pesos;1000000;500;24;0;0;75;30,00;Todos los beneficiarios;2,50;102,00;Fija;111,09;1088,67;Todo el territorio nacional;SE INFORMA TEA MAX Y CFT MAX CORRESPONDIENTE AL PLAZO MAX Y CUOTA INICIAL A PLAZO MAX CADA 10000 
55281;ASOCIACION MUTUAL CELESOL DE SERVICIOS INTEGRALES Y EDUCATIVOS;2022-03-10;LINEA AMES ABRIL 2019 (262);LINEA AMES ;Pesos;1000000;500;24;0;0;75;30,00;Todos los beneficiarios;2,50;105,00;Fija;157,78;1536,12;Todo el territorio nacional;SE INFORMA TEA MAX Y CFT MAX CORRESPONDIENTE AL PLAZO MAX Y CUOTA INICIAL A PLAZO MAX CADA 10000 
55281;ASOCIACION MUTUAL CELESOL DE SERVICIOS INTEGRALES Y EDUCATIVOS;2022-03-10;MUNIC. CARLOS PAZ JUBIL (2205);MUNIC. CARLOS PAZ JUBIL;Pesos;1000000;500;24;0;0;75;30,00;Todos los beneficiarios;2,50;96,00;Fija;119,91;1188,50;Todo el territorio nacional;SE INFORMA TEA MAX Y CFT MAX CORRESPONDIENTE AL PLAZO MAX Y CUOTA INICIAL A PLAZO MAX CADA 10000 
55282;MINS LFE SAS;2024-09-06;PRESTAMOMINS;PRESTAMOMINS;Pesos;300000;15000;12;75000;3;75;20,00;Clientes con cuenta en la entidad;20,00;369,26;Fija;487,10;,00;Todo el territorio nacional;
55282;MINS LFE SAS;2024-09-06;PRESTAMOMINS;PRESTAMOMINS;Pesos;300000;15000;12;75000;3;75;20,00;Personas humanas en relación de dependencia;20,00;369,26;Fija;487,10;,00;Todo el territorio nacional;
55282;MINS LFE SAS;2024-09-06;PRESTAMOMINS;PRESTAMOMINS;Pesos;300000;15000;12;75000;3;75;20,00;Empleados públicos;20,00;369,26;Fija;487,10;,00;Todo el territorio nacional;
55287;COBRO FACIL SRL;2026-07-01;GENERAL PRESTAMOS;GENERAL PRESTAMOS;Pesos;900000;1000;18;100000;3;80;30,00;Todos los beneficiarios;,00;628,76;Fija;963,93;224262,00;Todo el territorio nacional;0
55288;GLOBAL CAPITAL MANAGEMENT SA;2026-06-03;R3;R3;Pesos;3000000;75000;36;367800;12;76;25,00;Personas humanas en relación de dependencia;30,00;484,70;Fija;230,00;355189,00;Todo el territorio nacional;
55288;GLOBAL CAPITAL MANAGEMENT SA;2026-06-03;ANSES 2;ANSES 2;Pesos;3000000;75000;36;367800;12;76;25,00;Beneficiarios de cuentas de la seguridad social;30,00;484,70;Fija;230,00;355189,00;Todo el territorio nacional;
55292;TRANSCON S.A.U.;2024-01-22;MEDIO;M;Pesos;400000;50000;12;30000;4;70;35,00;Todos los beneficiarios;,00;394,00;Fija;394,00;3994,00;Todo el territorio nacional;NOAPLICA
55292;TRANSCON S.A.U.;2024-01-22;MUYALTO;MUYA;Pesos;400000;50000;12;30000;4;70;,00;Todos los beneficiarios;,00;460,00;Fija;460,00;4623,00;Todo el territorio nacional;NOAPLICA
55292;TRANSCON S.A.U.;2024-01-22;ALTO;A;Pesos;400000;50000;12;30000;4;70;,00;Todos los beneficiarios;,00;411,00;Fija;411,00;4153,00;Todo el territorio nacional;NOAPLICA
55292;TRANSCON S.A.U.;2024-01-22;MEDIOBAJO;MB;Pesos;400000;50000;12;30000;4;70;35,00;Todos los beneficiarios;,00;378,00;Fija;378,00;3861,00;Todo el territorio nacional;NOAPLICA
55292;TRANSCON S.A.U.;2024-01-22;BAJO;B;Pesos;400000;50000;12;30000;4;70;35,00;Todos los beneficiarios;,00;366,00;Fija;366,00;3729,00;Todo el territorio nacional;NOAPLICA
55292;TRANSCON S.A.U.;2024-01-22;MEDIOALTO;MA;Pesos;400000;50000;12;30000;4;70;,00;Todos los beneficiarios;,00;401,00;Fija;401,00;4060,00;Todo el territorio nacional;NOAPLICA
55294;CREDITECH SA;2026-06-01;BAJAJRETCH30;BAJAJRETCH30;Pesos;3000000;100000;24;15000;4;100;40,00;Todos los beneficiarios;10,00;97,46;Fija;126,70;87636,00;Todo el territorio nacional;
55294;CREDITECH SA;2026-06-01;BAJAJ NS200;BAJAJ NS200;Pesos;10000000;100000;24;15000;4;100;40,00;Todos los beneficiarios;10,00;225,45;Fija;311,14;132895,00;Todo el territorio nacional;
55294;CREDITECH SA;2026-06-01;HOGAR 30;HOGAR 30;Pesos;7000000;50000;30;15000;4;100;40,00;Todos los beneficiarios;10,00;314,66;Fija;447,77;157508,00;Todo el territorio nacional;
55294;CREDITECH SA;2026-06-01;MOTO C;MOTO C;Pesos;10000000;100000;24;15000;4;100;40,00;Todos los beneficiarios;10,00;269,23;Fija;377,50;145533,00;Todo el territorio nacional;
55294;CREDITECH SA;2026-06-01;PREMIUM AD;PREMIUM AD;Pesos;10000000;100000;30;15000;4;100;40,00;Todos los beneficiarios;10,00;225,45;Fija;311,14;128791,00;Todo el territorio nacional;
55294;CREDITECH SA;2026-06-01;BAJAJ P150;BAJAJ P150;Pesos;10000000;100000;24;15000;4;100;40,00;Todos los beneficiarios;10,00;225,45;Fija;311,14;132895,00;Todo el territorio nacional;
55294;CREDITECH SA;2026-06-01;MOTO RET;MOTO RET;Pesos;10000000;100000;24;15000;4;100;40,00;Todos los beneficiarios;10,00;118,99;Fija;156,54;96308,00;Todo el territorio nacional;
55294;CREDITECH SA;2026-06-01;MOTO PREMIUM;MOTO PREMIUM;Pesos;10000000;100000;30;15000;4;100;40,00;Todos los beneficiarios;10,00;225,45;Fija;311,14;128791,00;Todo el territorio nacional;
55294;CREDITECH SA;2026-06-01;MOTO B CH30;MOTO B CH30;Pesos;10000000;100000;30;15000;4;100;40,00;Todos los beneficiarios;10,00;216,71;Fija;298,06;125994,00;Todo el territorio nacional;
55294;CREDITECH SA;2026-06-01;MOTO PREMIUM CH60;MOTO PREMIUM CH60;Pesos;10000000;100000;30;15000;4;100;40,00;Todos los beneficiarios;10,00;211,00;Fija;289,56;124136,00;Todo el territorio nacional;
55294;CREDITECH SA;2026-06-01;HOGAR A;HOGAR A CH;Pesos;7000000;50000;24;15000;4;100;40,00;Todos los beneficiarios;10,00;314,66;Fija;447,77;157508,00;Todo el territorio nacional;
55294;CREDITECH SA;2026-06-01;EFECTIVO HOGAR;MOTO A10;Pesos;7000000;50000;36;15000;4;100;40,00;Todos los beneficiarios;10,00;349,05;Fija;501,84;162077,00;Todo el territorio nacional;
55294;CREDITECH SA;2026-06-01;BLACK H;BLACK H;Pesos;7000000;50000;24;15000;4;100;40,00;Todos los beneficiarios;10,00;322,08;Fija;483,30;163102,00;Todo el territorio nacional;
55294;CREDITECH SA;2026-06-01;COMERCIO VIP;COMERCIO VIP;Pesos;10000000;100000;36;15000;4;100;40,00;Todos los beneficiarios;10,00;199,87;Fija;273,06;118236,00;Todo el territorio nacional;
55294;CREDITECH SA;2026-06-01;MOTO B;MOTO B;Pesos;10000000;100000;30;15000;4;100;40,00;Todos los beneficiarios;10,00;225,45;Fija;311,14;128791,00;Todo el territorio nacional;
55294;CREDITECH SA;2026-06-01;EFECTIVO MOTOPROMO;EFECTIVO MOTO 15;Pesos;7000000;50000;36;15000;4;100;40,00;Todos los beneficiarios;10,00;275,91;Fija;387,74;142394,00;Todo el territorio nacional;
55294;CREDITECH SA;2026-06-01;HOGAR B;HOGAR B CH;Pesos;7000000;50000;24;15000;4;100;40,00;Todos los beneficiarios;10,00;318,36;Fija;477,23;162167,00;Todo el territorio nacional;
55294;CREDITECH SA;2026-06-01;HOGAR A MAS PESOS;HOGAR A MAS PESOS;Pesos;7000000;50000;24;15000;4;100;40,00;Todos los beneficiarios;10,00;394,62;Fija;574,56;176299,00;Todo el territorio nacional;
55294;CREDITECH SA;2026-06-01;BLACK 2;BLACK 2;Pesos;10000000;100000;30;15000;4;100;40,00;Todos los beneficiarios;10,00;234,41;Fija;324,60;131601,00;Todo el territorio nacional;
55294;CREDITECH SA;2026-06-01;HOGAR A CHDIA;HOGAR A CHDIA;Pesos;7000000;50000;24;15000;4;100;40,00;Todos los beneficiarios;10,00;353,03;Fija;508,14;166853,00;Todo el territorio nacional;
55294;CREDITECH SA;2026-06-01;MOTO A;MOTO A;Pesos;10000000;100000;30;15000;4;100;40,00;Todos los beneficiarios;10,00;213,84;Fija;293,79;125064,00;Todo el territorio nacional;
55294;CREDITECH SA;2026-06-01;HOGAR A MAS;HOGAR A MAS;Pesos;7000000;50000;24;15000;4;100;40,00;Todos los beneficiarios;10,00;435,03;Fija;639,95;184877,00;Todo el territorio nacional;
55294;CREDITECH SA;2026-06-01;PLAN CORVEN;PLAN CORVEN;Pesos;4500000;100000;48;15000;4;100;40,00;Todos los beneficiarios;10,00;286,13;Fija;403,48;150113,00;Todo el territorio nacional;
55294;CREDITECH SA;2026-06-01;COMERCIO VIP CH30;COMERCIO VIP CH30;Pesos;10000000;100000;36;15000;4;100;40,00;Todos los beneficiarios;10,00;194,44;Fija;265,05;116333,00;Todo el territorio nacional;
55294;CREDITECH SA;2026-06-01;ZANELLA RETENCION;ZANELLA RETENCION;Pesos;1600000;100000;24;15000;4;100;40,00;Todos los beneficiarios;10,00;133,78;Fija;177,37;101990,00;Todo el territorio nacional;
55294;CREDITECH SA;2026-06-01;MOTO A CH30;MOTO A CH30;Pesos;10000000;100000;30;15000;4;100;40,00;Todos los beneficiarios;10,00;234,41;Fija;324,60;131601,00;Todo el territorio nacional;
55294;CREDITECH SA;2026-06-01;CELULAR A;CELULAR A;Pesos;7000000;50000;12;15000;4;100;40,00;Todos los beneficiarios;10,00;421,23;Fija;617,54;207376,00;Todo el territorio nacional;
55294;CREDITECH SA;2026-06-01;MOTO ROMA;MOTO ROMA;Pesos;10000000;100000;30;15000;4;100;40,00;Todos los beneficiarios;10,00;166,17;Fija;223,74;108609,00;Todo el territorio nacional;
55294;CREDITECH SA;2026-06-01;EFECTIVO HOGARPROMO;EFECTIVO MOTOPROMO;Pesos;7000000;50000;36;15000;4;100;40,00;Todos los beneficiarios;10,00;310,99;Fija;442,05;152206,00;Todo el territorio nacional;
55294;CREDITECH SA;2026-06-01;CELULAR B;CELULAR B;Pesos;7000000;50000;12;15000;4;100;40,00;Todos los beneficiarios;10,00;444,40;Fija;655,25;211524,00;Todo el territorio nacional;
55294;CREDITECH SA;2026-06-01;MOTO A MAS;MOTO A MAS;Pesos;10000000;100000;30;15000;4;100;40,00;Todos los beneficiarios;10,00;256,20;Fija;357,60;138202,00;Todo el territorio nacional;
55294;CREDITECH SA;2026-06-01;TRIAXRETCH30;TRIAXRETCH30;Pesos;1600000;100000;24;15000;4;100;40,00;Todos los beneficiarios;10,00;108,95;Fija;142,56;92326,00;Todo el territorio nacional;
55294;CREDITECH SA;2026-06-01;BLACK CH30;BLACK CH30;Pesos;10000000;100000;30;15000;4;100;40,00;Todos los beneficiarios;10,00;234,41;Fija;324,60;131601,00;Todo el territorio nacional;
55294;CREDITECH SA;2026-06-01;MOTO A CH DIA;MOTO A CH DIA;Pesos;10000000;50000;30;15000;4;100;40,00;Todos los beneficiarios;10,00;243,59;Fija;338,47;134422,00;Todo el territorio nacional;
55294;CREDITECH SA;2026-06-01;EFECTIVO ESPECIAL;EFECTIVO ESPECIAL;Pesos;7000000;50000;36;15000;4;100;40,00;Todos los beneficiarios;10,00;259,42;Fija;362,50;142801,00;Todo el territorio nacional;
55294;CREDITECH SA;2026-06-01;EFECTIVO MOTO;HOGAR A10;Pesos;7000000;50000;36;15000;4;100;40,00;Todos los beneficiarios;10,00;310,99;Fija;442,05;152206,00;Todo el territorio nacional;
55295;CREDITAM LIMITADA S.A.;2023-01-25;PRESTAMO PERSONAL;733;Pesos;200000;1000;24;33000;12;78;30,00;Personas humanas en relación de dependencia;,00;104,68;Fija;115,00;1387,25;Todo el territorio nacional;
55296;SANTANDER CONSUMER SA;2026-06-11;PRESTAMO CONSUMO;CONSUMO;Pesos;21500000;50000;48;800000;12;80;35,00;Personas humanas Monotributistas;8,00;863,48;Fija;1375,94;12382,00;Todo el territorio nacional;
55296;SANTANDER CONSUMER SA;2026-06-11;PRESTAMO CONSUMO;CONSUMO;Pesos;21500000;50000;48;400000;3;80;35,00;Personas humanas en relación de dependencia;8,00;863,48;Fija;1375,94;12382,00;Todo el territorio nacional;
55296;SANTANDER CONSUMER SA;2026-06-11;PRESTAMO PERSONAL EFECTIVO;EFECTIVO;Pesos;5250000;50000;24;800000;12;80;25,00;Personas humanas Monotributistas;8,00;963,96;Fija;1557,18;13029,00;Todo el territorio nacional;
55296;SANTANDER CONSUMER SA;2026-06-11;PRESTAMO PERSONAL ONLINE;ONLINE;Pesos;2200000;50000;18;400000;3;65;18,00;Empleados públicos;8,00;624,14;Fija;956,54;11028,00;Todo el territorio nacional;
55296;SANTANDER CONSUMER SA;2026-06-11;PRESTAMO CONSUMO;CONSUMO;Pesos;21500000;50000;48;400000;3;80;35,00;Empleados públicos;8,00;863,48;Fija;1375,94;12382,00;Todo el territorio nacional;
55296;SANTANDER CONSUMER SA;2026-06-11;PRESTAMO PERSONAL EFECTIVO;EFECTIVO;Pesos;5250000;50000;24;400000;3;80;25,00;Empleados públicos;8,00;963,96;Fija;1557,18;13029,00;Todo el territorio nacional;
55296;SANTANDER CONSUMER SA;2026-06-11;PRESTAMO PERSONAL ONLINE;ONLINE;Pesos;2200000;50000;18;400000;3;65;18,00;Personas humanas en relación de dependencia;8,00;624,14;Fija;956,54;11028,00;Todo el territorio nacional;
55296;SANTANDER CONSUMER SA;2026-06-11;PRESTAMO PERSONAL EFECTIVO;EFECTIVO;Pesos;5250000;50000;24;400000;3;80;25,00;Personas humanas en relación de dependencia;8,00;963,96;Fija;1557,18;13029,00;Todo el territorio nacional;
55296;SANTANDER CONSUMER SA;2026-06-11;PRESTAMO PERSONAL ONLINE;ONLINE;Pesos;2200000;50000;18;800000;12;65;18,00;Personas humanas Responsables Inscriptos;8,00;624,14;Fija;956,54;11028,00;Todo el territorio nacional;
55296;SANTANDER CONSUMER SA;2026-06-11;PRESTAMO PERSONAL ONLINE;ONLINE;Pesos;2200000;50000;18;900000;0;65;18,00;Beneficiarios de cuentas de la seguridad social;8,00;624,14;Fija;956,54;11028,00;Todo el territorio nacional;
55296;SANTANDER CONSUMER SA;2026-06-11;PRESTAMO CONSUMO;CONSUMO;Pesos;21500000;50000;48;800000;12;80;35,00;Personas humanas Responsables Inscriptos;8,00;863,48;Fija;1375,94;12382,00;Todo el territorio nacional;
55296;SANTANDER CONSUMER SA;2026-06-11;PRESTAMO PERSONAL EFECTIVO;EFECTIVO;Pesos;5250000;50000;24;800000;12;80;25,00;Personas humanas Responsables Inscriptos;8,00;963,96;Fija;1557,18;13029,00;Todo el territorio nacional;
55296;SANTANDER CONSUMER SA;2026-06-11;PRESTAMO CONSUMO;CONSUMO;Pesos;21500000;50000;48;900000;0;80;35,00;Beneficiarios de cuentas de la seguridad social;8,00;863,48;Fija;1375,94;12382,00;Todo el territorio nacional;
55296;SANTANDER CONSUMER SA;2026-06-11;PRESTAMO PERSONAL ONLINE;ONLINE;Pesos;2200000;50000;18;800000;12;65;18,00;Personas humanas Monotributistas;8,00;624,14;Fija;956,54;11028,00;Todo el territorio nacional;
55296;SANTANDER CONSUMER SA;2026-06-11;PRESTAMO PERSONAL EFECTIVO;EFECTIVO;Pesos;5250000;50000;24;900000;0;80;25,00;Beneficiarios de cuentas de la seguridad social;8,00;963,96;Fija;1557,18;13029,00;Todo el territorio nacional;
55297;FINANCITY S.A.;2022-03-14;CREDITOS PERSONALES A SOLA FIRMA;CRED.PERS.;Pesos;200000;1;48;0;3;100;40,00;Todos los beneficiarios;12,10;152,16;Fija;165,91;1335,74;Provincia del Chubut;
55298;ESPACIO DIGITAL S.A;2026-06-19;CREDITO EFECTIVO;CREDITO EFECTIVO;Pesos;1400000;10000;12;20000;0;75;99,99;Todos los beneficiarios;20,00;1128,69;Fija;1858,40;296463,00;Todo el territorio nacional;SIN CARGO CANCELACION SI ABONA UN TERCIO DE LAS CUOTAS
55298;ESPACIO DIGITAL S.A;2026-06-19;CREDITO EFECTIVO;CREDITO EFECTIVO;Pesos;4500000;10000;18;20000;0;75;99,99;Todos los beneficiarios;20,00;345,10;Fija;495,60;172170,00;Todo el territorio nacional;SIN CARGO CANCELACION SI ABONA UN TERCIO DE LAS CUOTAS
55300;Buenos Aires Creditos SA;2026-07-06;GARRAHAN POLICIA 08-2025 - 20;PRPER-79;Pesos;7500000;1000;48;150000;6;99;,45;Personas humanas en relación de dependencia;99,00;7,33;Fija;133,80;9026,00;Todo el territorio nacional;
55301;CRESCENS S.A;2026-06-25;EMPLEADOS TASA FIJA;EMPLEADOS;Pesos;1000000;5000;36;0;6;65;20,00;Personas humanas en relación de dependencia;3,00;51,36;Variable;51,36;705,00;Todo el territorio nacional;TASA FIJA SEGUN PROMEDIO BADLAR 
55301;CRESCENS S.A;2026-06-25;EMPLEADOS TASA BONIFICADA;EMPLEADOS;Pesos;1000000;5000;36;0;6;65;25,00;Personas humanas en relación de dependencia;3,00;59,92;Variable;59,92;688,00;Todo el territorio nacional;VARIACION EN FUNCION DE TASA BADLAR BCRA
55301;CRESCENS S.A;2026-06-25;TASA GENERAL;GENERAL;Pesos;1000000;5000;36;0;6;65;20,00;Personas humanas en relación de dependencia;3,00;59,92;Variable;59,92;688,00;Todo el territorio nacional;VARIACION EN FUNCION DE TASA BADLAR BCRA
55303;FINANCE GROUP SRL;2021-11-30;;;;;;;;;;;;;;;;;;
55303;FINANCE GROUP SRL;2021-11-30;;;;;;;;;;;;;;;;;;
55303;FINANCE GROUP SRL;2021-11-30;PERSONALES TASA BONIFICADA;PERSONALES;Pesos;40000;500;9;0;6;65;25,00;Personas humanas en relación de dependencia;3,00;269,83;Variable;269,83;833,33;Todo el territorio nacional;
55305;SORAMUS S.A;2023-06-01;PRESTAMO SENCILLO 5;PS5;Pesos;1000000;1000;24;0;0;100;,00;Todos los beneficiarios;,00;469,21;Fija;695,92;,00;Todo el territorio nacional;SIN NOVEDAD
55305;SORAMUS S.A;2023-06-01;PRESTAMO SENCILLO 1;PS1;Pesos;1000000;1000;24;0;0;100;,00;Todos los beneficiarios;,00;160,36;Fija;215,35;,00;Todo el territorio nacional;SIN NOVEDAD
55305;SORAMUS S.A;2023-06-01;PRESTAMO SENCILLO 4;PS4;Pesos;1000000;1000;24;0;0;100;,00;Todos los beneficiarios;,00;419,55;Fija;614,80;,00;Todo el territorio nacional;SIN NOVEDAD
55305;SORAMUS S.A;2023-06-01;PRESTAMO SENCILLO 6;PS6;Pesos;1000000;1000;24;0;0;100;,00;Todos los beneficiarios;,00;522,12;Fija;783,62;,00;Todo el territorio nacional;SIN NOVEDAD
55305;SORAMUS S.A;2023-06-01;PRESTAMO SENCILLO 7;PS7;Pesos;1000000;1000;24;0;0;100;,00;Todos los beneficiarios;,00;579,30;Fija;879,73;,00;Todo el territorio nacional;SIN NOVEDAD
55305;SORAMUS S.A;2023-06-01;PRESTAMO SENCILLO 2;PS2;Pesos;1000000;1000;24;0;0;100;,00;Todos los beneficiarios;,00;331,44;Fija;474,07;,00;Todo el territorio nacional;SIN NOVEDAD
55305;SORAMUS S.A;2023-06-01;PRESTAMO SENCILLO 8;PS8;Pesos;1000000;1000;24;0;0;100;,00;Todos los beneficiarios;,00;641,00;Fija;984,91;,00;Todo el territorio nacional;SIN NOVEDAD
55305;SORAMUS S.A;2023-06-01;PRESTAMO SENCILLO 3;PS3;Pesos;1000000;1000;24;0;0;100;,00;Todos los beneficiarios;,00;373,89;Fija;541,33;,00;Todo el territorio nacional;SIN NOVEDAD
55307;RED DE PRESTAMOS SA;2024-11-15;PRESTAMOS MUNICIPALES CON CONVENIO DE DESCUENTOS DE HABERES;MUNICIPALES;Pesos;999000;1000;24;70000;6;64;20,00;Empleados públicos;,00;297,03;Fija;487,76;1807,16;Provincia de Buenos Aires;0
55307;RED DE PRESTAMOS SA;2024-11-15;PRESTAMOS PERSONALES DE CONSUMO DE PAGO VOLUNTARIO;CONSUMIDOR;Pesos;100000;1000;24;35000;6;64;30,00;Personas humanas en relación de dependencia;,00;891,83;Fija;999,99;2728,75;Provincia de Buenos Aires;0
55309;MUTUAL DEL PERSONAL DEL MINISTERIO DE EDUCACION Y JUSTICIA DE LA NACION;2026-03-04;PRESTAMOS PERSONALES;AYUDA ECONOMICA;Pesos;540000;10000;24;150000;12;65;20,00;Personas humanas en relación de dependencia;,00;204,00;Fija;204,00;1891,00;Provincia de Buenos Aires;PRESTAMOS PERSONALES A NUESTROS ASOCIADOS POR RECIBO DE HABERES
55309;MUTUAL DEL PERSONAL DEL MINISTERIO DE EDUCACION Y JUSTICIA DE LA NACION;2026-03-04;AYUDA POR CBU;AYUDA POR CBU;Pesos;280000;10000;18;150000;3;80;20,00;Personas humanas en relación de dependencia;,00;235,00;Fija;235,00;2218,00;Provincia de Buenos Aires;
55309;MUTUAL DEL PERSONAL DEL MINISTERIO DE EDUCACION Y JUSTICIA DE LA NACION;2026-03-04;AYUDA ECONOMICA SANTIAGO;AYUDA SANTIAGO;Pesos;530000;10000;24;150000;3;60;20,00;Personas humanas en relación de dependencia;,00;217,00;Fija;217,00;1942,00;Todo el territorio nacional;
55310;MACRO SOLUTIONS SA;2026-03-06;ALIANZA MICROCREDITOS4;NO TIENE;Pesos;3000000;10000;24;0;2;86;,20;Todos los beneficiarios;,15;4,20;Fija;5,08;1647,00;Todo el territorio nacional;
55310;MACRO SOLUTIONS SA;2026-03-06;ALIANZA MICROCREDITOS6;NO TIENE;Pesos;3000000;10000;24;0;2;86;,20;Todos los beneficiarios;,15;3,24;Fija;3,92;1463,00;Todo el territorio nacional;
55310;MACRO SOLUTIONS SA;2026-03-06;ALIANZA MICROCREDITOS3;NO TIENE;Pesos;3000000;10000;24;0;2;86;,20;Todos los beneficiarios;,15;4,75;Fija;5,75;1740,00;Todo el territorio nacional;
55310;MACRO SOLUTIONS SA;2026-03-06;ALIANZA MICROCREDITOS8;NO TIENE;Pesos;3000000;10000;24;0;2;86;,20;Todos los beneficiarios;,15;2,45;Fija;2,97;1285,00;Todo el territorio nacional;
55310;MACRO SOLUTIONS SA;2026-03-06;ALIANZA MICROCREDITOS1;NO TIENE;Pesos;3000000;45000;27;0;2;86;,20;Todos los beneficiarios;,15;6,03;Fija;7,30;8629,00;Todo el territorio nacional;
55310;MACRO SOLUTIONS SA;2026-03-06;ALIANZA MICROCREDITOS2;NO TIENE;Pesos;3000000;10000;24;0;2;86;,20;Todos los beneficiarios;,15;5,36;Fija;6,49;1835,00;Todo el territorio nacional;
55310;MACRO SOLUTIONS SA;2026-03-06;ALIANZA MICROCREDITOS5;NO TIENE;Pesos;3000000;10000;24;0;2;86;,20;Todos los beneficiarios;,15;3,70;Fija;4,48;1554,00;Todo el territorio nacional;
55310;MACRO SOLUTIONS SA;2026-03-06;ALIANZA MICROCREDITOS7;NO TIENE;Pesos;3000000;10000;24;0;2;86;,20;Todos los beneficiarios;,15;2,83;Fija;3,42;1373,00;Todo el territorio nacional;
55312;ABAN DIGITAL S.A.;2026-04-20;PRESTAMO PERSONAL;ADELANTO;Pesos;1000000;50000;3;500000;6;65;30,00;Todos los beneficiarios;10,00;4303,68;Fija;8446,17;60612,00;Todo el territorio nacional;
55313;MICODEMO S.A.;2023-10-31;PRESTAMOS PERDOPRESTAMOS PERSONALES;PRESTAMO PERSONAL;Pesos;70000;5000;12;0;6;75;,00;Empleados públicos;23,90;999,99;Fija;378,04;3600,00;Todo el territorio nacional;EL VALOR CORRECTO DE LA TASA EFECTIVA ANUAL ES 2574,57
55314;REGGIO DI CALABRIA S.R.L.;2023-05-23;PRESTAMO PERSONAL PROVINCIA - PUBLICO GENERAL;PUBLICO GENERAL PROVINCIA;Pesos;60000;500;18;0;12;79;35,00;Empleados públicos;,00;390,91;Fija;390,91;1799,00;Provincia de Buenos Aires;0                                                      
55314;REGGIO DI CALABRIA S.R.L.;2023-05-23;PRESTAMO PERSONAL NACION - PUBLICO GENERAL;PUBLICO GENERAL NACION;Pesos;50000;555;24;0;12;79;40,00;Empleados públicos;,00;483,45;Fija;483,45;1682,45;Todo el territorio nacional;0                                                      
55315;FINANCRED SA;2026-03-23;PPE HABITUAL ESPECIAL;PPE HABITUAL ESPECIAL;Pesos;500000;1000;12;50000;12;100;35,00;Personas humanas Monotributistas;,00;720,00;Fija;999,99;2480,00;Todo el territorio nacional;
55315;FINANCRED SA;2026-03-23;PPE HABITUAL ESPECIAL;PPE HABITUAL ESPECIAL;Pesos;500000;1000;12;50000;12;100;35,00;Personas humanas en relación de dependencia;,00;720,00;Fija;999,99;2480,00;Todo el territorio nacional;
55315;FINANCRED SA;2026-03-23;PPE HABITUAL ESPECIAL;PPE HABITUAL ESPECIAL;Pesos;500000;1000;12;50000;12;100;35,00;Personas humanas Responsables Inscriptos;,00;720,00;Fija;999,99;2480,00;Todo el territorio nacional;
55315;FINANCRED SA;2026-03-23;PPE HABITUAL ESPECIAL;PPE HABITUAL ESPECIAL;Pesos;500000;1000;12;50000;12;100;35,00;Empleados públicos;,00;720,00;Fija;999,99;2480,00;Todo el territorio nacional;
55317;BARSATEX S.A.;2026-06-23;PRESTAMO PERSONAL SIN GARANTIA;ANTICIPOCOMAR;Pesos;1000000;30000;12;380000;3;75;,20;Todos los beneficiarios;,00;66,22;Fija;80,12;420768,00;Todo el territorio nacional;
55323;SOLUCIONES INTEGRALES S.A.;2026-07-07;MICRO PRESTAMO PERSONAL;MICRO PRESTAMO PERSONAL;Pesos;150000;10000;6;0;6;100;,00;Personas humanas en relación de dependencia;,00;868,80;Fija;946,00;437500,00;Todo el territorio nacional;
55328;LOGINCREDIT S.A.;2025-09-24;PRESTAMOS EMPLEADOS CUOTAS FIJAS;PRESTAMOS EMPLEADOS;Pesos;300000;15000;9;25000;1;75;27,00;Personas humanas en relación de dependencia;25,00;144,90;Fija;193,20;2049,00;Ciudad Autónoma de Buenos Aires;CARGO MAXIMO POR CANCELACION ANTICIPADA 25 PORCIENTO CAPITAL ADEUDADO
55330;CREDILOW S.A.;2023-05-31;DNI MAS SERVICIO CLIENTE NUEVO;DNISCN;Pesos;42000;1;6;0;0;100;,00;Todos los beneficiarios;,00;999,99;Fija;999,99;3317,00;Provincia del Chaco;VALE MIL DOSCIENTOS TREINTA Y 1 CON OCHENTA Y NUEVE CENTAVOS
55330;CREDILOW S.A.;2023-05-31;DNI MAS SERVICIO CLIENTE NUEVO;DNISCN;Pesos;42000;1;6;0;0;100;,00;Todos los beneficiarios;,00;999,99;Fija;999,99;3317,00;Provincia de Mendoza;VALE MIL DOSCIENTOS TREINTA Y 1 CON OCHENTA Y NUEVE CENTAVOS
55330;CREDILOW S.A.;2023-05-31;JUBILADOS CLIENTE NUEVO;JCN;Pesos;81000;1;9;0;0;100;,00;Beneficiarios de cuentas de la seguridad social;,00;949,33;Fija;949,33;2612,00;Provincia del Chaco;
55330;CREDILOW S.A.;2023-05-31;JUBILADOS CLIENTE NUEVO;JCN;Pesos;81000;1;9;0;0;100;,00;Beneficiarios de cuentas de la seguridad social;,00;949,33;Fija;949,33;2612,00;Provincia de Santa Fe;
55330;CREDILOW S.A.;2023-05-31;RECIBO DE SUELDO CLIENTE NUEVO;RSCN;Pesos;143520;1;12;0;0;100;20,00;Todos los beneficiarios;,00;881,20;Fija;881,20;2334,00;Provincia del Chaco;
55330;CREDILOW S.A.;2023-05-31;JUBILADOSCLIENTENUEVO;JCN;Pesos;81000;1;9;0;0;100;,00;Beneficiarios de cuentas de la seguridad social;,00;949,33;Fija;949,33;2612,00;Provincia de Buenos Aires;
55330;CREDILOW S.A.;2023-05-31;JUBILADOS CLIENTE NUEVO;JCN;Pesos;81000;1;9;0;0;100;,00;Beneficiarios de cuentas de la seguridad social;,00;949,33;Fija;949,33;2612,00;Provincia de Córdoba;
55330;CREDILOW S.A.;2023-05-31;DNIMASSERVICIOCLIENTENUEVO;DNISCN;Pesos;42000;1;6;0;0;100;,00;Todos los beneficiarios;,00;999,99;Fija;999,99;3317,00;Provincia de Buenos Aires;VALE MIL DOSCIENTOS TREINTA Y CON OCHENTA Y NUEVE CENTAVOS
55330;CREDILOW S.A.;2023-05-31;DNI MAS SERVICIO CLIENTE NUEVO;DNISCN;Pesos;42000;1;6;0;0;100;,00;Todos los beneficiarios;,00;999,99;Fija;999,99;3317,00;Provincia de Córdoba;VALE MIL DOSCIENTOS TREINTA Y 1 CON OCHENTA Y NUEVE CENTAVOS
55330;CREDILOW S.A.;2023-05-31;RECIBO DE SUELDO CLIENTE NUEVO;RSCN;Pesos;143520;1;12;0;0;100;20,00;Todos los beneficiarios;,00;881,20;Fija;881,20;2334,00;Provincia de Santa Fe;
55330;CREDILOW S.A.;2023-05-31;RECIBO DE SUELDO CLIENTE NUEVO;RSCN;Pesos;143520;1;12;0;0;100;20,00;Todos los beneficiarios;,00;881,20;Fija;881,20;2334,00;Provincia de Córdoba;
55330;CREDILOW S.A.;2023-05-31;RECIBO DE SUELDO CLIENTE NUEVO;RSCN;Pesos;143520;1;12;0;0;100;20,00;Todos los beneficiarios;,00;881,20;Fija;881,20;2334,00;Provincia de Mendoza;
55330;CREDILOW S.A.;2023-05-31;JUBILADOS CLIENTE NUEVO;JCN;Pesos;81000;1;9;0;0;100;,00;Beneficiarios de cuentas de la seguridad social;,00;949,33;Fija;949,33;2612,00;Provincia de San Juan;
55330;CREDILOW S.A.;2023-05-31;JUBILADOS CLIENTE NUEVO;JCN;Pesos;81000;1;9;0;0;100;,00;Beneficiarios de cuentas de la seguridad social;,00;949,33;Fija;949,33;2612,00;Provincia de La Pampa;
55330;CREDILOW S.A.;2023-05-31;DNI MAS SERVICIO CLIENTE NUEVO;DNISCN;Pesos;42000;1;6;0;0;100;,00;Todos los beneficiarios;,00;999,99;Fija;999,99;3317,00;Provincia de La Pampa;VALE MIL DOSCIENTOS TREINTA Y 1 CON OCHENTA Y NUEVE CENTAVOS
55330;CREDILOW S.A.;2023-05-31;DNI MAS SERVICIO CLIENTE NUEVO;DNISCN;Pesos;42000;1;6;0;0;100;,00;Todos los beneficiarios;,00;999,99;Fija;999,99;3317,00;Ciudad Autónoma de Buenos Aires;VALE MIL DOSCIENTOS TREINTA Y 1 CON OCHENTA Y NUEVE CENTAVOS
55330;CREDILOW S.A.;2023-05-31;JUBILADOS CLIENTE NUEVO;JCN;Pesos;81000;1;9;0;0;100;,00;Beneficiarios de cuentas de la seguridad social;,00;949,33;Fija;949,33;2612,00;Ciudad Autónoma de Buenos Aires;
55330;CREDILOW S.A.;2023-05-31;DNI MAS SERVICIO CLIENTE NUEVO;DNISCN;Pesos;42000;1;6;0;0;100;,00;Todos los beneficiarios;,00;999,99;Fija;999,99;3317,00;Provincia de Santa Fe;VALE MIL DOSCIENTOS TREINTA Y 1 CON OCHENTA Y NUEVE CENTAVOS
55330;CREDILOW S.A.;2023-05-31;RECIBO DE SUELDO CLIENTE NUEVO;RSCN;Pesos;143520;1;12;0;0;100;20,00;Todos los beneficiarios;,00;881,20;Fija;881,20;2334,00;Provincia de La Pampa;
55330;CREDILOW S.A.;2023-05-31;JUBILADOS CLIENTE NUEVO;JCN;Pesos;81000;1;9;0;0;100;,00;Beneficiarios de cuentas de la seguridad social;,00;949,33;Fija;949,33;2612,00;Provincia de Mendoza;
55330;CREDILOW S.A.;2023-05-31;DNI MAS SERVICIO CLIENTE NUEVO;DNISCN;Pesos;42000;1;6;0;0;100;,00;Todos los beneficiarios;,00;999,99;Fija;999,99;3317,00;Provincia de San Juan;VALE MIL DOSCIENTOS TREINTA Y 1 CON OCHENTA Y NUEVE CENTAVOS
55330;CREDILOW S.A.;2023-05-31;RECIBODESUELDOCLIENTENUEVO;RSCN;Pesos;143520;1;12;0;0;100;20,00;Todos los beneficiarios;,00;881,20;Fija;881,20;2334,00;Provincia de Buenos Aires;
55330;CREDILOW S.A.;2023-05-31;RECIBO DE SUELDO CLIENTE NUEVO;RSCN;Pesos;143520;1;12;0;0;100;20,00;Todos los beneficiarios;,00;881,20;Fija;881,20;2334,00;Provincia de San Juan;
55330;CREDILOW S.A.;2023-05-31;RECIBO DE SUELDO CLIENTE NUEVO;RSCN;Pesos;143520;1;12;0;0;100;20,00;Todos los beneficiarios;,00;881,20;Fija;881,20;2334,00;Ciudad Autónoma de Buenos Aires;
55331;UNION DEL PERSONAL CIVIL DE LA PROVINCIA DEL CHACO;2022-03-10;PRESTAMOS PERSONALES;PERSONAL;Pesos;400000;1000;48;0;0;100;40,00;Empleados públicos;,00;10,00;Fija;10,00;10,00;Provincia del Chaco;
55332;FENIXCRED S.A.;2024-04-30;JUBILADO RIESGO BAJO;JUB.RRB;Pesos;600000;50000;12;400000;12;75;25,00;Beneficiarios de cuentas de la seguridad social;15,00;655,60;Fija;655,60;2093,13;Todo el territorio nacional;CLIENTES CON 1 PRESTAMO CANCELADO -SITUACION VIGENTE BCRA 1 Y 2
55332;FENIXCRED S.A.;2024-04-30;RECIBO DE SUELDO RIESGO BAJO;RCBO.RRB;Pesos;700000;50000;12;550000;12;70;25,00;Personas humanas en relación de dependencia;15,00;655,60;Fija;655,60;2093,13;Todo el territorio nacional;CLIENTES CON 1 PRESTAMO YA CANCELADO -SITUACION VIGENTE BCRA 1 Y 2
55332;FENIXCRED S.A.;2024-04-30;JUBILADO RIESGO MEDIO;JUB.RRM;Pesos;200000;50000;12;170000;12;75;25,00;Beneficiarios de cuentas de la seguridad social;15,00;655,60;Fija;655,60;2093,13;Todo el territorio nacional;NUEVOS CLIENTES Y CLIENTES -SITUACION VIGENTE BCRA HASTA 5
55332;FENIXCRED S.A.;2024-04-30;DNI Y SERVICIO;DNI.SERV;Pesos;400000;50000;12;150000;0;70;25,00;Personas humanas Responsables Inscriptos;15,00;915,41;Fija;915,41;2336,16;Todo el territorio nacional;NUEVOS CLIENTES -SITUACION VIGENTE BCRA HASTA 5
55332;FENIXCRED S.A.;2024-04-30;RECIBO DE SUELDO RIESGO MEDIO;RCBO.RRM;Pesos;200000;50000;12;350000;12;70;25,00;Personas humanas en relación de dependencia;15,00;655,60;Fija;655,60;2093,13;Todo el territorio nacional;NUEVOS CLIENTES -SITUACION VIGENTE BCRA HASTA 5
55333;El Nexo S.A.;2026-03-03;EL NEXO SA HABERES;NEXO RECIBO;Pesos;7500000;1000;48;0;0;100;40,00;Todos los beneficiarios;,00;133,78;Fija;177,37;903,00;Todo el territorio nacional;
55334;VALUARTE SRL;2026-04-23;VALUARTE SAN LORENZO;VALUARTE SL;Pesos;2000000;20000;30;0;6;65;40,00;Empleados públicos;30,00;199,71;Fija;135,82;12211,00;Provincia de Santa Fe;
55334;VALUARTE SRL;2026-04-23;VALUARTE PROVINCIALES SANTA FE;VALUARTE SF;Pesos;5000000;20000;36;0;6;65;,00;Empleados públicos;30,00;97,82;Fija;70,29;10909,00;Provincia de Santa Fe;
55334;VALUARTE SRL;2026-04-23;VALUARTE PROVINCIALES SF ADELANTO;VALUARTE SF AD;Pesos;5000000;20000;1;0;6;65;,00;Empleados públicos;30,00;81,51;Fija;94,94;14624,00;Provincia de Santa Fe;
55334;VALUARTE SRL;2026-04-23;VALUARTE ROSARIO;VALUARTE ROS;Pesos;1000000;20000;24;0;6;65;80,00;Empleados públicos;30,00;207,86;Fija;142,10;24989,00;Provincia de Santa Fe;
55334;VALUARTE SRL;2026-04-23;VALUARTE BMR;VALUARTE BMR;Pesos;1000000;20000;24;20000;6;65;40,00;Clientes que acrediten sueldos en la entidad;30,00;228,24;Fija;189,66;28021,00;Provincia de Santa Fe;
55334;VALUARTE SRL;2026-04-23;VALUARTE PASIVOS SANTA FE;VALUARTE PSF;Pesos;5000000;20000;18;0;6;80;,00;Empleados públicos;30,00;97,82;Fija;70,29;16581,00;Provincia de Santa Fe;
55334;VALUARTE SRL;2026-04-23;VALUARTE PASIVOS SF CUOTA 1;VALUARTE PSF AD;Pesos;5000000;20000;1;0;6;80;,00;Empleados públicos;30,00;105,97;Fija;110,78;14957,00;Provincia de Santa Fe;
55334;VALUARTE SRL;2026-04-23;VALUARTE PROVINCIALES RIO NEGRO;VALUARTE RN;Pesos;1000000;20000;24;100000;6;65;80,00;Empleados públicos;30,00;218,71;Fija;189,29;27303,00;Provincia de Río Negro;
55336;OSCAR BARBIERI S.A.;2026-06-25;CREDITO PARA LA COMPRA FINANCIADA DE PRODUCTOS EN OSCAR BARBIERI SA;CREDITO PERSONAL OBSA;Pesos;9000000;1;24;0;0;79;20,00;Todos los beneficiarios;,00;96,38;Fija;116,62;1251,00;Provincia de Catamarca;N/A 0D0A
55336;OSCAR BARBIERI S.A.;2026-06-25;CREDITO PARA LA COMPRA FINANCIADA DE PRODUCTOS EN OSCAR BARBIERI SA;CREDITO PERSONAL OBSA;Pesos;9000000;1;24;0;0;79;20,00;Todos los beneficiarios;,00;96,38;Fija;116,62;1251,00;Provincia de Salta;N/A 0D0A
55336;OSCAR BARBIERI S.A.;2026-06-25;CREDITO PARA LA COMPRA FINANCIADA DE PRODUCTOS EN OSCAR BARBIERI SA;CREDITO PERSONAL OBSA;Pesos;9000000;1;24;0;0;79;20,00;Todos los beneficiarios;,00;96,38;Fija;116,62;1251,00;Provincia de Tucumán;N/A
55337;NETTER SA;2023-02-07;CREDITOS PERSONALES;LINEA PLATINO - DEBITO;Pesos;100000;1000;36;15000;3;63;35,00;Clientes que acrediten sueldos en la entidad;35,00;220,76;Fija;304,34;1253,68;Todo el territorio nacional;
55338;TRESSFEN SA;2022-07-25;JUBILADO;J;Pesos;0;4000;12;0;6;75;,00;Beneficiarios de cuentas de la seguridad social;,00;127,28;Fija;127,28;1894,00;Todo el territorio nacional;
55338;TRESSFEN SA;2022-07-25;RECIBO DE SUELDO;RS;Pesos;0;15000;12;0;6;75;,00;Personas humanas en relación de dependencia;,00;127,28;Fija;127,28;1894,00;Todo el territorio nacional;
55338;TRESSFEN SA;2022-07-25;PENSIONADO;P;Pesos;0;12000;12;0;6;75;,00;Beneficiarios de cuentas de la seguridad social;,00;204,08;Fija;204,08;2534,00;Todo el territorio nacional;
55338;TRESSFEN SA;2022-07-25;DNI RENOVADOR;DR;Pesos;0;12000;12;0;0;75;,00;Todos los beneficiarios;,00;192,08;Fija;192,08;2434,00;Todo el territorio nacional;
55338;TRESSFEN SA;2022-07-25;RECIBO DE SUELDO RENOVADOR;RSR;Pesos;0;15000;12;0;0;75;,00;Personas humanas en relación de dependencia;,00;108,08;Fija;108,08;1734,00;Todo el territorio nacional;
55338;TRESSFEN SA;2022-07-25;D.N.I.;D;Pesos;0;12000;12;0;0;75;,00;Todos los beneficiarios;,00;228,08;Fija;228,08;2734,00;Todo el territorio nacional;
55339;MAEBA S.R.L.;2026-02-18;RAPICUOTAS EL PRESTAMO MAS RAPIDO DEL MUNDO;RAPICUOTAS;Pesos;3000000;25000;11;0;0;100;99,99;Todos los beneficiarios;15,00;15433,09;Fija;15433,09;263000,00;Todo el territorio nacional;
55340;FINANPRO S.R.L.;2026-02-18;RAPICUOTAS EL PRESTAMO MAS RAPIDO DEL MUNDO;RAPICUOTAS;Pesos;3000000;25000;11;0;0;100;99,99;Todos los beneficiarios;15,00;15433,09;Fija;15433,09;263000,00;Todo el territorio nacional;
55341;PROAVALAR S.R.L;2026-02-18;RAPICUOTAS ON LINE;RAPICUOTAS;Pesos;3000000;25000;11;0;0;100;99,99;Todos los beneficiarios;15,00;33561,78;Fija;33561,78;30900,00;Todo el territorio nacional;
55342;Asistir Cooperativa de Vivienda, Credito, Consumo y Servicios Sociales Limitada;2026-02-24;COOP ASISTIR HABERES;ASISTIR RECIBO;Pesos;7500000;1000;48;0;0;100;40,00;Todos los beneficiarios;,00;133,78;Fija;177,37;903,00;Todo el territorio nacional;
55349;AGILCRED S.A.;2026-07-03;AMORTIZABLES FRANCES CON CBU BANCO SANTA FE;AMORT. CBU SANTA FE;Pesos;2000000;1000;15;0;0;63;30,00;Personas humanas en relación de dependencia;10,00;480,90;Fija;1588,72;268385,00;Provincia de Santa Fe;EDAD MAXIMA SOLICITADA EN MUJERES: 58 AÑOS - EDAD MAXIMA SOLICITADA EN HOMBRES: 63 AÑOS
55349;AGILCRED S.A.;2026-07-03;AMORTIZABLES FRANCES CON CODIGO DE DESC ACTIVOS CABA;AMORT. COD. DES. CABA;Pesos;10000000;10000;36;0;0;65;30,00;Empleados públicos;10,00;213,60;Fija;398,40;93750,00;Ciudad Autónoma de Buenos Aires;EDAD MAXIMA SOLICITADA EN MUJERES: 60 AÑOS - EDAD MAXIMA SOLICITADA EN HOMBRES: 65 AÑOS
55349;AGILCRED S.A.;2026-07-03;AMORTIZABLES FRANCES CON CODIGO DE DESCUENTO ACTIVOS;AMORT. COD. DESCUENTO;Pesos;10000000;10000;36;0;0;79;30,00;Empleados públicos;10,00;74,55;Fija;94,55;67874,00;Provincia de Santa Fe;EDAD MAXIMA SOLICITADA EN MUJERES: 74 AÑOS - EDAD MAXIMA SOLICITADA EN HOMBRES: 79 AÑOS
55352;Cooperativa de vivienda crédito y consumo San José Ltda;2026-03-26;PRESTAMO PERSONAL SIN GARANTIA;PRESTAMO12;Pesos;500000;10000;12;0;12;58;30,00;Todos los beneficiarios;15,00;1086,70;Fija;1637,11;285000,00;Todo el territorio nacional;
55355;FULLCREDIT SA;2026-06-09;PRESTAMOS PERSONALES;PP00000057;Pesos;3000000;5000;24;300000;6;64;30,00;Todos los beneficiarios;,00;81,65;Fija;288,45;283314,00;Todo el territorio nacional;
55355;FULLCREDIT SA;2026-06-09;PRESTAMOS PERSONALES;PP00000056;Pesos;2000000;5000;24;300000;6;64;30,00;Todos los beneficiarios;25,00;81,65;Fija;288,45;283314,00;Todo el territorio nacional;
55355;FULLCREDIT SA;2026-06-09;PRESTAMOS PERSONALES;PP00000052;Pesos;4000000;50000;24;380000;6;64;30,00;Todos los beneficiarios;25,00;162,37;Fija;288,13;313013,00;Todo el territorio nacional;
55355;FULLCREDIT SA;2026-06-09;PRESTAMOS PERSONALES;PP00000029;Pesos;3000000;20000;24;20000;12;67;40,00;Todos los beneficiarios;15,00;407,77;Fija;614,74;358301,00;Todo el territorio nacional;
55355;FULLCREDIT SA;2026-06-09;PRESTAMOS PERSONALES;PP00000054;Pesos;4000000;100000;24;300000;6;64;30,00;Todos los beneficiarios;25,00;164,12;Fija;376,62;326399,00;Todo el territorio nacional;
55355;FULLCREDIT SA;2026-06-09;PRESTAMOS PERSONALES;PP00000062;Pesos;4000000;50000;36;380000;6;64;25,00;Todos los beneficiarios;,00;81,65;Fija;,00;55556,00;Todo el territorio nacional;
55355;FULLCREDIT SA;2026-06-09;PRESTAMOS PERSONALES;PP00000058;Pesos;4000000;50000;36;380000;6;64;30,00;Todos los beneficiarios;,00;81,65;Fija;386,08;319057,00;Todo el territorio nacional;
55355;FULLCREDIT SA;2026-06-09;PRESTAMOS PERSONALES;PP00000061;Pesos;4000000;50000;36;380000;6;64;30,00;Todos los beneficiarios;,00;81,65;Fija;999,99;1268974,00;Todo el territorio nacional;
55355;FULLCREDIT SA;2026-06-09;PRESTAMOS PERSONALES;PP00000055;Pesos;4000000;40000;24;300000;6;79;30,00;Todos los beneficiarios;,00;162,37;Fija;288,13;313013,00;Todo el territorio nacional;
55355;FULLCREDIT SA;2026-06-09;PRESTAMOS PERSONALES;PP00000053;Pesos;3000000;50000;24;500000;1;79;30,00;Todos los beneficiarios;,00;105,59;Fija;540,34;394241,00;Todo el territorio nacional;
55355;FULLCREDIT SA;2026-06-09;PRESTAMOS PERSONALES;PP00000060;Pesos;4000000;50000;36;380000;6;64;30,00;Todos los beneficiarios;,00;81,65;Fija;999,99;775483,00;Todo el territorio nacional;
55356;G10 EMPRENDIMIENTOS SA;2026-07-07;PLAN GENERAL;PLAN BONI 24 C DEMO;Pesos;5000000;1;24;327000;12;70;30,00;Todos los beneficiarios;99,99;373,81;Fija;373,81;144867,00;Provincia de Misiones; 
55356;G10 EMPRENDIMIENTOS SA;2026-07-07;DEBICUOTAS;DEBICUOTAS;Pesos;1500000;1;12;327000;12;70;35,00;Todos los beneficiarios;99,99;392,77;Fija;392,77;178333,00;Provincia de Misiones; 
55356;G10 EMPRENDIMIENTOS SA;2026-07-07;PLAN SIN DEMOSTRACION;PLAN SIN DEMOSTRACION;Pesos;2500000;1;18;327000;12;70;35,00;Todos los beneficiarios;99,99;357,98;Fija;357,98;150556,00;Provincia de Misiones; 
55356;G10 EMPRENDIMIENTOS SA;2026-07-07;PLAN PROMOCIONAL SIN DEMOSTRACION;PLAN PROMOCIONAL SIN DEMO;Pesos;2000000;1;18;327000;12;70;30,00;Todos los beneficiarios;99,99;357,98;Fija;357,98;150556,00;Provincia de Misiones; 
55356;G10 EMPRENDIMIENTOS SA;2026-07-07;PRESTO 10 MOTOS;PRESTO 10 MOTOS;Pesos;5000000;1;24;327000;12;70;60,00;Todos los beneficiarios;99,99;330,15;Fija;330,15;136667,00;Provincia de Misiones; 
55356;G10 EMPRENDIMIENTOS SA;2026-07-07;PLAN GENERAL EXTERNOS;PLAN GENERAL EXTERNOS;Pesos;1000000;1;12;327000;12;70;50,00;Todos los beneficiarios;99,99;449,73;Fija;449,73;186533,00;Provincia de Misiones; 
55357;CREDIBEL S.A.;2026-04-13;PRESTAMO CREDIBEL CLASICO;PRESTAMO CLASICO;Pesos;10000;2000;12;5000;12;80;25,00;Personas humanas en relación de dependencia;2,00;87,00;Fija;128,00;1170,00;Todo el territorio nacional;0
55357;CREDIBEL S.A.;2026-04-13;PRESTAMO CREDIBEL CLASICO;PRESTAMO CLASICO;Pesos;30000;5000;24;5000;12;80;25,00;Personas humanas en relación de dependencia;2,00;47,86;Fija;95,72;2430,00;Todo el territorio nacional;0
55360;Credi-Full S.A.;2022-04-22;PRESTAMO SIMPLE;PS;Pesos;30000;3000;24;0;12;55;30,00;Personas humanas en relación de dependencia;,00;66,50;Fija;66,99;2017,00;Provincia de Buenos Aires;
55361;DESARROLLOS AYTER S.A.;2021-11-19;PASIVOS DE LA PROVINCIA DE SANTA FE;PAS SFE;Pesos;150000;10000;36;0;0;0;30,00;Personas humanas en relación de dependencia;,00;114,00;Fija;175,00;840,52;Provincia de Santa Fe;
55361;DESARROLLOS AYTER S.A.;2021-11-19;ACTIVOS DE LA PROVINCIA DE SANTA FE;ACT SFE;Pesos;150000;10000;36;0;0;0;30,00;Personas humanas en relación de dependencia;,00;114,00;Fija;175,00;840,52;Provincia de Santa Fe;
55362;ONOYEN S.R.L.;2022-02-24;PRESTAMOPERSONAL;PP;Pesos;700000;5000;48;33000;6;80;30,00;Empleados públicos;3,00;73,00;Fija;88,00;567,00;Todo el territorio nacional;0
55362;ONOYEN S.R.L.;2022-02-24;PRESTAMOPERSONAL;PP;Pesos;700000;5000;48;33000;6;80;30,00;Personas humanas en relación de dependencia;3,00;73,00;Fija;88,00;567,00;Todo el territorio nacional;0
55366;CYAP NOW S.A.;2026-04-17;PROVINCIALES CHUBUT;PROV.CH;Pesos;1000000;10000;18;357800;12;79;25,00;Empleados públicos;,00;289,60;Fija;289,60;13793,00;Provincia del Chubut;NUEVOS CLIENTES -SITUACION VIGENTE BCRA 1, 2 Y 3
55366;CYAP NOW S.A.;2026-04-17;PROVINCIALES MENDOZA;PROV.MZA;Pesos;1000000;10000;18;357800;12;65;25,00;Empleados públicos;,00;213,84;Fija;213,84;12349,00;Provincia de Mendoza;NUEVOS CLIENTES -SITUACION VIGENTE BCRA 1, 2 Y 3
55366;CYAP NOW S.A.;2026-04-17;MUNICIPALES LOMAS DE ZAMORA;MUN.LZ;Pesos;500000;10000;12;357800;12;65;25,00;Empleados públicos;,00;213,84;Fija;213,84;14690,00;Provincia de Buenos Aires;NUEVOS CLIENTES -SITUACION VIGENTE BCRA 1, 2 Y 3
55367;INVERSORA DEL NORTE S.A.;2026-07-02;PROGRESAR CREDITOS;CREDITO;Pesos;10000000;10000;24;500000;12;65;30,00;Todos los beneficiarios;3,00;500,00;Fija;500,00;2338,00;Todo el territorio nacional;
55367;INVERSORA DEL NORTE S.A.;2026-07-02;PROGRESAR PREMIUM;PREMIUM;Pesos;2000000;10000;12;50000;12;65;30,00;Todos los beneficiarios;3,00;500,00;Fija;500,00;2285,00;Todo el territorio nacional;
55367;INVERSORA DEL NORTE S.A.;2026-07-02;PROGRESAR CONVENIO;CONVENIO;Pesos;20000000;10000;18;500000;12;65;30,00;Todos los beneficiarios;3,00;500,00;Fija;500,00;2390,00;Todo el territorio nacional;
55367;INVERSORA DEL NORTE S.A.;2026-07-02;PROGRESAR DIFERIMIENTO;DIFERIMIENTO;Pesos;1000000;10000;24;50000;12;64;30,00;Todos los beneficiarios;3,00;500,00;Fija;500,00;2583,00;Todo el territorio nacional;
55370;CREDIL S.R.L.;2026-06-12;CREDIL EL MEJOR CREDITO SIEMPRE; PLAN CON DNI;Pesos;500000;20000;5;0;0;90;,00;Todos los beneficiarios;15,00;1756,69;Fija;3062,38;442440,00;Todo el territorio nacional;NO
55370;CREDIL S.R.L.;2026-06-12;CREDIL EL MEJOR CREDITO SIEMPRE; PLAN CON INGRESO;Pesos;8000000;20000;15;50000;6;90;35,00;Todos los beneficiarios;15,00;369,33;Fija;534,06;186970,00;Provincia de Buenos Aires;NO
55374;EJS S.A.;2026-04-17;EJS SA HABERES;HABERES;Pesos;3000000;50000;24;500000;6;65;20,00;Todos los beneficiarios;4,00;390,11;Fija;390,11;1934,00;Todo el territorio nacional;
55377;Clave Creditos S.A.;2025-08-06;PRESTAMO PERSONAL;PRESTAMO PERSONAL;Pesos;4000000;30000;36;0;3;65;,00;Empleados públicos;10,00;380,90;Fija;380,90;13923,00;Provincia de Córdoba;EL GASTO POR CANCELACION ANTICIPADA ES DEL 10 POR CIENTO MAS IVA Y NO SE COBRARA CUANDO AL MOMENTO DE EFECTUAR LA PRECANCELACION TOTAL HAYA TRANSCURRIDO AL MENOS LA CUARTA PARTE DEL PLAZO ORIGINAL DE LA FINANCIACION, O 180 DIAS CORRIDOS DESDE EL OTORGAMIENTO, DE AMBOS EL MAYOR
55377;Clave Creditos S.A.;2025-08-06;PRESTAMO PERSONAL;PRESTAMO PERSONAL;Pesos;4000000;30000;48;0;3;65;,00;Empleados públicos;10,00;324,03;Fija;324,03;12660,00;Provincia de Jujuy;EL GASTO POR CANCELACION ANTICIPADA ES DEL 10 POR CIENTO MAS IVA Y NO SE COBRARA CUANDO AL MOMENTO DE EFECTUAR LA PRECANCELACION TOTAL HAYA TRANSCURRIDO AL MENOS LA CUARTA PARTE DEL PLAZO ORIGINAL DE LA FINANCIACION, O 180 DIAS CORRIDOS DESDE EL OTORGAMIENTO, DE AMBOS EL MAYOR
55377;Clave Creditos S.A.;2025-08-06;PRESTAMO PERSONAL;PRESTAMO PERSONAL;Pesos;2000000;30000;36;0;3;65;,00;Empleados públicos;10,00;401,73;Fija;401,73;14309,00;Provincia de San Luis;EL GASTO POR CANCELACION ANTICIPADA ES DEL 10 POR CIENTO MAS IVA Y NO SE COBRARA CUANDO AL MOMENTO DE EFECTUAR LA PRECANCELACION TOTAL HAYA TRANSCURRIDO AL MENOS LA CUARTA PARTE DEL PLAZO ORIGINAL DE LA FINANCIACION, O 180 DIAS CORRIDOS DESDE EL OTORGAMIENTO, DE AMBOS EL MAYOR
55377;Clave Creditos S.A.;2025-08-06;PRESTAMO PERSONAL;PRESTAMO PERSONAL;Pesos;4000000;30000;36;0;3;65;,00;Empleados públicos;10,00;401,73;Fija;401,73;14309,00;Provincia de Mendoza;LA CUOTA MAXIMA A OTORGAR ES DEFINIDA POR CERTIFICADO DE HABERES. EL GASTO POR CANCELACION ANTICIPADA ES DEL 10 POR CIENTO MAS IVA Y NO SE COBRARA CUANDO AL MOMENTO DE EFECTUAR LA PRECANCELACION TOTAL HAYA TRANSCURRIDO AL MENOS LA CUARTA PARTE DEL PLAZO ORIGINAL DE LA FINANCIACION, O 180 DIAS CORRIDOS DESDE EL OTORGAMIENTO, DE AMBOS EL MAYOR
55377;Clave Creditos S.A.;2025-08-06;PRESTAMO PERSONAL;PRESTAMO PERSONAL;Pesos;4000000;0;48;0;3;65;,00;Empleados públicos;10,00;2397,08;Fija;2397,08;30332,00;Provincia de La Rioja; EL GASTO POR CANCELACION ANTICIPADA ES DEL 10 POR CIENTO MAS IVA Y NO SE COBRARA CUANDO AL MOMENTO DE EFECTUAR LA PRECANCELACION TOTAL HAYA TRANSCURRIDO AL MENOS LA CUARTA PARTE DEL PLAZO ORIGINAL DE LA FINANCIACION, O 180 DIAS CORRIDOS DESDE EL OTORGAMIENTO, DE AMBOS EL MAYOR
55377;Clave Creditos S.A.;2025-08-06;PRESTAMO PERSONAL;PRESTAMO PERSONAL;Pesos;800000;10000;48;0;1;85;,00;Beneficiarios de cuentas de la seguridad social;10,00;357,76;Fija;357,76;13362,00;Todo el territorio nacional;LA CUOTA MAXIMA A OTORGAR ES DEFINIDA POR CERTIFICADO DE HABERES. EL GASTO POR CANCELACION ANTICIPADA ES DEL 10 POR CIENTO MAS IVA Y NO SE COBRARA  CUANDO AL MOMENTO DE EFECTUAR LA PRECANCELACION TOTAL HAYA TRANSCURRIDO AL MENOS LA CUARTA PARTE DEL PLAZO ORIGINAL DE LA FINANCIACION, O 180 DIAS CORRIDOS DESDE EL OTORGAMIENTO, DE AMBOS EL MAYOR
55381;CREDIGOL S.A.;2026-06-17;GOLCRED 45;G45;Pesos;8000000;100000;12;0;1;100;99,99;Todos los beneficiarios;15,00;865,65;Fija;1385,63;2700,00;Provincia del Chubut;
55381;CREDIGOL S.A.;2026-06-17;GOLCRED 30;G30;Pesos;8000000;100000;12;0;1;100;99,99;Todos los beneficiarios;15,00;780,24;Fija;1231,35;2600,00;Provincia de Río Negro;
55381;CREDIGOL S.A.;2026-06-17;GOLCRED 30;G30;Pesos;8000000;100000;12;0;1;100;99,99;Todos los beneficiarios;15,00;780,24;Fija;1231,35;2600,00;Provincia del Chubut;
55381;CREDIGOL S.A.;2026-06-17;GOLCRED 30;G30;Pesos;8000000;100000;12;0;1;100;99,99;Todos los beneficiarios;15,00;780,24;Fija;1231,35;2600,00;Provincia de Buenos Aires;
55381;CREDIGOL S.A.;2026-06-17;GOLCRED 45;G45;Pesos;8000000;100000;12;0;1;100;99,99;Todos los beneficiarios;15,00;865,65;Fija;1385,63;2700,00;Provincia de Río Negro;
55381;CREDIGOL S.A.;2026-06-17;GOLCRED 30;G30;Pesos;8000000;100000;12;0;1;100;99,99;Todos los beneficiarios;15,00;780,24;Fija;1231,35;2600,00;Provincia de Santa Cruz;
55381;CREDIGOL S.A.;2026-06-17;GOLCRED 45;G45;Pesos;8000000;100000;12;0;1;100;99,99;Todos los beneficiarios;15,00;865,65;Fija;1385,63;2700,00;Provincia de Buenos Aires;
55381;CREDIGOL S.A.;2026-06-17;GOLCRED 45;G45;Pesos;8000000;100000;12;0;1;100;99,99;Todos los beneficiarios;15,00;865,65;Fija;1385,63;2700,00;Provincia de Santa Cruz;
55388;CREDLAP S.A.;2026-07-07;CREDLAP GOLD (LINEA EXCLUSIVA);CREDLAP GOLD;Pesos;1500000;25000;48;0;1;100;99,99;Todos los beneficiarios;,00;604,39;Fija;604,39;2597,00;Todo el territorio nacional;
55388;CREDLAP S.A.;2026-07-07;CREDLAP (R.MEDIO);CREDLAP;Pesos;1500000;25000;48;0;1;100;99,99;Todos los beneficiarios;,00;3360,11;Fija;3360,11;4261,00;Todo el territorio nacional;
55388;CREDLAP S.A.;2026-07-07;CREDLAP (R.ALTO);CREDLAP RIESGO ALTO;Pesos;1500000;25000;48;0;1;100;99,99;Todos los beneficiarios;,00;16488,47;Fija;16488,47;6127,00;Todo el territorio nacional;
55397;BELMONT CAPITAL S.A.;2023-11-17;MUTUAL PATAGONIA SUR;PAT SUR;Pesos;1000000;10000;31;120000;6;65;40,00;Empleados públicos;,00;162,39;Fija;180,21;912,59;Provincia del Chubut;SIN OBSERVACIONES 0D 0A
55397;BELMONT CAPITAL S.A.;2023-11-17;SOCIEDAD ESPAÑOLA DE SOCORROS MUTUOS DE BENEFICIENCIA DE VALENTIN ALSINA;SOCIEDAD  ESPAÑOLA;Pesos;1000000;10000;31;120000;6;65;40,00;Empleados públicos;,00;119,69;Fija;176,04;780,02;Provincia de Buenos Aires;SIN OBSERVACIONES 0D 0A
55397;BELMONT CAPITAL S.A.;2023-11-17;ASOCIACION MUTUAL BUENOS AIRES SALUD;AMBAS;Pesos;1000000;10000;31;120000;6;65;40,00;Empleados públicos;,00;119,69;Fija;176,04;780,02;Ciudad Autónoma de Buenos Aires;SIN OBSERVACIONES 0D 0A
55397;BELMONT CAPITAL S.A.;2023-11-17;SINDICATO DE TRABAJADORES MUNICIPALES PINAMAR;PINAMAR;Pesos;1000000;10000;31;120000;6;65;40,00;Empleados públicos;,00;93,52;Fija;128,29;691,15;Provincia de Buenos Aires;SIN OBSERVACIONES 0D 0A
55397;BELMONT CAPITAL S.A.;2023-11-17;SINDICATO DE TRABAJADORES MUNICIPALES NAVARRO;NAVARRO;Pesos;1000000;10000;31;120000;6;65;40,00;Empleados públicos;,00;113,16;Fija;145,08;758,41;Provincia de Buenos Aires;SIN OBSERVACIONES 0D 0A
55399;MAMLUSENA S.A.;2025-02-28;PLAN MOTOS 13 ;PLAN MOTOS 13;Pesos;1500000;1000;18;0;0;100;,00;Todos los beneficiarios;,00;588,46;Fija;895,25;2180,00;Todo el territorio nacional;
55399;MAMLUSENA S.A.;2025-02-28;LOCAL - REDITO 7;LOCAL - REDITO 7;Pesos;2000000;1000;15;0;0;100;,00;Todos los beneficiarios;,00;527,59;Fija;792,75;2140,00;Todo el territorio nacional;
55399;MAMLUSENA S.A.;2025-02-28;PLAN PRODUCTOS 8 ;PLAN PRODUCTOS 8 ;Pesos;2500000;1000;15;0;0;100;,00;Todos los beneficiarios;,00;420,82;Fija;616,87;1950,00;Todo el territorio nacional;
55399;MAMLUSENA S.A.;2025-02-28;PLAN COMERCIO CUOTA 1 AL DIA 11;PLAN COMERCIO CUOTA 1 AL ;Pesos;500000;1000;9;0;0;100;,00;Todos los beneficiarios;,00;664,86;Fija;1025,95;2670,00;Todo el territorio nacional;
55399;MAMLUSENA S.A.;2025-02-28;LOCAL - REDITO 10;LOCAL - REDITO 10;Pesos;2000000;1000;12;0;0;100;,00;Todos los beneficiarios;,00;1248,36;Fija;2082,03;3070,00;Todo el territorio nacional;
55399;MAMLUSENA S.A.;2025-02-28;PLAN COMERCIO CUOTA 1 AL DIA 8 ;PLAN COMERCIO CUOTA 1 AL ;Pesos;300000;1000;9;0;0;100;,00;Todos los beneficiarios;,00;397,08;Fija;578,51;2270,00;Todo el territorio nacional;
55399;MAMLUSENA S.A.;2025-02-28;PLAN PRODUCTOS 11;PLAN PRODUCTOS 11 ;Pesos;1000000;1000;12;0;0;100;,00;Todos los beneficiarios;,00;699,93;Fija;1086,66;2500,00;Todo el territorio nacional;
55399;MAMLUSENA S.A.;2025-02-28;LOCAL - REDITO 9;LOCAL - REDITO 9;Pesos;2000000;5000;12;0;0;100;,00;Todos los beneficiarios;,00;954,54;Fija;1538,97;2795,00;Todo el territorio nacional;
55399;MAMLUSENA S.A.;2025-02-28;PLAN MOTOS 10 ;PLAN MOTOS 10 ;Pesos;1500000;1000;18;0;0;100;,00;Todos los beneficiarios;,00;539,80;Fija;813,19;2100,00;Todo el territorio nacional;
55399;MAMLUSENA S.A.;2025-02-28;PLAN MOTOS 9 ;PLAN MOTOS 9 ;Pesos;3000000;1000;18;0;0;100;,00;Todos los beneficiarios;,00;320,86;Fija;457,48;1666,00;Todo el territorio nacional;
55399;MAMLUSENA S.A.;2025-02-28;PLAN COMERCIO CUOTA 1 AL DIA 5;PLAN COMERCIO CUOTA 1 AL ;Pesos;300000;1000;9;0;0;100;,00;Todos los beneficiarios;,00;220,30;Fija;303,43;1900,00;Todo el territorio nacional;
55399;MAMLUSENA S.A.;2025-02-28;PLAN COMERCIO CUOTA 1 AL DIA 7;PLAN COMERCIO CUOTA 1 AL ;Pesos;300000;5000;9;0;0;100;,00;Todos los beneficiarios;,00;284,92;Fija;401,62;2050,00;Todo el territorio nacional;
55399;MAMLUSENA S.A.;2025-02-28;PLAN COMERCIO 9 ;PLAN COMERCIO 9 ;Pesos;800000;1000;12;0;0;100;,00;Todos los beneficiarios;,00;518,24;Fija;777,13;2239,00;Todo el territorio nacional;
55399;MAMLUSENA S.A.;2025-02-28;PLAN COMERCIO 7;PLAN COMERCIO 7 ;Pesos;1200000;1000;12;0;0;100;,00;Todos los beneficiarios;,00;376,70;Fija;545,83;1990,00;Todo el territorio nacional;
55399;MAMLUSENA S.A.;2025-02-28;LOCAL - REDITO 8;LOCAL - REDITO 8;Pesos;2000000;1000;12;0;0;100;,00;Todos los beneficiarios;,00;707,60;Fija;1099,98;2510,00;Todo el territorio nacional;
55399;MAMLUSENA S.A.;2025-02-28;PLAN COMERCIO 11 ;PLAN COMERCIO 11 ;Pesos;1000000;2000;12;0;0;100;,00;Todos los beneficiarios;,00;707,60;Fija;1099,98;2510,00;Todo el territorio nacional;
55399;MAMLUSENA S.A.;2025-02-28;LOCAL - REDITO 6;LOCAL - REDITO 6;Pesos;3000000;1000;15;0;0;100;,00;Todos los beneficiarios;,00;377,06;Fija;546,40;1864,00;Todo el territorio nacional;
55400;MICRO SISTEMAS S. A. U.;2026-07-08;CUOTAS CONSUMO;CUOTAS;Pesos;5000000;1;12;0;0;100;30,00;Todos los beneficiarios;,00;999,99;Fija;999,99;134206,00;Todo el territorio nacional;0
55400;MICRO SISTEMAS S. A. U.;2026-07-08;PREESTAMOS;PRESTAMOS;Pesos;5000000;1;12;0;0;100;30,00;Todos los beneficiarios;,00;999,99;Fija;999,99;134206,00;Todo el territorio nacional;0
55400;MICRO SISTEMAS S. A. U.;2026-07-08;EXTRA PAY;EP;Pesos;1000000;1;12;0;0;100;30,00;Todos los beneficiarios;,00;999,99;Fija;999,99;134206,00;Todo el territorio nacional;0
55403;FACILCRED S.A.;2026-06-09;PRESTAMO CON TRASFERENCIA EN CBU 6;PRESTAMOS 6;Pesos;400000;100000;6;0;0;100;30,00;Todos los beneficiarios;,00;1318,17;Fija;1402,00;139,00;Todo el territorio nacional;
55403;FACILCRED S.A.;2026-06-09;PRESTAMO CON TRASFERENCIA EN CBU 12;PRESTAMOS 12;Pesos;600000;100000;12;0;0;100;30,00;Todos los beneficiarios;,00;1503,97;Fija;1600,00;136,00;Todo el territorio nacional;
55403;FACILCRED S.A.;2026-06-09;PRESTAMO CON TRASFERENCIA EN CBU 3;PRESTAMOS 3;Pesos;400000;100000;3;0;0;100;30,00;Todos los beneficiarios;,00;1260,71;Fija;1341,00;205,00;Todo el territorio nacional;
55403;FACILCRED S.A.;2026-06-09;PRESTAMO CON TRASFERENCIA EN CBU 9;PRESTAMOS 9;Pesos;500000;100000;9;0;0;100;30,00;Todos los beneficiarios;,00;1377,83;Fija;1466,00;122,00;Todo el territorio nacional;
55409;Finet SA;2026-04-28;PRESTAMO PERSONAL;PRESTAMO PERSONAL;Pesos;219000;1000;9;0;6;100;20,00;Todos los beneficiarios;,00;661,15;Fija;800,00;6111,00;Todo el territorio nacional;
55412;Delivery Hero Financial Services SA;2026-05-07;CREDITOS A REPARTIDORES;CREDITOS A REPARTIDORES;Pesos;2530000;20000;12;0;0;100;,00;Personas humanas Monotributistas;,00;338,60;Fija;485,50;385,00;Todo el territorio nacional;
55413;ASOCIACIÓN MUTUAL PILARENSES;2026-06-18;PRESTAMOS PERSONALES;PRESTAMOS;Pesos;10000000;100000;36;0;12;63;40,00;Empleados públicos;10,00;225,00;Fija;246,00;98180,00;Ciudad Autónoma de Buenos Aires;PRESTAMOS PERSONALES
55419;Daneio SA;2026-06-24;100UNER3;UNER;Pesos;500000;10000;3;0;0;100;60,00;Empleados públicos;15,00;3346,06;Fija;6115,31;641513,00;Provincia de Entre Ríos;
55419;Daneio SA;2026-06-24;001UCSC1;UCSC;Pesos;200000;10000;1;0;0;100;60,00;Empleados públicos;15,00;7346,82;Fija;14055,82;1522937,00;Provincia de Santa Cruz;
55419;Daneio SA;2026-06-24;100UNER6;UNER;Pesos;500000;10000;6;0;0;100;60,00;Empleados públicos;15,00;2974,57;Fija;5405,07;461075,00;Provincia de Entre Ríos;
55419;Daneio SA;2026-06-24;002UCSC12;UCSC;Pesos;500000;10000;12;0;0;100;60,00;Empleados públicos;15,00;1205,71;Fija;2002,27;303330,00;Provincia de Santa Cruz;
55419;Daneio SA;2026-06-24;100UNER1;UNER;Pesos;200000;10000;1;0;0;100;60,00;Empleados públicos;15,00;3346,06;Fija;5864,96;1415158,00;Provincia de Entre Ríos;
55419;Daneio SA;2026-06-24;010UCSC18;UCSC;Pesos;1000000;10000;18;0;0;100;60,00;Empleados públicos;15,00;860,37;Fija;1367,98;255553,00;Provincia de Santa Cruz;
55419;Daneio SA;2026-06-24;101UNER12;UNER;Pesos;500000;10000;12;0;0;100;60,00;Empleados públicos;15,00;1827,94;Fija;2709,40;348940,00;Provincia de Entre Ríos;
55419;Daneio SA;2026-06-24;001UCSC6;UCSC;Pesos;500000;10000;6;0;0;100;60,00;Empleados públicos;15,00;2373,69;Fija;4314,96;436665,00;Provincia de Santa Cruz;
55419;Daneio SA;2026-06-24;001UCSC3;UCSC;Pesos;500000;10000;3;0;0;100;60,00;Empleados públicos;15,00;2811,01;Fija;5289,15;623337,00;Provincia de Santa Cruz;
55423;SCORING X S.A.U.;2026-06-10;SCORING X PRESTAMOS PRENDARIOS;PRESTAMO PERSONAL;Pesos;100000000;10000;36;0;0;100;30,00;Todos los beneficiarios;,00;64,41;Fija;96,09;66546,00;Todo el territorio nacional;
55424;SOLUCIONES FINANCORP SA;2026-06-11;MI CREDITO QUINCENAL;QUINCENAL;Pesos;640000;120000;4;400000;0;0;25,00;Personas humanas en relación de dependencia;,00;653,85;Fija;791,16;450000,00;Provincia de Buenos Aires;
55424;SOLUCIONES FINANCORP SA;2026-06-11;MI CREDITO QUINCENAL;QUINCENAL;Pesos;640000;120000;4;400000;0;0;25,00;Personas humanas Responsables Inscriptos;,00;653,85;Fija;791,16;450000,00;Provincia de Buenos Aires;
55424;SOLUCIONES FINANCORP SA;2026-06-11;MI CREDITO QUINCENAL;QUINCENAL;Pesos;640000;120000;4;400000;0;0;25,00;Empleados públicos;,00;653,85;Fija;791,16;450000,00;Provincia de Buenos Aires;
55424;SOLUCIONES FINANCORP SA;2026-06-11;MI CREDITO SEMANAL;SEMANAL;Pesos;640000;120000;3;400000;0;0;11,00;Todos los beneficiarios;,00;622,61;Fija;753,35;206667,00;Provincia de Buenos Aires;
55425;MOOVITECH S.A.;2026-07-07;PAGO CUOTAS NUEVOS CLIENTES;PAGO-CUOTAS-NUEVOS-CLIENT;Pesos;845547;21139;6;0;0;100;99,99;Todos los beneficiarios;,00;209,18;Fija;25364,27;11210,00;Todo el territorio nacional;PLAZO MAXIMO: 206 DIAS
55425;MOOVITECH S.A.;2026-07-07;PAGO UNICO RENOVADORES;PAGO-UNICO-RENOVADORES;Pesos;211387;21139;1;0;0;100;99,99;Todos los beneficiarios;,00;222,63;Fija;17290,34;17231,00;Todo el territorio nacional;PLAZO MAXIMO: 56 DIAS
55425;MOOVITECH S.A.;2026-07-07;PAGO CUOTAS RENOVADORES;PAGO-CUOTAS-RENOVADORES;Pesos;1409245;21139;9;0;0;100;99,99;Todos los beneficiarios;,00;209,18;Fija;25364,27;11209,00;Todo el territorio nacional;PLAZO MAXIMO: 296 DIAS
55425;MOOVITECH S.A.;2026-07-07;PAGO UNICO NUEVOS CLIENTES;PAGO-UNICO-NUEVOS-CLIENTE;Pesos;211387;21139;1;0;0;100;99,99;Todos los beneficiarios;,00;222,63;Fija;17290,34;17231,00;Todo el territorio nacional;PLAZO MAXIMO: 56 DIAS
55432;LUCSE INVERSIONES S.A.;2025-02-27;PLAN COMERCIO CUOTA 1 AL DIA 7 ;PLAN COMERCIO CUOTA 1 AL ;Pesos;300000;5000;9;0;0;100;,00;Todos los beneficiarios;,00;284,92;Fija;401,62;2050,00;Todo el territorio nacional;
55432;LUCSE INVERSIONES S.A.;2025-02-27;PLAN PRODUCTOS 11 ;PLAN PRODUCTOS 11 ;Pesos;1000000;1000;12;0;0;100;,00;Todos los beneficiarios;,00;699,93;Fija;1086,66;2500,00;Todo el territorio nacional;
55432;LUCSE INVERSIONES S.A.;2025-02-27;PLAN COMERCIO CUOTA 1 AL DIA 5;PLAN COMERCIO CUOTA 1 AL ;Pesos;300000;1000;9;0;0;100;,00;Todos los beneficiarios;,00;220,30;Fija;303,43;1900,00;Todo el territorio nacional;
55432;LUCSE INVERSIONES S.A.;2025-02-27;PLAN COMERCIO 7 ;PLAN COMERCIO 7 ;Pesos;1200000;1000;12;0;0;100;,00;Todos los beneficiarios;,00;376,70;Fija;545,83;1990,00;Todo el territorio nacional;
55432;LUCSE INVERSIONES S.A.;2025-02-27;PLAN COMERCIO CUOTA 1 AL DIA 11;PLAN COMERCIO CUOTA 1 AL ;Pesos;500000;1000;9;0;0;100;,00;Todos los beneficiarios;,00;664,86;Fija;1025,95;2670,00;Todo el territorio nacional;
55432;LUCSE INVERSIONES S.A.;2025-02-27;PLAN MOTOS 9 ;PLAN MOTOS 9 ;Pesos;3000000;1000;18;0;0;100;,00;Todos los beneficiarios;,00;320,86;Fija;457,48;1666,00;Todo el territorio nacional;
55432;LUCSE INVERSIONES S.A.;2025-02-27;PLAN COMERCIO 11 ;PLAN COMERCIO 11 ;Pesos;1000000;2000;12;0;0;100;,00;Todos los beneficiarios;,00;707,60;Fija;1099,98;2510,00;Todo el territorio nacional;
55432;LUCSE INVERSIONES S.A.;2025-02-27;LOCAL - REDITO 9;LOCAL - REDITO 9;Pesos;2000000;5000;12;0;0;100;,00;Todos los beneficiarios;,00;954,54;Fija;1538,97;2795,00;Todo el territorio nacional;
55432;LUCSE INVERSIONES S.A.;2025-02-27;LOCAL - REDITO 8;LOCAL - REDITO 8;Pesos;2000000;1000;12;0;0;100;,00;Todos los beneficiarios;,00;707,60;Fija;1099,98;2510,00;Todo el territorio nacional;
55432;LUCSE INVERSIONES S.A.;2025-02-27;PLAN COMERCIO 9 ;PLAN COMERCIO 9 ;Pesos;800000;1000;12;0;0;100;,00;Todos los beneficiarios;,00;518,24;Fija;777,13;2239,00;Todo el territorio nacional;
55432;LUCSE INVERSIONES S.A.;2025-02-27;PLAN MOTOS 10 ;PLAN MOTOS 10;Pesos;1500000;1000;18;0;0;100;,00;Todos los beneficiarios;,00;539,80;Fija;813,19;2100,00;Todo el territorio nacional;
55432;LUCSE INVERSIONES S.A.;2025-02-27;LOCAL - REDITO 6;LOCAL - REDITO 6;Pesos;3000000;1000;15;0;0;100;,00;Todos los beneficiarios;,00;377,06;Fija;546,40;1864,00;Todo el territorio nacional;
55432;LUCSE INVERSIONES S.A.;2025-02-27;LOCAL - REDITO 10;LOCAL - REDITO 10;Pesos;2000000;1000;12;0;0;100;,00;Todos los beneficiarios;,00;1248,36;Fija;2082,03;3070,00;Todo el territorio nacional;
55432;LUCSE INVERSIONES S.A.;2025-02-27;PLAN MOTOS 13 ;PLAN MOTOS 13 ;Pesos;1500000;1000;18;0;0;100;,00;Todos los beneficiarios;,00;588,46;Fija;895,25;2180,00;Todo el territorio nacional;
55432;LUCSE INVERSIONES S.A.;2025-02-27;PLAN COMERCIO CUOTA 1 AL DIA 8 ;PLAN COMERCIO CUOTA 1 AL ;Pesos;300000;1000;9;0;0;100;,00;Todos los beneficiarios;,00;397,08;Fija;578,51;2270,00;Todo el territorio nacional;
55432;LUCSE INVERSIONES S.A.;2025-02-27;LOCAL - REDITO 7;LOCAL - REDITO 7;Pesos;2000000;1000;15;0;0;100;,00;Todos los beneficiarios;,00;527,59;Fija;792,75;2140,00;Todo el territorio nacional;
55432;LUCSE INVERSIONES S.A.;2025-02-27;PLAN PRODUCTOS 8 ;PLAN PRODUCTOS 8 ;Pesos;2500000;1000;15;0;0;100;,00;Todos los beneficiarios;,00;420,82;Fija;616,87;1950,00;Todo el territorio nacional;
55438;ASOC. MUTUAL PARA LA PEQUEÑA Y MEDIANA EMPRESA - AMPYME;2026-07-08;NEUQUEN;NEUQUEN;Pesos;8000000;10000;60;400000;6;65;,30;Empleados públicos;,00;606,66;Fija;760,05;176723,00;Todo el territorio nacional;
55438;ASOC. MUTUAL PARA LA PEQUEÑA Y MEDIANA EMPRESA - AMPYME;2026-07-08;BANCOSANTAFE;BANCOSANTAFE;Pesos;1250000;10000;36;350000;6;85;1,00;Empleados públicos;,00;1127,81;Fija;955,23;205726,00;Todo el territorio nacional;
55438;ASOC. MUTUAL PARA LA PEQUEÑA Y MEDIANA EMPRESA - AMPYME;2026-07-08;CHUBUT;CHUBUT;Pesos;8000000;10000;60;400000;6;85;,40;Empleados públicos;,00;502,92;Fija;537,04;164402,00;Todo el territorio nacional;
55438;ASOC. MUTUAL PARA LA PEQUEÑA Y MEDIANA EMPRESA - AMPYME;2026-07-08;RIONEGRO;RIONEGRO;Pesos;8000000;10000;36;400000;6;65;,85;Empleados públicos;,00;929,91;Fija;871,50;205726,00;Todo el territorio nacional;
55439;MUTUAL DE PORTEÑA ASOCIACION CULTURAL Y DEPORTIVA;2024-10-02;AYUDA ECONOMICA MUTUAL B;MUTUAL B;Pesos;100000000;1;36;0;6;100;,30;Todos los beneficiarios;,00;85,17;Fija;130,13;10643,20;Provincia de Córdoba;MONTO CUOTA 10 MIL PESOS 1 CUOTA
55439;MUTUAL DE PORTEÑA ASOCIACION CULTURAL Y DEPORTIVA;2024-10-02;AYUDA ECONOMICA MUTUAL A; MUTUAL A;Pesos;100000000;1;36;0;6;75;,30;Todos los beneficiarios;,00;54,75;Fija;76,76;1218,84;Provincia de Córdoba;MONTO CUOTA 10 MIL PESOS 12 CUOTA
55439;MUTUAL DE PORTEÑA ASOCIACION CULTURAL Y DEPORTIVA;2024-10-02;AYUDA ECONOMICA MUTUAL A 1;MUTUAL A 1;Pesos;100000000;1;36;0;6;100;,30;Todos los beneficiarios;,00;104,39;Fija;168,53;1770,12;Provincia de Córdoba;MONTO CUOTA 10 MIL PESOS 12 CUOTA
55439;MUTUAL DE PORTEÑA ASOCIACION CULTURAL Y DEPORTIVA;2024-10-02;AYUDA ECONOMICA MUTUAL B 1; MUTUAL B 1;Pesos;100000000;1;1;0;6;100;,30;Todos los beneficiarios;,00;97,33;Fija;151,82;10746,67;Provincia de Córdoba;MONTO CUOTA 10 MIL PESOS 1 CUOTA
55442;LA LOMITA CAPITAL S.A.;2026-03-29;CHUBUT DESCUENTO DE HABERES;CHUBUT HABERES;Pesos;3500000;5000;36;100000;6;65;30,00;Empleados públicos;15,00;226,27;Fija;330,26;11507,00;Provincia del Chubut;TEA CON IVA INCLUIDO
55444;CREDISE S.A.;2025-12-24;PRESTAMOS ASOCIACION MUTUAL EMPLEADOS BONAERENSES                                                                               ;AMEBO                    ;Pesos;880000;10000;24;0;6;82;40,00;Empleados públicos;18,00;68,86;Fija;85,00;656,00;Provincia de Buenos Aires;                                                                                                                                                                                                                                                                                                                                                                                                                                                                                                                                                                                                                                                                                                                                                                                                                                                                                                                                                                                                                                                                
55444;CREDISE S.A.;2025-12-24;PRESTAMOS ASOCIACION MUTUAL UNION FEDERAL                                                                                       ;AMUF                     ;Pesos;3500000;10000;15;0;6;82;40,00;Empleados públicos;18,00;268,29;Fija;376,05;1603,00;Provincia del Chubut;                                                                                                                                                                                                                                                                                                                                                                                                                                                                                                                                                                                                                                                                                                                                                                                                                                                                                                                                                                                                                                                                
55444;CREDISE S.A.;2025-12-24;PRESTAMOS SINDICATO DE SEGURIDAD E INVESTIGACIONES PRIVADAS                                                                     ;SSIP                     ;Pesos;2500000;10000;18;0;6;82;40,00;Empleados públicos;18,00;219,41;Fija;293,85;1348,00;Provincia de Buenos Aires;                                                                                                                                                                                                                                                                                                                                                                                                                                                                                                                                                                                                                                                                                                                                                                                                                                                                                                                                                                                                                                                                
55444;CREDISE S.A.;2025-12-24;PRESTAMOS ASOCIACION MUTUAL UNION FEDERAL                                                                                       ;AMUF                     ;Pesos;3500000;10000;9;0;6;82;40,00;Empleados públicos;18,00;229,36;Fija;317,01;1909,00;Provincia del Chubut;                                                                                                                                                                                                                                                                                                                                                                                                                                                                                                                                                                                                                                                                                                                                                                                                                                                                                                                                                                                                                                                                
55444;CREDISE S.A.;2025-12-24;PRESTAMOS SINDICATO DE SEGURIDAD E INVESTIGACIONES PRIVADAS                                                                     ;SSIP                     ;Pesos;2500000;10000;15;0;6;82;40,00;Empleados públicos;18,00;219,41;Fija;286,78;1438,00;Provincia de Buenos Aires;                                                                                                                                                                                                                                                                                                                                                                                                                                                                                                                                                                                                                                                                                                                                                                                                                                                                                                                                                                                                                                                                
55444;CREDISE S.A.;2025-12-24;PRESTAMOS ASOCIACION MUTUAL UNION FEDERAL                                                                                       ;AMUF                     ;Pesos;3500000;10000;18;0;6;82;40,00;Empleados públicos;18,00;268,37;Fija;376,18;1520,00;Provincia del Chubut;                                                                                                                                                                                                                                                                                                                                                                                                                                                                                                                                                                                                                                                                                                                                                                                                                                                                                                                                                                                                                                                                
55444;CREDISE S.A.;2025-12-24;PRESTAMOS SINDICATO DE SEGURIDAD E INVESTIGACIONES PRIVADAS                                                                     ;SSIP                     ;Pesos;2500000;10000;6;0;6;82;40,00;Empleados públicos;18,00;219,41;Fija;235,69;2405,00;Provincia de Buenos Aires;                                                                                                                                                                                                                                                                                                                                                                                                                                                                                                                                                                                                                                                                                                                                                                                                                                                                                                                                                                                                                                                                
55444;CREDISE S.A.;2025-12-24;PRESTAMOS ASOCIACION MUTUAL UNION FEDERAL                                                                                       ;AMUF                     ;Pesos;3500000;10000;12;0;6;82;40,00;Empleados públicos;18,00;268,15;Fija;375,85;1742,00;Provincia del Chubut;                                                                                                                                                                                                                                                                                                                                                                                                                                                                                                                                                                                                                                                                                                                                                                                                                                                                                                                                                                                                                                                                
55444;CREDISE S.A.;2025-12-24;PRESTAMOS SINDICATO DE SEGURIDAD E INVESTIGACIONES PRIVADAS                                                                     ;SSIP                     ;Pesos;2500000;10000;12;0;6;82;40,00;Empleados públicos;18,00;219,41;Fija;276,71;1585,00;Provincia de Buenos Aires;                                                                                                                                                                                                                                                                                                                                                                                                                                                                                                                                                                                                                                                                                                                                                                                                                                                                                                                                                                                                                                                                
55444;CREDISE S.A.;2025-12-24;PRESTAMOS ASOCIACION MUTUAL UNION FEDERAL                                                                                       ;AMUF                     ;Pesos;3500000;10000;24;0;6;82;40,00;Empleados públicos;18,00;258,69;Fija;361,38;1409,00;Provincia del Chubut;                                                                                                                                                                                                                                                                                                                                                                                                                                                                                                                                                                                                                                                                                                                                                                                                                                                                                                                                                                                                                                                                
55444;CREDISE S.A.;2025-12-24;PRESTAMOS LEALTAD ASOCIACION MUTUAL                                                                                             ;LEALTAD                  ;Pesos;880000;10000;24;0;6;82;40,00;Empleados públicos;18,00;68,86;Fija;85,00;656,00;Provincia de Buenos Aires;                                                                                                                                                                                                                                                                                                                                                                                                                                                                                                                                                                                                                                                                                                                                                                                                                                                                                                                                                                                                                                                                
55444;CREDISE S.A.;2025-12-24;PRESTAMOS SINDICATO DE SEGURIDAD E INVESTIGACIONES PRIVADAS                                                                     ;SSIP                     ;Pesos;2500000;10000;9;0;6;82;40,00;Empleados públicos;18,00;219,41;Fija;261,28;1849,00;Provincia de Buenos Aires;                                                                                                                                                                                                                                                                                                                                                                                                                                                                                                                                                                                                                                                                                                                                                                                                                                                                                                                                                                                                                                                                
55444;CREDISE S.A.;2025-12-24;PRESTAMOS SINDICATO DE SEGURIDAD E INVESTIGACIONES PRIVADAS                                                                     ;SSIP                     ;Pesos;2500000;10000;24;0;6;82;40,00;Empleados públicos;18,00;219,41;Fija;300,85;1251,00;Provincia de Buenos Aires;                                                                                                                                                                                                                                                                                                                                                                                                                                                                                                                                                                                                                                                                                                                                                                                                                                                                                                                                                                                                                                                                
55450;PRESTY SRL;2026-05-19;PRESTAMO PERSONAL ACTIVOS;PRESTY PLATA;Pesos;1000000;40000;18;250000;6;65;30,00;Empleados públicos;20,00;362,06;Fija;2267,13;295000,00;Todo el territorio nacional;PRESTAMO SIN GARANTIA REAL
55450;PRESTY SRL;2026-05-19;PRESTAMO PERSONAL ACTIVOS;PRESTY ORO;Pesos;1000000;40000;15;250000;6;65;30,00;Empleados públicos;20,00;332,45;Fija;1781,35;285000,00;Todo el territorio nacional;PRESTAMO SIN GARANTIA REAL
55453;Cooperativa de Credito Consumo y Vivienda Baymor Ltda;2026-07-06;GARRAHAN POLICIA 08-2025 - 20;PRPER-50;Pesos;7500000;1000;48;150000;6;99;,45;Personas humanas en relación de dependencia;99,00;7,33;Fija;133,80;902,00;Todo el territorio nacional;
55453;Cooperativa de Credito Consumo y Vivienda Baymor Ltda;2026-07-06;CIUDAD 07-2024;PRPER-47;Pesos;10000000;10000;48;150000;6;99;,45;Personas humanas en relación de dependencia;99,00;13,77;Fija;370,46;1667,00;Todo el territorio nacional;
55453;Cooperativa de Credito Consumo y Vivienda Baymor Ltda;2026-07-06;GARRAHAN POLICIA 08-2025 - 30;PRPER-51;Pesos;10000000;1000;48;150000;6;99;,45;Personas humanas en relación de dependencia;99,00;7,33;Fija;133,80;902,00;Todo el territorio nacional;
55462;CORVALAN 1160 SA;2026-07-03;PRESTAMO PERSONAL;PRESTAMO PERSONAL;Pesos;1400000;60000;36;250000;6;70;65,00;Personas humanas en relación de dependencia;17,00;1469,78;Fija;2505,71;556289,00;Todo el territorio nacional;
55463;MILLASA S.A.;2026-05-20;MUTUAL AMAT HABERES PROV. BS.AS.;PP00000014;Pesos;1000000;50000;24;30000;1;80;30,00;Todos los beneficiarios;,00;72,73;Fija;94,91;154074,00;Todo el territorio nacional;
55463;MILLASA S.A.;2026-05-20;PRESTO RAPIDO CBU TUCUMAN;PP00000037;Pesos;5000000;100000;15;1500000;1;68;30,00;Todos los beneficiarios;,00;866,57;Fija;999,99;521561,00;Todo el territorio nacional;
55463;MILLASA S.A.;2026-05-20;MUTUAL AMESUP CODIGO MENDOZA PLAN 1;PP00000017;Pesos;2000000;10000;18;100000;6;65;40,00;Todos los beneficiarios;,00;999,99;Fija;999,99;581376,00;Todo el territorio nacional;
55463;MILLASA S.A.;2026-05-20;BRAUDE ART. PARA EL HOGAR;PP00000039;Pesos;5000000;100000;15;200000;1;75;30,00;Todos los beneficiarios;,00;392,55;Fija;589,21;378957,00;Todo el territorio nacional;
55463;MILLASA S.A.;2026-05-20;MUTUAL AMESUP CODIGO MENDOZA PLAN 2 PARALELOS;PP00000021;Pesos;1000000;10000;18;100000;6;65;40,00;Todos los beneficiarios;,00;999,99;Fija;999,99;597317,00;Todo el territorio nacional;
55463;MILLASA S.A.;2026-05-20;MUTUAL AMESUP CODIGO MENDOZA PLAN NORMAL PARALELOS;PP00000022;Pesos;1000000;10000;18;100000;6;65;40,00;Todos los beneficiarios;,00;999,99;Fija;999,99;565716,00;Todo el territorio nacional;
55463;MILLASA S.A.;2026-05-20;MUTUAL AMCACS JUBILADOS Y PENSIONADOS;PP00000007;Pesos;2000000;30000;12;30000;6;79;30,00;Todos los beneficiarios;,00;999,99;Fija;999,99;622186,00;Todo el territorio nacional;
55463;MILLASA S.A.;2026-05-20;MUTUAL AMESUP ACTIVOS DESCENTRALIZADOS;PP00000020;Pesos;2000000;10000;12;100000;6;60;40,00;Todos los beneficiarios;,00;826,09;Fija;999,99;636561,00;Todo el territorio nacional;
55463;MILLASA S.A.;2026-05-20;MUTUAL AMESUP CODIGO MENDOZA PLAN 2;PP00000018;Pesos;2000000;10000;18;100000;6;65;40,00;Todos los beneficiarios;,00;999,99;Fija;999,99;597317,00;Todo el territorio nacional;
55463;MILLASA S.A.;2026-05-20;MUTUAL AMCACS CODIGO MENDOZA CON COMERCIALIZADORES;PP00000006;Pesos;5000000;30000;24;30000;1;70;30,00;Todos los beneficiarios;,00;999,99;Fija;999,99;643796,00;Todo el territorio nacional;
55463;MILLASA S.A.;2026-05-20;MUTUAL AMESUP MUNICIPALES MENDOZA;PP00000019;Pesos;1000000;10000;12;100000;6;65;40,00;Todos los beneficiarios;,00;826,09;Fija;999,99;636561,00;Todo el territorio nacional;
55463;MILLASA S.A.;2026-05-20;MUTUAL ISAR;PP00000034;Pesos;5000000;100000;12;200000;1;65;30,00;Todos los beneficiarios;,00;999,99;Fija;999,99;743872,00;Todo el territorio nacional;
55463;MILLASA S.A.;2026-05-20;GRUPO NORTE PARALELO;PP00000038;Pesos;5000000;100000;15;1500000;1;68;30,00;Todos los beneficiarios;,00;392,55;Fija;589,21;378957,00;Todo el territorio nacional;
55463;MILLASA S.A.;2026-05-20;PR CBU TUCUMAN PARALELOS;PP00000040;Pesos;5000000;100000;15;200000;1;90;30,00;Todos los beneficiarios;,00;866,57;Fija;999,99;521561,00;Todo el territorio nacional;
55463;MILLASA S.A.;2026-05-20;MUTUAL AMESUP CODIGO MENDOZA PLAN NORMAL;PP00000016;Pesos;2000000;10000;18;150000;0;65;40,00;Todos los beneficiarios;,00;999,99;Fija;999,99;565716,00;Todo el territorio nacional;
55463;MILLASA S.A.;2026-05-20;MUTUAL AMAT CBU BAPRO SIT. 1-2-3;PP00000012;Pesos;200000;50000;12;50000;12;65;30,00;Todos los beneficiarios;,00;999,99;Fija;999,99;782134,00;Todo el territorio nacional;
55463;MILLASA S.A.;2026-05-20;MUTUAL AMCACS CODIGO MENDOZA PARALELOS;PP00000009;Pesos;5000000;30000;24;30000;1;65;40,00;Todos los beneficiarios;,00;999,99;Fija;970,56;621197,00;Todo el territorio nacional;
55463;MILLASA S.A.;2026-05-20;MUTUAL AMESUP CODIGO MENDOZA PLAN 1 PARALELOS;PP00000023;Pesos;1000000;10000;18;1000000;6;65;40,00;Todos los beneficiarios;,00;999,99;Fija;999,99;581376,00;Todo el territorio nacional;
55463;MILLASA S.A.;2026-05-20;RAMIREZ MOTOS;PP00000041;Pesos;5000000;100000;15;200000;1;90;30,00;Todos los beneficiarios;,00;392,55;Fija;589,21;378957,00;Todo el territorio nacional;
55463;MILLASA S.A.;2026-05-20;MUTUAL AMCACS CODIGO MENDOZA;PP00000004;Pesos;5000000;30000;24;30000;1;95;40,00;Todos los beneficiarios;,00;999,99;Fija;970,56;621197,00;Todo el territorio nacional;
55463;MILLASA S.A.;2026-05-20;MUTUAL AMAT DECRETO 14;PP00000027;Pesos;3000000;100000;36;500000;12;64;30,00;Todos los beneficiarios;,00;175,74;Fija;329,09;257809,00;Todo el territorio nacional;
55463;MILLASA S.A.;2026-05-20;PODER JUDICIAL TUCUMAN;PP00000028;Pesos;10000000;50000;18;500000;12;64;30,00;Todos los beneficiarios;,00;494,22;Fija;762,29;404126,00;Todo el territorio nacional;
55463;MILLASA S.A.;2026-05-20;MUTUAL SOLIDARIDAD POLICIAL SITUACION 2 A 5;PP00000030;Pesos;20000000;100000;15;200000;1;65;40,00;Todos los beneficiarios;,00;999,99;Fija;999,99;756094,00;Todo el territorio nacional;
55463;MILLASA S.A.;2026-05-20;MUTUAL DE LA POLICIA DE TUCUMAN;PP00000031;Pesos;5000000;50000;15;200000;1;65;40,00;Todos los beneficiarios;,00;999,99;Fija;999,99;750678,00;Todo el territorio nacional;
55463;MILLASA S.A.;2026-05-20;MUTUAL SOLIDARIDAD POLICIAL SITUACION 1;PP00000032;Pesos;50000000;50000;15;200000;1;65;30,00;Todos los beneficiarios;,00;441,76;Fija;672,27;397915,00;Todo el territorio nacional;
55463;MILLASA S.A.;2026-05-20;CAR PRENDARIOS;PP00000036;Pesos;5000000;100000;15;1500000;1;68;30,00;Todos los beneficiarios;,00;392,55;Fija;589,21;378957,00;Todo el territorio nacional;
55463;MILLASA S.A.;2026-05-20;ZARETO MOTOS NOVIEMBRE 2025;PP00000026;Pesos;4000000;500000;15;500000;12;64;30,00;Todos los beneficiarios;,00;392,55;Fija;589,21;378957,00;Todo el territorio nacional;
55463;MILLASA S.A.;2026-05-20;MUTUAL AMCACS COD. MENDOZA CON COMER PARALELOS ;PP00000025;Pesos;5000000;10000;24;30000;1;70;30,00;Todos los beneficiarios;,00;999,99;Fija;999,99;643796,00;Todo el territorio nacional;
55463;MILLASA S.A.;2026-05-20;GRUPO NORTE ;PP00000035;Pesos;5000000;100000;15;1500000;1;90;30,00;Todos los beneficiarios;,00;392,55;Fija;589,21;378957,00;Todo el territorio nacional;
55464;MUTUAL DE INTEGRANTES DEL PODER JUDICIAL;2026-03-20;AYUDA ECONOMICA MUTUAL JUDICIAL;LINEA MIPJ;Pesos;400000;5000;24;0;1;100;20,00;Empleados públicos;2,00;72,00;Fija;90,48;829,00;Provincia de Santa Fe;SE INFORMA TEA ANUAL Y CFT ANUAL
55469;BOCAS DEL TORO S.A.;2026-04-30;PRESTAMOS PERSONALES;PP;Pesos;3500000;50000;24;357800;12;78;35,00;Personas humanas en relación de dependencia;,00;3677,44;Fija;3677,44;191666,00;Provincia de Misiones;0
55469;BOCAS DEL TORO S.A.;2026-04-30;PRESTAMOS PERSONALES;PP;Pesos;3500000;50000;24;357800;12;78;35,00;Empleados públicos;,00;3677,44;Fija;3677,44;191666,00;Provincia de Misiones;0
55469;BOCAS DEL TORO S.A.;2026-04-30;PRESTAMOS PERSONALES;PP;Pesos;3500000;50000;24;357800;12;78;35,00;Beneficiarios de cuentas de la seguridad social;,00;3677,44;Fija;3677,44;191666,00;Provincia de Misiones;0
55470;CAMELUS S.A.;2025-05-13;PERSONALESNAC;PERSNAC;Pesos;80000000;100;60;0;0;100;30,00;Todos los beneficiarios;,00;213,00;Fija;213,00;122620,00;Todo el territorio nacional;SE INFORMA TEA MAX Y CFT MAX CORRESPONDIENTE AL PLAZO MAX Y CUOTA INICIAL A PLAZO MAX CADA 1000000
55477;MERITE S.A.;2026-04-30;PLATA CUOTAS;;Pesos;90000;50000;5;0;0;100;99,99;Clientes con cuenta en la entidad;,00;2698,25;Fija;2698,25;53736,00;Todo el territorio nacional;
55477;MERITE S.A.;2026-04-30;RUBI CUOTAS;;Pesos;150000;50000;6;0;0;100;99,99;Clientes con cuenta en la entidad;,00;1834,28;Fija;1834,28;76760,00;Todo el territorio nacional;
55477;MERITE S.A.;2026-04-30;BRONCE CUOTAS;;Pesos;80000;50000;2;0;0;100;99,99;Clientes con cuenta en la entidad;,00;2991,27;Fija;2991,27;74922,00;Todo el territorio nacional;
55477;MERITE S.A.;2026-04-30;ESMERALDA CUOTAS;;Pesos;130000;50000;6;0;0;100;99,99;Clientes con cuenta en la entidad;,00;2023,62;Fija;2023,62;68254,00;Todo el territorio nacional;
55477;MERITE S.A.;2026-04-30;MERCURIO ADELANTO;;Pesos;80000;50000;1;0;0;100;99,99;Clientes con cuenta en la entidad;,00;3564,42;Fija;3564,42;119527,00;Todo el territorio nacional;
55477;MERITE S.A.;2026-04-30;PLATINO ADELANTO;;Pesos;100000;50000;1;0;0;100;99,99;Clientes con cuenta en la entidad;,00;2229,81;Fija;2229,81;142350,00;Todo el territorio nacional;
55477;MERITE S.A.;2026-04-30;PLATINO CUOTAS;;Pesos;120000;50000;5;0;0;100;99,99;Clientes con cuenta en la entidad;,00;2229,81;Fija;2229,81;68469,00;Todo el territorio nacional;
55477;MERITE S.A.;2026-04-30;ORO ADELANTO;;Pesos;90000;50000;1;0;0;100;99,99;Clientes con cuenta en la entidad;,00;2454,20;Fija;2454,20;129386,00;Todo el territorio nacional;
55477;MERITE S.A.;2026-04-30;RUBI ADELANTO;;Pesos;120000;50000;1;0;0;100;99,99;Clientes con cuenta en la entidad;,00;1834,28;Fija;1834,28;167432,00;Todo el territorio nacional;
55477;MERITE S.A.;2026-04-30;PLATA ADELANTO;;Pesos;90000;50000;1;0;0;100;99,99;Clientes con cuenta en la entidad;,00;2698,25;Fija;2698,25;130656,00;Todo el territorio nacional;
55477;MERITE S.A.;2026-04-30;ZAFIRO ADELANTO;;Pesos;150000;50000;1;0;0;100;99,99;Clientes con cuenta en la entidad;,00;1660,53;Fija;1660,53;207173,00;Todo el territorio nacional;
55477;MERITE S.A.;2026-04-30;ORO CUOTAS;;Pesos;100000;50000;5;0;0;100;99,99;Clientes con cuenta en la entidad;,00;2454,20;Fija;2454,20;58380,00;Todo el territorio nacional;
55477;MERITE S.A.;2026-04-30;BRONCE ADELANTO;;Pesos;70000;50000;1;0;0;100;99,99;Clientes con cuenta en la entidad;,00;2991,27;Fija;2991,27;102709,00;Todo el territorio nacional;
55477;MERITE S.A.;2026-04-30;ESMERALDA ADELANTO;;Pesos;120000;50000;1;0;0;100;99,99;Clientes con cuenta en la entidad;,00;2023,62;Fija;2023,62;169126,00;Todo el territorio nacional;
55477;MERITE S.A.;2026-04-30;ZAFIRO CUOTAS;;Pesos;180000;50000;6;0;0;100;99,99;Clientes con cuenta en la entidad;,00;1660,53;Fija;1660,53;89727,00;Todo el territorio nacional;
55479;FIDUCIA ARGENTINA S.A.S.;2026-06-22;PRESTAMO PERSONAL 2 A EMPLEADOS DE ADMINISTRACION PUBLICA DE TUCUMAN 18 CUOTAS;PP2 EMP PUB TUC 18;Pesos;2000000;300000;18;520200;6;63;40,00;Empleados públicos;10,00;837,23;Fija;943,17;2224,00;Provincia de Tucumán;REQUIERE AFILIACION BASICA A LA MUTUAL DE LA POLICIA DE TUCUMAN. CUOTA SOCIAL: $3.000/MES, INCLUIDA EN EL CFTEA.
55479;FIDUCIA ARGENTINA S.A.S.;2026-06-22;PRESTAMO PERSONAL 2 A EMPLEADOS DE ADMINISTRACION PUBLICA DE TUCUMAN 36 CUOTAS;PP2 EMP PUB TUC 36;Pesos;2000000;300000;36;520200;6;63;40,00;Empleados públicos;10,00;558,01;Fija;629,75;1806,00;Provincia de Tucumán;REQUIERE AFILIACION BASICA A LA MUTUAL DE LA POLICIA DE TUCUMAN. CUOTA SOCIAL: $3.000/MES, INCLUIDA EN EL CFTEA.
55479;FIDUCIA ARGENTINA S.A.S.;2026-06-22;PRESTAMO PERSONAL 2 A EMPLEADOS DE ADMINISTRACION PUBLICA DE TUCUMAN 6 CUOTAS;PP2 EMP PUB TUC 6;Pesos;300000;300000;6;520200;6;63;40,00;Empleados públicos;10,00;819,00;Fija;943,17;3126,00;Provincia de Tucumán;REQUIERE AFILIACION BASICA A LA MUTUAL DE LA POLICIA DE TUCUMAN. CUOTA SOCIAL: $3.000/MES, INCLUIDA EN EL CFTEA.
55482;Asociación Mutual de Ayuda Entre Asociados y Adherentes de Romang Futbol Club;2026-06-30;PRESTAMO SISTEMA FRANCES;PRESTAMO SISTEMA FRANCES;Pesos;100000000;100;36;0;2;100;25,00;Todos los beneficiarios;,00;100,08;Fija;101,70;69003,00;Todo el territorio nacional;
55482;Asociación Mutual de Ayuda Entre Asociados y Adherentes de Romang Futbol Club;2026-06-30;CUAD: PRESTAMOS EMPLEADOS PUBLICO PCIALES;CUAD: PRESTAMOS EMPLEADOS;Pesos;50000000;100;36;0;2;100;25,00;Empleados públicos;,00;84,78;Fija;93,30;65838,00;Todo el territorio nacional;
55482;Asociación Mutual de Ayuda Entre Asociados y Adherentes de Romang Futbol Club;2026-06-30;PRESTAMO SISTEMA  PACTADO;PRESTAMO SISTEMA  PACTADO;Pesos;110000000;500;6;0;2;100;25,00;Todos los beneficiarios;,00;112,91;Fija;58,50;1092500,00;Todo el territorio nacional;
55486;TODOPAY S.R.L.;2026-06-30;ISP DIRECTO;014;Pesos;1000000;500000;12;500000;12;65;30,00;Todos los beneficiarios;,00;213,00;Fija;213,00;,00;Todo el territorio nacional;
55486;TODOPAY S.R.L.;2026-06-30;COOP DV DEC 352/26 PFA;59;Pesos;4000000;100000;24;0;12;65;30,00;Todos los beneficiarios;,00;404,00;Fija;404,00;1496,00;Todo el territorio nacional;
55486;TODOPAY S.R.L.;2026-06-30;CETER SA;50;Pesos;2000000;100000;24;400000;12;70;30,00;Todos los beneficiarios;,00;197,10;Fija;197,10;1748,00;Todo el territorio nacional;
55486;TODOPAY S.R.L.;2026-06-30;IDIM INVEST METABOLICAS;030;Pesos;2000000;100000;24;400000;12;70;30,00;Todos los beneficiarios;,00;197,10;Fija;197,10;1748,00;Todo el territorio nacional;
55486;TODOPAY S.R.L.;2026-06-30;MEGAMENTAL SA;026;Pesos;2000000;100000;24;400000;12;70;30,00;Todos los beneficiarios;,00;197,10;Fija;197,10;1748,00;Todo el territorio nacional;
55486;TODOPAY S.R.L.;2026-06-30;MEDICAL CORPORATIVE;030;Pesos;2000000;100000;24;400000;12;70;30,00;Todos los beneficiarios;,00;197,10;Fija;197,10;1748,00;Todo el territorio nacional;
55486;TODOPAY S.R.L.;2026-06-30;COOP DV DEC 352 FFAA;58;Pesos;4000000;100000;24;0;12;65;30,00;Todos los beneficiarios;,00;404,00;Fija;404,00;1496,00;Todo el territorio nacional;
55486;TODOPAY S.R.L.;2026-06-30;COOP DA VINCI GCBA;56;Pesos;4000000;100000;24;0;12;65;30,00;Todos los beneficiarios;,00;404,00;Fija;404,00;1496,00;Todo el territorio nacional;
55486;TODOPAY S.R.L.;2026-06-30;ICBA;023;Pesos;2000000;100000;24;400000;12;70;30,00;Todos los beneficiarios;,00;197,10;Fija;197,10;1748,00;Todo el territorio nacional;
55486;TODOPAY S.R.L.;2026-06-30;RED DIALMED SA;53;Pesos;2000000;100000;24;400000;12;70;30,00;Todos los beneficiarios;,00;197,10;Fija;197,10;1748,00;Todo el territorio nacional;
55486;TODOPAY S.R.L.;2026-06-30;ROSARIO DEL PLATA;022;Pesos;2000000;100000;24;400000;12;70;30,00;Todos los beneficiarios;,00;197,10;Fija;197,10;1748,00;Todo el territorio nacional;
55486;TODOPAY S.R.L.;2026-06-30;MUT AMBAS GCBA;02;Pesos;6000000;100000;24;0;12;65;,00;Todos los beneficiarios;,00;590,00;Fija;590,00;1506,00;Todo el territorio nacional;
55486;TODOPAY S.R.L.;2026-06-30;RENARD SEGURIDAD;025;Pesos;2000000;100000;24;400000;12;70;30,00;Todos los beneficiarios;,00;197,10;Fija;197,10;1748,00;Todo el territorio nacional;
55486;TODOPAY S.R.L.;2026-06-30;DIAVERUM ARGENTINA;023;Pesos;2000000;100000;24;400000;12;70;30,00;Todos los beneficiarios;,00;197,10;Fija;197,10;1748,00;Todo el territorio nacional;
55486;TODOPAY S.R.L.;2026-06-30;COOP PROVISION SERV;029;Pesos;2000000;100000;24;400000;12;70;30,00;Todos los beneficiarios;,00;197,10;Fija;197,10;1748,00;Todo el territorio nacional;
55486;TODOPAY S.R.L.;2026-06-30;COOPERATIVA LA BS AS;019;Pesos;2000000;100000;24;400000;12;70;30,00;Todos los beneficiarios;,00;197,10;Fija;197,10;1748,00;Todo el territorio nacional;
55486;TODOPAY S.R.L.;2026-06-30;BELBI SRL;028;Pesos;2000000;100000;24;400000;12;70;30,00;Todos los beneficiarios;,00;197,10;Fija;197,10;1748,00;Todo el territorio nacional;
55486;TODOPAY S.R.L.;2026-06-30;CORPO MEDICA;022;Pesos;2000000;100000;24;400000;12;70;30,00;Todos los beneficiarios;,00;197,10;Fija;197,10;1748,00;Todo el territorio nacional;
55486;TODOPAY S.R.L.;2026-06-30;NEPHROLOGY SA;025;Pesos;2000000;100000;24;400000;12;70;30,00;Todos los beneficiarios;,00;197,10;Fija;197,10;1748,00;Todo el territorio nacional;
55486;TODOPAY S.R.L.;2026-06-30;CLINICA PRIVADA BECCAR;024;Pesos;2000000;100000;24;400000;12;70;30,00;Todos los beneficiarios;,00;197,10;Fija;197,10;1748,00;Todo el territorio nacional;
55486;TODOPAY S.R.L.;2026-06-30;MUT SALUD 14 DE JUL;015;Pesos;2000000;100000;24;400000;12;70;30,00;Todos los beneficiarios;,00;197,10;Fija;197,10;1748,00;Todo el territorio nacional;
55486;TODOPAY S.R.L.;2026-06-30;GC  SEGURIDAD  SA;024;Pesos;2000000;100000;24;400000;12;70;30,00;Todos los beneficiarios;,00;197,10;Fija;197,10;1748,00;Todo el territorio nacional;
55486;TODOPAY S.R.L.;2026-06-30;SANAT MATER DEI;020;Pesos;2000000;100000;24;400000;12;70;30,00;Todos los beneficiarios;,00;197,10;Fija;197,10;1748,00;Todo el territorio nacional;
55486;TODOPAY S.R.L.;2026-06-30;SUVIM SA;027;Pesos;2000000;100000;24;400000;12;70;30,00;Todos los beneficiarios;,00;197,10;Fija;197,10;1748,00;Todo el territorio nacional;
55486;TODOPAY S.R.L.;2026-06-30;HOSPITAL ITALIANO;027;Pesos;2000000;100000;24;400000;12;70;30,00;Todos los beneficiarios;,00;197,10;Fija;197,10;1748,00;Todo el territorio nacional;
55486;TODOPAY S.R.L.;2026-06-30;CEMIC;021;Pesos;2000000;100000;24;400000;12;70;30,00;Todos los beneficiarios;,00;197,10;Fija;197,10;1748,00;Todo el territorio nacional;
55486;TODOPAY S.R.L.;2026-06-30;PRIVADOS CBU;013;Pesos;5000000;100000;24;800000;12;65;30,00;Todos los beneficiarios;,00;590,00;Fija;590,00;1716,00;Todo el territorio nacional;
55486;TODOPAY S.R.L.;2026-06-30;FUND HOSPITALARIA;018;Pesos;2000000;100000;24;400000;12;70;30,00;Todos los beneficiarios;,00;197,10;Fija;197,10;1748,00;Todo el territorio nacional;
55486;TODOPAY S.R.L.;2026-06-30;NEFRA MEDICAL CARE;017;Pesos;2000000;100000;24;400000;12;70;30,00;Todos los beneficiarios;,00;197,10;Fija;197,10;1748,00;Todo el territorio nacional;
55486;TODOPAY S.R.L.;2026-06-30;MUTUAL AMBAS CBU;030;Pesos;700000;100000;18;0;12;65;30,00;Todos los beneficiarios;,00;590,00;Fija;590,00;1826,00;Todo el territorio nacional;
55486;TODOPAY S.R.L.;2026-06-30;PRIVAMED SA;57;Pesos;2000000;100000;24;400000;12;70;30,00;Todos los beneficiarios;,00;197,10;Fija;197,10;1748,00;Todo el territorio nacional;
55486;TODOPAY S.R.L.;2026-06-30;UNIVERSIDAD AUSTRAL;026;Pesos;2000000;100000;24;400000;12;70;30,00;Todos los beneficiarios;,00;197,10;Fija;197,10;1748,00;Todo el territorio nacional;
55486;TODOPAY S.R.L.;2026-06-30;INSTITUT NEFROLOGIA;025;Pesos;2000000;100000;24;400000;12;70;30,00;Todos los beneficiarios;,00;197,10;Fija;197,10;1748,00;Todo el territorio nacional;
55486;TODOPAY S.R.L.;2026-06-30;FOSCHI FONSECA SRL;46;Pesos;2000000;100000;24;400000;12;70;30,00;Todos los beneficiarios;,00;197,10;Fija;197,10;1748,00;Todo el territorio nacional;
55486;TODOPAY S.R.L.;2026-06-30;PYMES EMPRENDEDORES;54;Pesos;10000000;500000;18;0;0;65;30,00;Todos los beneficiarios;,00;590,00;Fija;590,00;1765,00;Todo el territorio nacional;
55492;Asociación Mutual de Trabajadores Argentinos Estatales;2026-05-15;AE DECRETO 14 HABERES LOCAL;HABERES DECRETO 14;Pesos;8800000;80000;36;0;6;60;30,00;Empleados públicos;15,00;126,48;Fija;126,48;762,00;Todo el territorio nacional;
55493;OPENCRED SA;2026-04-28;PRESTAMOS MERCADO ABIERTO;ABIERTO;Pesos;1000000;50000;12;300000;6;65;30,00;Todos los beneficiarios;15,00;1337,48;Fija;2252,47;173456,00;Todo el territorio nacional;0
55493;OPENCRED SA;2026-04-28;PRESTAMOS MUTUALES;MUTUALES;Pesos;2000000;50000;24;300000;6;65;30,00;Todos los beneficiarios;15,00;382,44;Fija;555,22;313896,00;Todo el territorio nacional;0
55494;Mifloder SAS;2026-05-08;PREXTAMO;PREXTAMO;Pesos;500000;7000;12;0;0;100;35,00;Todos los beneficiarios;,00;652,00;Fija;999,99;2327,00;Todo el territorio nacional;SIN COMENTARIOS
55505;Cash Market SA;2026-06-11;CASH MARKET;MENSUAL;Pesos;800000;160000;10;400000;0;0;,00;Todos los beneficiarios;,00;791,61;Fija;957,85;113229,00;Provincia de Buenos Aires;
55506;CYFSA S.A.;2026-06-18;PRESTAMOS PERSONALES SAN JUAN;PRESTAMOS SJ;Pesos;1000000;50000;12;0;12;63;40,00;Empleados públicos;10,00;689,00;Fija;694,00;225852,00;Provincia de San Juan;PRESTAMOS PERSONALES SAN JUAN
55506;CYFSA S.A.;2026-06-18;PRESTAMOS PERSONALES CABA;PRESTAMOS;Pesos;7000000;100000;24;0;12;63;40,00;Empleados públicos;10,00;198,00;Fija;203,00;114300,00;Ciudad Autónoma de Buenos Aires;PRESTAMOS PERSONALES CABA
55507;FINANZAS DIGITALES SAS;2026-06-11;GO PREMIUM;GO PREMIUM;Pesos;200000;1500;6;0;0;100;,00;Todos los beneficiarios;,00;430,39;Fija;632,41;286271,00;Todo el territorio nacional;
55507;FINANZAS DIGITALES SAS;2026-06-11;GO ADELANTOS;GO ADELANTOS;Pesos;50000;1000;1;0;0;100;,00;Todos los beneficiarios;,00;686,33;Fija;1063,06;13125,00;Todo el territorio nacional;
55512;TRADING PROFIT S.A.;2025-08-12;CREDITO PERSONAL TOTAL;PERSONAL TOTAL;Pesos;3000000;50000;24;0;6;64;35,00;Personas humanas en relación de dependencia;30,00;992,49;Fija;992,49;248368,00;Provincia de Santa Fe;EXCEPTO QUE AL MOMENTO DE EFECTUAR LA CANCELACION ANTICIPADA HAYA TRANSCURRIDO AL MENOS LA CUARTA PARTE DEL PLAZO ORIGINAL DE LA FINANCIACION O 180 DIAS CORRIDOS DESDE SU OTORGAMIENTO DE AMBOS EL MAYOR
55513;IXPAY SA;2026-06-19;2;2;Pesos;400000;1000;4;0;6;100;35,00;Personas humanas en relación de dependencia;,00;360,00;Fija;360,00;550000,00;Provincia de Corrientes;
55513;IXPAY SA;2026-06-19;2;2;Pesos;400000;1000;4;0;6;100;35,00;Personas humanas en relación de dependencia;,00;360,00;Fija;360,00;550000,00;Provincia de San Juan;
55513;IXPAY SA;2026-06-19;1;1;Pesos;400000;1000;4;0;6;100;35,00;Personas humanas en relación de dependencia;,00;540,00;Fija;540,00;700000,00;Provincia de Entre Ríos;
55513;IXPAY SA;2026-06-19;2;2;Pesos;400000;1000;4;0;6;100;35,00;Personas humanas en relación de dependencia;,00;360,00;Fija;360,00;550000,00;Provincia de Tierra del Fuego Antártida e Islas del Atlántico Sur;
55513;IXPAY SA;2026-06-19;3;3;Pesos;600000;1000;4;0;6;100;35,00;Personas humanas en relación de dependencia;,00;168,00;Fija;168,00;390000,00;Provincia de Entre Ríos;
55513;IXPAY SA;2026-06-19;2;2;Pesos;400000;1000;4;0;6;100;35,00;Personas humanas en relación de dependencia;,00;360,00;Fija;360,00;550000,00;Provincia de Mendoza;
55513;IXPAY SA;2026-06-19;1;1;Pesos;400000;1000;4;0;6;100;35,00;Personas humanas en relación de dependencia;,00;540,00;Fija;540,00;700000,00;Provincia de Córdoba;
55513;IXPAY SA;2026-06-19;2;2;Pesos;400000;1000;4;0;6;100;35,00;Personas humanas en relación de dependencia;,00;360,00;Fija;360,00;550000,00;Provincia de Santa Fe;
55513;IXPAY SA;2026-06-19;1;1;Pesos;400000;1000;4;0;6;100;35,00;Personas humanas en relación de dependencia;,00;540,00;Fija;540,00;700000,00;Provincia del Chaco;
55513;IXPAY SA;2026-06-19;3;3;Pesos;600000;1000;4;0;6;100;35,00;Personas humanas en relación de dependencia;,00;168,00;Fija;168,00;390000,00;Provincia de Tierra del Fuego Antártida e Islas del Atlántico Sur;
55513;IXPAY SA;2026-06-19;1;1;Pesos;400000;1000;4;0;6;100;35,00;Personas humanas en relación de dependencia;,00;540,00;Fija;540,00;700000,00;Provincia de Corrientes;
55513;IXPAY SA;2026-06-19;2;2;Pesos;400000;1000;4;0;6;100;35,00;Personas humanas en relación de dependencia;,00;360,00;Fija;360,00;550000,00;Provincia de Río Negro;
55513;IXPAY SA;2026-06-19;3;3;Pesos;600000;1000;4;0;6;100;35,00;Personas humanas en relación de dependencia;,00;168,00;Fija;168,00;390000,00;Provincia de Formosa;
55513;IXPAY SA;2026-06-19;1;1;Pesos;400000;1000;4;0;6;100;35,00;Personas humanas en relación de dependencia;,00;540,00;Fija;540,00;700000,00;Provincia de San Luis;
55513;IXPAY SA;2026-06-19;2;2;Pesos;400000;1000;4;0;6;100;35,00;Personas humanas en relación de dependencia;,00;360,00;Fija;360,00;550000,00;Provincia del Chaco;
55513;IXPAY SA;2026-06-19;3;3;Pesos;600000;1000;4;0;6;100;35,00;Personas humanas en relación de dependencia;,00;168,00;Fija;168,00;390000,00;Provincia de San Luis;
55513;IXPAY SA;2026-06-19;3;3;Pesos;600000;1000;4;0;6;100;35,00;Personas humanas en relación de dependencia;,00;168,00;Fija;168,00;390000,00;Provincia de Corrientes;
55513;IXPAY SA;2026-06-19;3;3;Pesos;600000;1000;4;0;6;100;35,00;Personas humanas en relación de dependencia;,00;168,00;Fija;168,00;390000,00;Provincia de San Juan;
55513;IXPAY SA;2026-06-19;1;1;Pesos;400000;1000;4;0;6;100;35,00;Personas humanas en relación de dependencia;,00;540,00;Fija;540,00;700000,00;Provincia del Chubut;
55513;IXPAY SA;2026-06-19;1;1;Pesos;400000;1000;4;0;6;100;35,00;Personas humanas en relación de dependencia;,00;540,00;Fija;540,00;700000,00;Provincia de San Juan;
55513;IXPAY SA;2026-06-19;3;3;Pesos;600000;1000;4;0;6;100;35,00;Personas humanas en relación de dependencia;,00;168,00;Fija;168,00;390000,00;Provincia del Chaco;
55513;IXPAY SA;2026-06-19;2;2;Pesos;400000;1000;4;0;6;100;35,00;Personas humanas en relación de dependencia;,00;360,00;Fija;360,00;550000,00;Provincia de San Luis;
55513;IXPAY SA;2026-06-19;3;3;Pesos;600000;1000;4;0;6;100;35,00;Personas humanas en relación de dependencia;,00;168,00;Fija;168,00;390000,00;Provincia del Chubut;
55513;IXPAY SA;2026-06-19;1;1;Pesos;400000;1000;4;0;6;100;35,00;Personas humanas en relación de dependencia;,00;540,00;Fija;540,00;700000,00;Provincia de Santiago del Estero;
55513;IXPAY SA;2026-06-19;1;1;Pesos;400000;1000;4;0;6;100;35,00;Personas humanas en relación de dependencia;,00;540,00;Fija;540,00;700000,00;Provincia de Formosa;
55513;IXPAY SA;2026-06-19;2;2;Pesos;400000;1000;4;0;6;100;35,00;Personas humanas en relación de dependencia;,00;360,00;Fija;360,00;550000,00;Provincia de Jujuy;
55513;IXPAY SA;2026-06-19;3;3;Pesos;600000;1000;4;0;6;100;35,00;Personas humanas en relación de dependencia;,00;168,00;Fija;168,00;390000,00;Provincia de Córdoba;
55513;IXPAY SA;2026-06-19;1;1;Pesos;400000;1000;4;0;6;100;35,00;Personas humanas en relación de dependencia;,00;540,00;Fija;540,00;700000,00;Provincia de Misiones;
55513;IXPAY SA;2026-06-19;1;1;Pesos;400000;1000;4;0;6;100;35,00;Personas humanas en relación de dependencia;,00;540,00;Fija;540,00;700000,00;Provincia de Tucumán;
55513;IXPAY SA;2026-06-19;3;3;Pesos;600000;1000;4;0;6;100;35,00;Personas humanas en relación de dependencia;,00;168,00;Fija;168,00;390000,00;Provincia de Misiones;
55513;IXPAY SA;2026-06-19;2;2;Pesos;400000;1000;4;0;6;100;35,00;Personas humanas en relación de dependencia;,00;360,00;Fija;360,00;550000,00;Provincia del Chubut;
55513;IXPAY SA;2026-06-19;2;2;Pesos;400000;1000;4;0;6;100;35,00;Personas humanas en relación de dependencia;,00;360,00;Fija;360,00;550000,00;Provincia de Misiones;
55513;IXPAY SA;2026-06-19;2;2;Pesos;400000;1000;4;0;6;100;35,00;Personas humanas en relación de dependencia;,00;360,00;Fija;360,00;550000,00;Provincia de Formosa;
55513;IXPAY SA;2026-06-19;1;1;Pesos;400000;1000;4;0;6;100;35,00;Personas humanas en relación de dependencia;,00;540,00;Fija;540,00;700000,00;Provincia de Santa Fe;
55513;IXPAY SA;2026-06-19;2;2;Pesos;400000;1000;4;0;6;100;35,00;Personas humanas en relación de dependencia;,00;360,00;Fija;360,00;550000,00;Provincia de Córdoba;
55513;IXPAY SA;2026-06-19;3;3;Pesos;600000;1000;4;0;6;100;35,00;Personas humanas en relación de dependencia;,00;168,00;Fija;168,00;390000,00;Provincia del Neuquén;
55513;IXPAY SA;2026-06-19;2;2;Pesos;400000;1000;4;0;6;100;35,00;Personas humanas en relación de dependencia;,00;360,00;Fija;360,00;550000,00;Provincia de Entre Ríos;
55513;IXPAY SA;2026-06-19;3;3;Pesos;600000;1000;4;0;6;100;35,00;Personas humanas en relación de dependencia;,00;168,00;Fija;168,00;390000,00;Ciudad Autónoma de Buenos Aires;
55513;IXPAY SA;2026-06-19;3;3;Pesos;600000;1000;4;0;6;100;35,00;Personas humanas en relación de dependencia;,00;168,00;Fija;168,00;390000,00;Provincia de Salta;
55513;IXPAY SA;2026-06-19;2;2;Pesos;400000;1000;4;0;6;100;35,00;Personas humanas en relación de dependencia;,00;360,00;Fija;360,00;550000,00;Provincia de La Rioja;
55513;IXPAY SA;2026-06-19;1;1;Pesos;400000;1000;4;0;6;100;35,00;Personas humanas en relación de dependencia;,00;540,00;Fija;540,00;700000,00;Ciudad Autónoma de Buenos Aires;
55513;IXPAY SA;2026-06-19;2;2;Pesos;400000;1000;4;0;6;100;35,00;Personas humanas en relación de dependencia;,00;360,00;Fija;360,00;550000,00;Ciudad Autónoma de Buenos Aires;
55513;IXPAY SA;2026-06-19;1;1;Pesos;400000;1000;4;0;6;100;35,00;Personas humanas en relación de dependencia;,00;540,00;Fija;540,00;700000,00;Provincia de La Rioja;
55513;IXPAY SA;2026-06-19;1;1;Pesos;400000;1000;4;0;6;100;35,00;Personas humanas en relación de dependencia;,00;540,00;Fija;540,00;700000,00;Provincia de Tierra del Fuego Antártida e Islas del Atlántico Sur;
55513;IXPAY SA;2026-06-19;3;3;Pesos;600000;1000;4;0;6;100;35,00;Personas humanas en relación de dependencia;,00;168,00;Fija;168,00;390000,00;Provincia de Jujuy;
55513;IXPAY SA;2026-06-19;1;1;Pesos;400000;1000;4;0;6;100;35,00;Personas humanas en relación de dependencia;,00;540,00;Fija;540,00;700000,00;Provincia de La Pampa;
55513;IXPAY SA;2026-06-19;2;2;Pesos;400000;1000;4;0;6;100;35,00;Personas humanas en relación de dependencia;,00;360,00;Fija;360,00;550000,00;Provincia de Santiago del Estero;
55513;IXPAY SA;2026-06-19;1;1;Pesos;400000;1000;4;0;6;100;35,00;Personas humanas en relación de dependencia;,00;540,00;Fija;540,00;700000,00;Provincia de Mendoza;
55513;IXPAY SA;2026-06-19;3;3;Pesos;600000;1000;4;0;6;100;35,00;Personas humanas en relación de dependencia;,00;168,00;Fija;168,00;390000,00;Provincia de La Rioja;
55513;IXPAY SA;2026-06-19;1;1;Pesos;400000;1000;4;0;6;100;35,00;Personas humanas en relación de dependencia;,00;540,00;Fija;540,00;700000,00;Provincia del Neuquén;
55513;IXPAY SA;2026-06-19;2;2;Pesos;400000;1000;4;0;6;100;35,00;Personas humanas en relación de dependencia;,00;360,00;Fija;360,00;550000,00;Provincia de Buenos Aires;
55513;IXPAY SA;2026-06-19;2;2;Pesos;400000;1000;4;0;6;100;35,00;Personas humanas en relación de dependencia;,00;360,00;Fija;360,00;550000,00;Provincia del Neuquén;
55513;IXPAY SA;2026-06-19;3;3;Pesos;600000;1000;4;0;6;100;35,00;Personas humanas en relación de dependencia;,00;168,00;Fija;168,00;390000,00;Provincia de Buenos Aires;
55513;IXPAY SA;2026-06-19;1;1;Pesos;400000;1000;4;0;6;100;35,00;Personas humanas en relación de dependencia;,00;540,00;Fija;540,00;700000,00;Provincia de Santa Cruz;
55513;IXPAY SA;2026-06-19;1;1;Pesos;400000;1000;4;0;6;100;35,00;Personas humanas en relación de dependencia;,00;540,00;Fija;540,00;700000,00;Provincia de Buenos Aires;
55513;IXPAY SA;2026-06-19;2;2;Pesos;400000;1000;4;0;6;100;35,00;Personas humanas en relación de dependencia;,00;360,00;Fija;360,00;550000,00;Provincia de Santa Cruz;
55513;IXPAY SA;2026-06-19;1;1;Pesos;400000;1000;4;0;6;100;35,00;Personas humanas en relación de dependencia;,00;540,00;Fija;540,00;700000,00;Provincia de Jujuy;
55513;IXPAY SA;2026-06-19;1;1;Pesos;400000;1000;4;0;6;100;35,00;Personas humanas en relación de dependencia;,00;540,00;Fija;540,00;700000,00;Provincia de Salta;
55513;IXPAY SA;2026-06-19;3;3;Pesos;600000;1000;4;0;6;100;35,00;Personas humanas en relación de dependencia;,00;168,00;Fija;168,00;390000,00;Provincia de Santa Cruz;
55513;IXPAY SA;2026-06-19;2;2;Pesos;400000;1000;4;0;6;100;35,00;Personas humanas en relación de dependencia;,00;360,00;Fija;360,00;550000,00;Provincia de La Pampa;
55513;IXPAY SA;2026-06-19;3;3;Pesos;600000;1000;4;0;6;100;35,00;Personas humanas en relación de dependencia;,00;168,00;Fija;168,00;390000,00;Provincia de Tucumán;
55513;IXPAY SA;2026-06-19;1;1;Pesos;400000;1000;4;0;6;100;35,00;Personas humanas en relación de dependencia;,00;540,00;Fija;540,00;700000,00;Provincia de Río Negro;
55513;IXPAY SA;2026-06-19;2;2;Pesos;400000;1000;4;0;6;100;35,00;Personas humanas en relación de dependencia;,00;360,00;Fija;360,00;550000,00;Provincia de Tucumán;
55513;IXPAY SA;2026-06-19;3;3;Pesos;600000;1000;4;0;6;100;35,00;Personas humanas en relación de dependencia;,00;168,00;Fija;168,00;390000,00;Provincia de Santiago del Estero;
55513;IXPAY SA;2026-06-19;3;3;Pesos;600000;1000;4;0;6;100;35,00;Personas humanas en relación de dependencia;,00;168,00;Fija;168,00;390000,00;Provincia de Mendoza;
55513;IXPAY SA;2026-06-19;3;3;Pesos;600000;1000;4;0;6;100;35,00;Personas humanas en relación de dependencia;,00;168,00;Fija;168,00;390000,00;Provincia de Santa Fe;
55513;IXPAY SA;2026-06-19;3;3;Pesos;600000;1000;4;0;6;100;35,00;Personas humanas en relación de dependencia;,00;168,00;Fija;168,00;390000,00;Provincia de La Pampa;
55513;IXPAY SA;2026-06-19;3;3;Pesos;600000;1000;4;0;6;100;35,00;Personas humanas en relación de dependencia;,00;168,00;Fija;168,00;390000,00;Provincia de Río Negro;
55513;IXPAY SA;2026-06-19;2;2;Pesos;400000;1000;4;0;6;100;35,00;Personas humanas en relación de dependencia;,00;360,00;Fija;360,00;550000,00;Provincia de Salta;
55514;CARTASUR CARDS S.A.U;2026-06-26;NUEVO 4 SP;NUEVO 4 SP;Pesos;360000;30000;8;0;0;84;30,00;Beneficiarios de cuentas de la seguridad social;,00;2913,23;Fija;3525,01;4250,00;Ciudad Autónoma de Buenos Aires;
55514;CARTASUR CARDS S.A.U;2026-06-26;RENOVADOR 18;RENOVADOR 18;Pesos;4800000;30000;24;0;3;84;,00;Empleados públicos;,00;214,07;Fija;259,02;1200,00;Ciudad Autónoma de Buenos Aires;
55514;CARTASUR CARDS S.A.U;2026-06-26;RENOVADOR 18;RENOVADOR 18;Pesos;4800000;30000;24;0;0;84;,00;Beneficiarios de cuentas de la seguridad social;,00;214,07;Fija;259,02;1200,00;Provincia de Buenos Aires;
55514;CARTASUR CARDS S.A.U;2026-06-26;RENOVADOR 18;RENOVADOR 18;Pesos;4800000;30000;24;0;3;84;,00;Personas humanas en relación de dependencia;,00;214,07;Fija;259,02;1200,00;Provincia de Buenos Aires;
55514;CARTASUR CARDS S.A.U;2026-06-26;RENOVADOR 18;RENOVADOR 18;Pesos;4800000;30000;24;0;0;84;,00;Beneficiarios de cuentas de la seguridad social;,00;214,07;Fija;259,02;1200,00;Ciudad Autónoma de Buenos Aires;
55514;CARTASUR CARDS S.A.U;2026-06-26;RENOVADOR 18;RENOVADOR 18;Pesos;4800000;30000;24;0;3;84;,00;Personas humanas en relación de dependencia;,00;214,07;Fija;259,02;1200,00;Ciudad Autónoma de Buenos Aires;
55514;CARTASUR CARDS S.A.U;2026-06-26;MORA CERO;MORA CERO;Pesos;9999999;5000;35;0;0;70;,00;Todos los beneficiarios;,00;97,51;Fija;117,98;550,00;Ciudad Autónoma de Buenos Aires;
55514;CARTASUR CARDS S.A.U;2026-06-26;NUEVO 4 SP;NUEVO 4 SP;Pesos;360000;30000;8;0;0;84;30,00;Beneficiarios de cuentas de la seguridad social;,00;2913,23;Fija;3525,01;4250,00;Provincia de Buenos Aires;
55514;CARTASUR CARDS S.A.U;2026-06-26;RENOVADOR 18;RENOVADOR 18;Pesos;4800000;30000;24;0;3;84;,00;Empleados públicos;,00;214,07;Fija;259,02;1200,00;Provincia de Buenos Aires;
55514;CARTASUR CARDS S.A.U;2026-06-26;MORA CERO;MORA CERO;Pesos;9999999;5000;35;0;0;70;,00;Todos los beneficiarios;,00;97,51;Fija;117,98;550,00;Provincia de Buenos Aires;
55520;Asociación Mutual Trabajadores del Hospital de Pediatria SAMIC "Profesor Dr. Juan P. Garrahan";2026-03-02;MPHG HABERES;MPHG RECIBO;Pesos;2500000;10000;40;0;0;100;35,00;Todos los beneficiarios;,00;124,00;Fija;124,00;8445,00;Todo el territorio nacional;
55523;COMERCIAL FERSA SRL;2026-06-19;PRESTAMOS PERSONALES A SOLA FIRMA COMERCIO CASA SAEZ;PRESTAMOS CASA SAEZ;Pesos;10000000;100000;24;0;0;100;33,33;Todos los beneficiarios;,00;60,00;Fija;71,00;88540,00;Provincia del Chaco;
55524;ASOCIACION MUTUAL 7 DE AGOSTO;2026-03-04;AYUDA ECONOMICA PERSONAL EN PESOS;AY ECON PERSONAL PESOS;Pesos;5000000;100000;12;0;0;85;50,00;Beneficiarios de cuentas de la seguridad social;,00;361,65;Fija;208,00;17354,00;Todo el territorio nacional;
55524;ASOCIACION MUTUAL 7 DE AGOSTO;2026-03-04;AYUDA ECONOMICA PERSONAL EN PESOS;AY ECON PERSONAL PESOS;Pesos;5000000;100000;18;0;0;85;50,00;Beneficiarios de cuentas de la seguridad social;,00;318,46;Fija;208,00;14345,00;Todo el territorio nacional;
55524;ASOCIACION MUTUAL 7 DE AGOSTO;2026-03-04;AYUDA ECONOMICA PERSONAL EN PESOS;AY ECON PERSONAL PESOS;Pesos;5000000;100000;24;0;0;85;50,00;Beneficiarios de cuentas de la seguridad social;,00;299,44;Fija;208,00;13051,00;Todo el territorio nacional;
55525;ASOCIACION MUTUAL GRAL J JOSE DE URQUIZA;2026-03-04;AYUDA ECONOMICA PERSONAL EN PESOS;AY ECON PERSONAL PESOS;Pesos;5000000;100000;12;0;0;85;50,00;Beneficiarios de cuentas de la seguridad social;,00;373,44;Fija;208,00;17538,00;Todo el territorio nacional;
55525;ASOCIACION MUTUAL GRAL J JOSE DE URQUIZA;2026-03-04;AYUDA ECONOMICA PERSONAL EN PESOS;AY ECON PERSONAL PESOS;Pesos;5000000;100000;18;0;0;85;50,00;Beneficiarios de cuentas de la seguridad social;,00;328,51;Fija;208,00;14530,00;Todo el territorio nacional;
55525;ASOCIACION MUTUAL GRAL J JOSE DE URQUIZA;2026-03-04;AYUDA ECONOMICA PERSONAL EN PESOS;AY ECON PERSONAL PESOS;Pesos;5000000;100000;24;0;0;85;50,00;Beneficiarios de cuentas de la seguridad social;,00;308,50;Fija;208,00;13236,00;Todo el territorio nacional;
55526;Asociacion Mutual Progreso Entrerriano;2026-06-25;PRESTAPP;PRESTAPP;Pesos;1000000;100000;24;0;6;90;,30;Todos los beneficiarios;,00;105,00;Fija;114,00;113155,00;Provincia de Entre Ríos;N
55526;Asociacion Mutual Progreso Entrerriano;2026-06-25;CONSUMO;CONSUMO;Pesos;5000000;10000;24;0;6;90;,30;Todos los beneficiarios;,00;105,00;Fija;114,00;113155,00;Provincia de Entre Ríos;N
55526;Asociacion Mutual Progreso Entrerriano;2026-06-25;COMERCIAL;COMERCIAL;Pesos;16000000;10000;24;0;6;75;,30;Todos los beneficiarios;,00;86,00;Fija;96,00;104936,00;Provincia de Entre Ríos;N
55526;Asociacion Mutual Progreso Entrerriano;2026-06-25;PROVEEDURIA PLUS;PROVEEDURIA PLUS;Pesos;2000000;1000;24;0;6;90;,30;Todos los beneficiarios;,00;50,00;Fija;55,00;81852,00;Provincia de Entre Ríos;N
55526;Asociacion Mutual Progreso Entrerriano;2026-06-25;PAGO INTEGRO;PAGO INTEGRO;Pesos;20000000;10000;24;0;6;75;,30;Todos los beneficiarios;,00;78,00;Fija;84,00;100827,00;Provincia de Entre Ríos;N
55526;Asociacion Mutual Progreso Entrerriano;2026-06-25;PROVEEDURIA CERO;PROVEEDURIA CERO;Pesos;2000000;1000;12;0;6;90;,30;Todos los beneficiarios;,00;,00;Fija;,00;83333,00;Provincia de Entre Ríos;N
55531;ARGENTUM CAPITAL SA;2026-06-25;PRESTAMO PERSONAL;MENSUAL;Pesos;500000;10000;1;0;0;0;,00;Todos los beneficiarios;,00;573,14;Fija;13132,79;15700,00;Provincia de Buenos Aires;
55533;SSCAPITAL SOCIEDAD ANONIMA;2026-06-10;PLAN CHEQUE, EFECTIVO AL INSTANTE;LINEA CON  CHEQUE;Pesos;35000000;3000000;12;0;3;60;35,00;Personas humanas Responsables Inscriptos;30,00;375,00;Fija;518,00;113700,00;Todo el territorio nacional;
55533;SSCAPITAL SOCIEDAD ANONIMA;2026-06-10;SUPER PRESTAMO EN EL ACTO;LINEA CON RECIBO;Pesos;6000000;200000;24;450000;1;75;35,00;Empleados públicos;30,00;830,00;Fija;1150,00;70321,00;Todo el territorio nacional;
55533;SSCAPITAL SOCIEDAD ANONIMA;2026-06-10;SUPER PRESTAMO EN EL ACTO;LINEA CON RECIBO;Pesos;6000000;200000;24;450000;1;75;35,00;Personas humanas en relación de dependencia;30,00;830,00;Fija;1150,00;70321,00;Todo el territorio nacional;
55533;SSCAPITAL SOCIEDAD ANONIMA;2026-06-10;PLAN CHEQUE EXPRESS ;LINEA  CON CHEQUE CORTO;Pesos;15000000;1000000;3;0;2;60;35,00;Personas humanas Responsables Inscriptos;,00;101,00;Fija;130,00;1097400,00;Todo el territorio nacional;
55543;VISIR SA;2026-06-10;PLAN HONDA;PLAN HONDA MOTOS;Pesos;14000000;100000;24;600000;6;70;50,00;Todos los beneficiarios;35,00;137,71;Fija;182,94;103465,00;Provincia de Córdoba;
55543;VISIR SA;2026-06-10;PLAN MOTOS ;PLAN MOTOS;Pesos;14000000;100000;24;600000;6;70;50,00;Todos los beneficiarios;35,00;168,82;Fija;227,59;114618,00;Provincia de Santiago del Estero;
55543;VISIR SA;2026-06-10;PLAN MOTOS ;PLAN MOTOS;Pesos;14000000;100000;24;600000;6;70;50,00;Todos los beneficiarios;35,00;168,82;Fija;227,59;114618,00;Provincia de Córdoba;
55543;VISIR SA;2026-06-10;PLAN HONDA;PLAN HONDA MOTOS;Pesos;14000000;100000;24;600000;6;70;50,00;Todos los beneficiarios;35,00;137,71;Fija;182,94;103465,00;Provincia de Santiago del Estero;
55543;VISIR SA;2026-06-10;PLAN HONDA;PLAN HONDA MOTOS;Pesos;14000000;100000;24;600000;6;70;50,00;Todos los beneficiarios;35,00;137,71;Fija;182,94;103465,00;Provincia de Tucumán;
55543;VISIR SA;2026-06-10;PLAN HONDA;PLAN HONDA MOTOS;Pesos;14000000;100000;24;600000;6;70;50,00;Todos los beneficiarios;35,00;137,71;Fija;182,94;103465,00;Provincia de Salta;
55543;VISIR SA;2026-06-10;PLAN HONDA;PLAN HONDA MOTOS;Pesos;14000000;100000;24;600000;6;70;50,00;Todos los beneficiarios;35,00;137,71;Fija;182,94;103465,00;Provincia de Catamarca;
55543;VISIR SA;2026-06-10;PLAN MOTOS ;PLAN MOTOS;Pesos;14000000;100000;24;600000;6;70;50,00;Todos los beneficiarios;35,00;168,82;Fija;227,59;114618,00;Provincia de Salta;
55543;VISIR SA;2026-06-10;PLAN MOTOS ;PLAN MOTOS;Pesos;14000000;100000;24;600000;6;70;50,00;Todos los beneficiarios;35,00;168,82;Fija;227,59;114618,00;Provincia de Catamarca;
55543;VISIR SA;2026-06-10;PLAN MOTOS ;PLAN MOTOS;Pesos;14000000;100000;24;600000;6;70;50,00;Todos los beneficiarios;35,00;168,82;Fija;227,59;114618,00;Provincia de La Rioja;
55543;VISIR SA;2026-06-10;PLAN MOTOS ;PLAN MOTOS;Pesos;14000000;100000;24;600000;6;70;50,00;Todos los beneficiarios;35,00;168,82;Fija;227,59;114618,00;Provincia de Jujuy;
55543;VISIR SA;2026-06-10;PLAN HONDA;PLAN HONDA MOTOS;Pesos;14000000;100000;24;600000;6;70;50,00;Todos los beneficiarios;35,00;137,71;Fija;182,94;103465,00;Provincia de Jujuy;
55543;VISIR SA;2026-06-10;PLAN HONDA;PLAN HONDA MOTOS;Pesos;14000000;100000;24;600000;6;70;50,00;Todos los beneficiarios;35,00;137,71;Fija;182,94;103465,00;Provincia de La Rioja;
55543;VISIR SA;2026-06-10;PLAN MOTOS ;PLAN MOTOS;Pesos;14000000;100000;24;600000;6;70;50,00;Todos los beneficiarios;35,00;168,82;Fija;227,59;114618,00;Provincia de Tucumán;
55544;YOLO CASH S.A.;2026-05-27;PRESTAMOS PERSONALES;PRESTAMOS PERSONALES;Pesos;3000000;50000;24;100000;6;79;25,00;Empleados públicos;48,40;696,35;Fija;1082,79;203667,00;Provincia de Córdoba;
55544;YOLO CASH S.A.;2026-05-27;PRESTAMOS PERSONALES;PRESTAMOS PERSONALES;Pesos;3000000;50000;24;100000;6;79;25,00;Empleados públicos;48,40;696,35;Fija;1082,79;203667,00;Provincia de Jujuy;
55544;YOLO CASH S.A.;2026-05-27;PRESTAMOS PERSONALES;PRESTAMOS PERSONALES;Pesos;3000000;50000;24;100000;6;79;25,00;Beneficiarios de cuentas de la seguridad social;48,40;696,35;Fija;1082,79;203667,00;Provincia de Córdoba;
55544;YOLO CASH S.A.;2026-05-27;PRESTAMOS PERSONALES;PRESTAMOS PERSONALES;Pesos;3000000;50000;24;100000;6;79;25,00;Personas humanas en relación de dependencia;48,40;696,35;Fija;1082,79;203667,00;Provincia de Jujuy;
55544;YOLO CASH S.A.;2026-05-27;PRESTAMOS PERSONALES;PRESTAMOS PERSONALES;Pesos;3000000;50000;24;100000;6;79;25,00;Personas humanas en relación de dependencia;48,40;696,35;Fija;1082,79;203667,00;Provincia de Córdoba;
55544;YOLO CASH S.A.;2026-05-27;PRESTAMOS PERSONALES;PRESTAMOS PERSONALES;Pesos;3000000;50000;24;100000;6;79;25,00;Beneficiarios de cuentas de la seguridad social;48,40;696,35;Fija;1082,79;203667,00;Provincia de Jujuy;
55547;sistemas unificados de credito dirigido SA;2026-06-10;PRESTAMOS PERSONALES;EFECTIVO;Pesos;250000;3000;12;8500;6;84;30,00;Todos los beneficiarios;,00;674,49;Fija;705,27;246650,00;Todo el territorio nacional;
55577;BLOQUES S.A.;2026-06-10;PRESTAMOS PERSONALES;PP;Pesos;50000000;1000000;12;0;0;100;34,00;Personas humanas en relación de dependencia;3,50;116,94;Fija;153,69;137674,00;Todo el territorio nacional;
55579;DEAMPRO S.R.L.;2026-06-12;PLANES DNI;DNI;Pesos;2000000;75000;9;0;0;100;,00;Beneficiarios de cuentas de la seguridad social;35,00;3881,04;Fija;4696,06;338900,00;Provincia de Corrientes;
55579;DEAMPRO S.R.L.;2026-06-12;PLANES DNI VARIABLES;DNI V;Pesos;2000000;75000;9;0;0;100;,00;Beneficiarios de cuentas de la seguridad social;35,00;2947,85;Fija;3566,90;357800,00;Provincia de Buenos Aires;
55579;DEAMPRO S.R.L.;2026-06-12;PLANES VARIABLES;V;Pesos;3000000;100000;9;0;3;100;,00;Empleados públicos;35,00;2118,64;Fija;2563,55;301100,00;Provincia de Formosa;
55579;DEAMPRO S.R.L.;2026-06-12;PLANES DNI;DNI;Pesos;2000000;75000;9;0;0;100;,00;Personas humanas Monotributistas;35,00;3881,04;Fija;4696,06;338900,00;Provincia de Buenos Aires;
55579;DEAMPRO S.R.L.;2026-06-12;PLANES STANDARD;S;Pesos;3000000;100000;9;0;3;100;,00;Empleados públicos;35,00;2256,93;Fija;2730,89;285600,00;Provincia de Formosa;
55579;DEAMPRO S.R.L.;2026-06-12;PLANES VARIABLES;V;Pesos;3000000;100000;9;0;3;100;,00;Personas humanas en relación de dependencia;35,00;2118,64;Fija;2563,55;301100,00;Provincia de Buenos Aires;
55579;DEAMPRO S.R.L.;2026-06-12;PLANES DNI;DNI;Pesos;2000000;75000;9;0;0;100;,00;Beneficiarios de cuentas de la seguridad social;35,00;3881,04;Fija;4696,06;338900,00;Provincia de Formosa;
55579;DEAMPRO S.R.L.;2026-06-12;PLANES STANDARD;S;Pesos;3000000;100000;9;0;3;100;,00;Empleados públicos;35,00;2256,93;Fija;2730,89;285600,00;Provincia de Buenos Aires;
55579;DEAMPRO S.R.L.;2026-06-12;PLANES STANDARD;S;Pesos;3000000;100000;9;0;3;100;,00;Personas humanas en relación de dependencia;35,00;2256,93;Fija;2730,89;285600,00;Provincia de Formosa;
55579;DEAMPRO S.R.L.;2026-06-12;PLANES DNI;DNI;Pesos;2000000;75000;9;0;0;100;,00;Beneficiarios de cuentas de la seguridad social;35,00;3881,04;Fija;4696,06;338900,00;Provincia de Buenos Aires;
55579;DEAMPRO S.R.L.;2026-06-12;PLANES VARIABLES;V;Pesos;3000000;100000;9;0;3;100;,00;Personas humanas en relación de dependencia;35,00;2118,64;Fija;2563,55;301100,00;Provincia de Formosa;
55579;DEAMPRO S.R.L.;2026-06-12;PLANES DNI VARIABLES;DNI V;Pesos;2000000;75000;9;0;0;100;,00;Personas humanas Monotributistas;35,00;2947,85;Fija;3566,90;357800,00;Provincia de Buenos Aires;
55579;DEAMPRO S.R.L.;2026-06-12;PLANES DNI VARIABLES;DNI V;Pesos;2000000;75000;9;0;0;100;,00;Beneficiarios de cuentas de la seguridad social;35,00;2947,85;Fija;3566,90;357800,00;Provincia de Formosa;
55579;DEAMPRO S.R.L.;2026-06-12;PLANES STANDARD;S;Pesos;3000000;100000;9;0;3;100;,00;Personas humanas en relación de dependencia;35,00;2256,93;Fija;2730,89;285600,00;Provincia de Buenos Aires;
55579;DEAMPRO S.R.L.;2026-06-12;PLANES VARIABLES;V;Pesos;3000000;100000;9;0;3;100;,00;Empleados públicos;35,00;2118,64;Fija;2563,55;301100,00;Provincia de Corrientes;
55579;DEAMPRO S.R.L.;2026-06-12;PLANES VARIABLES;V;Pesos;3000000;100000;9;0;3;100;,00;Empleados públicos;35,00;2118,64;Fija;2563,55;301100,00;Provincia de Buenos Aires;
55579;DEAMPRO S.R.L.;2026-06-12;PLANES DNI;DNI;Pesos;2000000;75000;9;0;0;100;,00;Personas humanas Monotributistas;35,00;3881,04;Fija;4696,06;338900,00;Provincia de Formosa;
55579;DEAMPRO S.R.L.;2026-06-12;PLANES DNI VARIABLES;DNI V;Pesos;2000000;75000;9;0;0;100;,00;Personas humanas Monotributistas;35,00;2947,85;Fija;3566,90;357800,00;Provincia de Corrientes;
55579;DEAMPRO S.R.L.;2026-06-12;PLANES STANDARD;S;Pesos;3000000;100000;9;0;3;100;,00;Personas humanas en relación de dependencia;35,00;2256,93;Fija;2730,89;285600,00;Provincia de Corrientes;
55579;DEAMPRO S.R.L.;2026-06-12;PLANES DNI VARIABLES;DNI V;Pesos;2000000;75000;9;0;0;100;,00;Personas humanas Monotributistas;35,00;2947,85;Fija;3566,90;357800,00;Provincia de Formosa;
55579;DEAMPRO S.R.L.;2026-06-12;PLANES DNI;DNI;Pesos;2000000;75000;9;0;0;100;,00;Personas humanas Monotributistas;35,00;3881,04;Fija;4696,06;338900,00;Provincia de Corrientes;
55579;DEAMPRO S.R.L.;2026-06-12;PLANES DNI VARIABLES;DNI V;Pesos;2000000;75000;9;0;0;100;,00;Beneficiarios de cuentas de la seguridad social;35,00;2947,85;Fija;3566,90;357800,00;Provincia del Chaco;
55579;DEAMPRO S.R.L.;2026-06-12;PLANES STANDARD;S;Pesos;3000000;100000;9;0;3;100;,00;Personas humanas en relación de dependencia;35,00;2256,93;Fija;2730,89;285600,00;Provincia del Chaco;
55579;DEAMPRO S.R.L.;2026-06-12;PLANES STANDARD;S;Pesos;3000000;100000;9;0;3;100;,00;Empleados públicos;35,00;2256,93;Fija;2730,89;285600,00;Provincia de Corrientes;
55579;DEAMPRO S.R.L.;2026-06-12;PLANES DNI VARIABLES;DNI V;Pesos;2000000;75000;9;0;0;100;,00;Beneficiarios de cuentas de la seguridad social;35,00;2947,85;Fija;3566,90;357800,00;Provincia de Corrientes;
55579;DEAMPRO S.R.L.;2026-06-12;PLANES DNI VARIABLES;DNI V;Pesos;2000000;75000;9;0;0;100;,00;Personas humanas Monotributistas;35,00;2947,85;Fija;3566,90;357800,00;Provincia del Chaco;
55579;DEAMPRO S.R.L.;2026-06-12;PLANES VARIABLES;V;Pesos;3000000;100000;9;0;3;100;,00;Empleados públicos;35,00;2118,64;Fija;2563,55;301100,00;Provincia del Chaco;
55579;DEAMPRO S.R.L.;2026-06-12;PLANES VARIABLES;V;Pesos;3000000;100000;9;0;3;100;,00;Personas humanas en relación de dependencia;35,00;2118,64;Fija;2563,55;301100,00;Provincia del Chaco;
55579;DEAMPRO S.R.L.;2026-06-12;PLANES DNI;DNI;Pesos;2000000;75000;9;0;0;100;,00;Beneficiarios de cuentas de la seguridad social;35,00;3881,04;Fija;4696,06;338900,00;Provincia del Chaco;
55579;DEAMPRO S.R.L.;2026-06-12;PLANES STANDARD;S;Pesos;3000000;100000;9;0;3;100;,00;Empleados públicos;35,00;2256,93;Fija;2730,89;285600,00;Provincia del Chaco;
55579;DEAMPRO S.R.L.;2026-06-12;PLANES VARIABLES;V;Pesos;3000000;100000;9;0;3;100;,00;Personas humanas en relación de dependencia;35,00;2118,64;Fija;2563,55;301100,00;Provincia de Corrientes;
55579;DEAMPRO S.R.L.;2026-06-12;PLANES DNI;DNI;Pesos;2000000;75000;9;0;0;100;,00;Personas humanas Monotributistas;35,00;3881,04;Fija;4696,06;338900,00;Provincia del Chaco;
55586;WUNDER S.A.;2026-05-20;CREDINET PERSONALES                                                                                                             ;CREDINET                 ;Pesos;30000000;500000;36;500000;6;65;30,00;Todos los beneficiarios;10,00;178,70;Fija;109,00;1089,00;Todo el territorio nacional;IVA INCLUIDO EN LA CUOTA INICIAL                                                                                                                                                                                                                                                                                                                                                                                                                                                                                                                                                                                                                                                                                                                                                              
65203;CRÉDITO REGIONAL COMPAÑÍA FINANCIERA S.A.U.;2026-05-22;CREDITO REGIONAL GOBIERNO DE LA CIUDAD;CABA;Pesos;10000000;3000;24;5000;12;65;50,00;Empleados públicos;10,00;200,07;Fija;273,41;1236,00;Todo el territorio nacional;
65203;CRÉDITO REGIONAL COMPAÑÍA FINANCIERA S.A.U.;2026-05-22;CREDITO REGIONAL MERCADO ABIERTO; PREFERENTE;Pesos;750000;100000;18;150000;12;83;30,00;Personas humanas en relación de dependencia;10,00;655,52;Fija;1010,42;2251,00;Todo el territorio nacional;
65203;CRÉDITO REGIONAL COMPAÑÍA FINANCIERA S.A.U.;2026-05-22;CREDITO REGIONAL MERCADO ABIERTO; CLASICO;Pesos;400000;100000;12;150000;12;83;30,00;Personas humanas en relación de dependencia;10,00;955,23;Fija;1541,33;2760,00;Todo el territorio nacional;
65203;CRÉDITO REGIONAL COMPAÑÍA FINANCIERA S.A.U.;2026-05-22;CREDITO REGIONAL DECRETO 352 26;DECRERO 352 26;Pesos;15000000;3000;36;5000;12;70;30,00;Empleados públicos;10,00;122,16;Fija;161,17;871,00;Todo el territorio nacional;
65203;CRÉDITO REGIONAL COMPAÑÍA FINANCIERA S.A.U.;2026-05-22;CREDITO REGIONAL MERCADO ABIERTO; PREMIUM;Pesos;1500000;100000;24;150000;12;83;30,00;Personas humanas en relación de dependencia;10,00;484,44;Fija;721,70;1919,00;Todo el territorio nacional;
65203;CRÉDITO REGIONAL COMPAÑÍA FINANCIERA S.A.U.;2026-05-22;CREDITO REGIONAL MUTUALES Y SINDICATOS;MUTUALES;Pesos;5000000;3000;24;5000;12;70;50,00;Personas humanas en relación de dependencia;10,00;330,13;Fija;472,17;1592,00;Todo el territorio nacional;
65203;CRÉDITO REGIONAL COMPAÑÍA FINANCIERA S.A.U.;2026-05-22;CREDITO REGIONAL GOBIERNO DE LA CIUDAD  1 MES;CABA  1;Pesos;10000000;3000;36;5000;12;65;50,00;Empleados públicos;10,00;537,04;Fija;808,96;1992,00;Todo el territorio nacional;
70142;ALARFIN S.A.;2026-03-31;PERSONALES MONOTRIBUTISTA;PERSONALES MT;Pesos;2000000;1;18;20000;6;70;30,00;Personas humanas Monotributistas;,00;97,33;Fija;187,62;119439,00;Provincia de Buenos Aires;
70142;ALARFIN S.A.;2026-03-31;PERSONALES RESPONSABLE INSCRIPTOS;PERSONALES RI;Pesos;2000000;1;18;20000;6;70;30,00;Personas humanas Responsables Inscriptos;,00;97,33;Fija;187,62;119439,00;Provincia de Buenos Aires;
70142;ALARFIN S.A.;2026-03-31;PERSONALES PERSONAS EN RELACION DE DEPENDENCIA;PERSONALES DEP;Pesos;2000000;1;18;20000;6;70;30,00;Personas humanas en relación de dependencia;,00;97,33;Fija;187,62;119439,00;Provincia de Buenos Aires;
70147;CENCOSUD S.A.;2026-06-08;CONSUMO;CONSUMO;Pesos;2000000;375000;6;400000;0;78;30,00;Todos los beneficiarios;,00;276,27;Fija;275,73;2568,00;Todo el territorio nacional;CARGO POR GESTION DE COBRANZAS $7.969,06 IVA INCLUIDO
70212;CREDI-PAZ S.A.;2026-07-06;PRESTAMOS PERSONALES;CPE;Pesos;3500000;50000;24;350000;6;80;20,00;Todos los beneficiarios;,00;689,73;Fija;834,58;131000,00;Todo el territorio nacional;                                                                                                                                                                                                                                                                                                                                                                                                                                                                                                                                                                                                                                                                                                                                                                                                                                                                                                                                                                                                                                                                
70224;TARJETAS DEL MAR S.A.;2026-01-26;PRESTAMOS EN SUCURSAL;CONSUMO;Pesos;2000000;10000;12;0;6;80;30,00;Empleados públicos;10,00;231,66;Fija;320,54;16542,00;Provincia del Chubut;
70224;TARJETAS DEL MAR S.A.;2026-01-26;PRESTAMOS EN SUCURSAL;CONSUMO;Pesos;2000000;10000;12;0;6;80;30,00;Personas humanas Monotributistas;10,00;231,66;Fija;320,54;16542,00;Provincia de Río Negro;
70224;TARJETAS DEL MAR S.A.;2026-01-26;PRESTAMOS EN SUCURSAL;CONSUMO;Pesos;2000000;10000;12;0;6;80;30,00;Empleados públicos;10,00;231,66;Fija;320,54;16542,00;Provincia del Chaco;
70224;TARJETAS DEL MAR S.A.;2026-01-26;PRESTAMOS EN ECOMMERCE;CONSUMO;Pesos;4000000;10000;18;0;6;80;30,00;Beneficiarios de cuentas de la seguridad social;10,00;231,66;Fija;320,54;16542,00;Todo el territorio nacional;
70224;TARJETAS DEL MAR S.A.;2026-01-26;PRESTAMOS EN SUCURSAL;CONSUMO;Pesos;2000000;10000;12;0;6;80;30,00;Personas humanas Monotributistas;10,00;231,66;Fija;320,54;16542,00;Provincia de Corrientes;
70224;TARJETAS DEL MAR S.A.;2026-01-26;PRESTAMOS EN SUCURSAL;CONSUMO;Pesos;2000000;10000;12;0;6;80;30,00;Beneficiarios de cuentas de la seguridad social;10,00;231,66;Fija;320,54;16542,00;Provincia de Río Negro;
70224;TARJETAS DEL MAR S.A.;2026-01-26;PRESTAMOS EN SUCURSAL;CONSUMO;Pesos;2000000;10000;12;0;6;80;30,00;Personas humanas en relación de dependencia;10,00;231,66;Fija;320,54;16542,00;Provincia del Chaco;
70224;TARJETAS DEL MAR S.A.;2026-01-26;PRESTAMOS EN SUCURSAL;CONSUMO;Pesos;2000000;10000;12;0;6;80;30,00;Empleados públicos;10,00;231,66;Fija;320,54;16542,00;Provincia de Río Negro;
70224;TARJETAS DEL MAR S.A.;2026-01-26;PRESTAMOS EN SUCURSAL;CONSUMO;Pesos;2000000;10000;12;0;6;80;30,00;Empleados públicos;10,00;231,66;Fija;320,54;16542,00;Provincia de Corrientes;
70224;TARJETAS DEL MAR S.A.;2026-01-26;PRESTAMOS EN SUCURSAL;CONSUMO;Pesos;2000000;10000;12;0;6;80;30,00;Personas humanas en relación de dependencia;10,00;231,66;Fija;320,54;16542,00;Provincia del Neuquén;
70224;TARJETAS DEL MAR S.A.;2026-01-26;PRESTAMOS EN SUCURSAL;CONSUMO;Pesos;2000000;10000;12;0;6;80;30,00;Personas humanas Monotributistas;10,00;231,66;Fija;320,54;16542,00;Provincia del Chaco;
70224;TARJETAS DEL MAR S.A.;2026-01-26;PRESTAMOS EN ECOMMERCE;CONSUMO;Pesos;4000000;10000;18;0;6;80;30,00;Personas humanas Monotributistas;10,00;231,66;Fija;231,66;14933,00;Provincia de Tierra del Fuego Antártida e Islas del Atlántico Sur;
70224;TARJETAS DEL MAR S.A.;2026-01-26;PRESTAMOS EN SUCURSAL;CONSUMO;Pesos;2000000;10000;12;0;6;80;30,00;Beneficiarios de cuentas de la seguridad social;10,00;231,66;Fija;320,54;16542,00;Provincia del Chaco;
70224;TARJETAS DEL MAR S.A.;2026-01-26;PRESTAMOS EN ECOMMERCE;CONSUMO;Pesos;4000000;10000;18;0;6;80;30,00;Beneficiarios de cuentas de la seguridad social;10,00;231,66;Fija;231,66;14933,00;Provincia de Tierra del Fuego Antártida e Islas del Atlántico Sur;
70224;TARJETAS DEL MAR S.A.;2026-01-26;PRESTAMOS EN SUCURSAL;CONSUMO;Pesos;2000000;10000;12;0;6;80;30,00;Beneficiarios de cuentas de la seguridad social;10,00;231,66;Fija;320,54;16542,00;Provincia del Chubut;
70224;TARJETAS DEL MAR S.A.;2026-01-26;PRESTAMOS EN ECOMMERCE;CONSUMO;Pesos;4000000;10000;18;0;6;80;30,00;Empleados públicos;10,00;231,66;Fija;231,66;14933,00;Provincia de Tierra del Fuego Antártida e Islas del Atlántico Sur;
70224;TARJETAS DEL MAR S.A.;2026-01-26;PRESTAMOS EN SUCURSAL;CONSUMO;Pesos;2000000;10000;12;0;6;80;30,00;Personas humanas en relación de dependencia;10,00;231,66;Fija;320,54;16542,00;Provincia del Chubut;
70224;TARJETAS DEL MAR S.A.;2026-01-26;PRESTAMOS EN ECOMMERCE;CONSUMO;Pesos;4000000;10000;18;0;6;80;30,00;Personas humanas en relación de dependencia;10,00;231,66;Fija;231,66;14933,00;Provincia de Tierra del Fuego Antártida e Islas del Atlántico Sur;
70224;TARJETAS DEL MAR S.A.;2026-01-26;PRESTAMOS EN SUCURSAL;CONSUMO;Pesos;2000000;10000;12;0;6;80;30,00;Personas humanas en relación de dependencia;10,00;231,66;Fija;320,54;16542,00;Provincia de Corrientes;
70224;TARJETAS DEL MAR S.A.;2026-01-26;PRESTAMOS EN ECOMMERCE;CONSUMO;Pesos;4000000;10000;18;0;6;80;30,00;Personas humanas Monotributistas;10,00;231,66;Fija;320,54;16542,00;Todo el territorio nacional;
70224;TARJETAS DEL MAR S.A.;2026-01-26;PRESTAMOS EN SUCURSAL;CONSUMO;Pesos;2000000;10000;12;0;6;80;30,00;Beneficiarios de cuentas de la seguridad social;10,00;231,66;Fija;320,54;16542,00;Provincia de Corrientes;
70224;TARJETAS DEL MAR S.A.;2026-01-26;PRESTAMOS EN SUCURSAL;CONSUMO;Pesos;2000000;10000;12;0;6;80;30,00;Personas humanas en relación de dependencia;10,00;231,66;Fija;320,54;16542,00;Provincia de Río Negro;
70224;TARJETAS DEL MAR S.A.;2026-01-26;PRESTAMOS EN SUCURSAL;CONSUMO;Pesos;2000000;10000;12;0;6;80;30,00;Personas humanas Monotributistas;10,00;231,66;Fija;320,54;16542,00;Provincia del Chubut;
70224;TARJETAS DEL MAR S.A.;2026-01-26;PRESTAMOS EN ECOMMERCE;CONSUMO;Pesos;4000000;10000;18;0;6;80;30,00;Empleados públicos;10,00;231,66;Fija;320,54;16542,00;Todo el territorio nacional;
70224;TARJETAS DEL MAR S.A.;2026-01-26;PRESTAMOS EN SUCURSAL;CONSUMO;Pesos;2000000;10000;12;0;6;80;30,00;Empleados públicos;10,00;231,66;Fija;320,54;16542,00;Provincia del Neuquén;
70224;TARJETAS DEL MAR S.A.;2026-01-26;PRESTAMOS EN SUCURSAL;CONSUMO;Pesos;2000000;10000;12;0;6;80;30,00;Beneficiarios de cuentas de la seguridad social;10,00;231,66;Fija;320,54;16542,00;Provincia del Neuquén;
70224;TARJETAS DEL MAR S.A.;2026-01-26;PRESTAMOS EN SUCURSAL;CONSUMO;Pesos;2000000;10000;12;0;6;80;30,00;Personas humanas Monotributistas;10,00;231,66;Fija;320,54;16542,00;Provincia del Neuquén;
70224;TARJETAS DEL MAR S.A.;2026-01-26;PRESTAMOS EN ECOMMERCE;CONSUMO;Pesos;4000000;10000;18;0;6;80;30,00;Personas humanas en relación de dependencia;10,00;231,66;Fija;320,54;16542,00;Todo el territorio nacional;
70228;SANTA MONICA S.A.;2026-07-08;PRESTAMOS PERSONALES ELEBAR;PRESTAMOS PERSONALES;Pesos;2600000;110000;36;270000;4;75;30,00;Personas humanas en relación de dependencia;,00;718,69;Fija;718,69;150000,00;Provincia de Buenos Aires;
70229;CONTAR S.A.;2026-05-05;PRESTAMOS EXPRESS CLIPER;CLIPER EXPRESS;Pesos;200000;10000;3;650000;6;75;,20;Clientes con cuenta en la entidad;;484,44;Fija;586,17;46372,00;Provincia de Buenos Aires;
70239;FERTIL FINANZAS S.A.;2025-04-08;PRESTAMO FERTIL;PREST.FERTIL;Pesos;1000000;1000;24;8000;4;78;45,00;Todos los beneficiarios;10,00;1512,79;Fija;1512,79;27444,00;Provincia de Buenos Aires;
70248;FAVACARD S.A;2025-06-04;FAVACARD;FAVACARD;Pesos;1750000;2000;24;400000;6;75;25,00;Todos los beneficiarios;4,00;459,66;Fija;680,52;201252,00;Provincia de Buenos Aires;
70269;Credinos Cooperativa de Vivienda, Crédito, Consumo, Servicios Asistenciales y de Turismo Ltda.;2024-08-07;PRESTAMOS PERSONALES CREDINOS;PRESTAMOS;Pesos;100000;4000;36;30000;6;65;30,00;Todos los beneficiarios;10,00;193,01;Fija;269,21;1157,60;Todo el territorio nacional;
70301;Tarjeta Pampeana S.A;2026-06-24;TARJETAPAMPEANAREFINANCIACION;REFINANCIACION;Pesos;400000;100000;15;500000;6;78;20,00;Clientes con cuenta en la entidad;,00;27,23;Fija;37,88;80292,00;Todo el territorio nacional;
70301;Tarjeta Pampeana S.A;2026-06-24;TARJETAPAMPEANA;PAMPEANA;Pesos;750000;100000;36;350000;6;78;20,00;Clientes con cuenta en la entidad;,00;177,75;Fija;214,05;108881,00;Todo el territorio nacional;
70408;TARJETA NARANJA S.A.U.;2025-03-26;PRESTAMOS PERSONALES NARANJA X;PRESTAMOS PERSONALES NX;Pesos;4200000;3000;30;0;0;80;;Clientes con cuenta en la entidad;,00;262,66;Fija;367,45;102374,00;Todo el territorio nacional;LA CUOTA INICIAL INFORMADA CORRESPONDE A UN PRESTAMO DE 30 CUOTAS TOMADO EL DIA 10 DEL MES, CON VENCIMIENTO EL DIA 10 DEL MES SIGUIENTE.
70427;TARJETA GRUPAR S.A.;2020-05-04;PRESTAMO PERSONAL TARJETA GRUPAR;PRESTAMOS GRUPAR 2019;Pesos;100000;1000;18;0;12;79;35,00;Todos los beneficiarios;,00;166,51;Fija;166,51;1629,00;Provincia de Córdoba;
70802;S.A. CLUB DEL ESTE;2022-09-08;PRESTAMO EFECTIVO;PRESTAMO EFECTIVO;;0;0;0;0;0;0;,00;Todos los beneficiarios;,00;,00;;,00;,00;Todo el territorio nacional;
70808;Caja Municipal de Préstamos Sociedad de Economía Mixta;2026-07-01;PRESTAMOS PERSONALES TARJETA CAJA MIXTA;PRESTAMOS CAJA MIXTA;Pesos;3000000;1;36;0;0;65;1,50;Personas humanas en relación de dependencia;,00;194,85;Fija;235,77;11678,00;Provincia de Entre Ríos;
70903;Única compañía de Crédito S.A.;2026-05-21;PRESTAMO UNICA;PRESTAMO UNICA;Pesos;1000000;100000;12;300000;0;73;30,00;Todos los beneficiarios;,00;955,23;Fija;955,23;,00;Todo el territorio nacional;
71101;NOA CARD S.A.;2026-07-01;CREDITO CONSUMO ESPECIAL 1;CREDITO CONS. ESPEC.1;Pesos;500000;500;6;10000;6;60;30,00;Personas humanas en relación de dependencia;,00;192,00;Fija;222,85;4035,00;Provincia de Jujuy;
71101;NOA CARD S.A.;2026-07-01;CREDITO CONSUMO FINDO NUEVO;CREDITO CONS. FINDO NVO;Pesos;500000;500;8;10000;6;60;30,00;Personas humanas en relación de dependencia;,00;192,00;Fija;222,85;4035,00;Provincia de Jujuy;
71101;NOA CARD S.A.;2026-07-01;CREDITO CONSUMO GENERAL;CREDITO CONS. GRAL;Pesos;500000;500;8;10000;6;60;30,00;Empleados públicos;,00;144,00;Fija;163,14;3289,00;Provincia de Jujuy;
71101;NOA CARD S.A.;2026-07-01;CREDITO CONSUMO FINDO NUEVO;CREDITO CONS. FINDO NVO;Pesos;500000;500;8;10000;6;60;30,00;Empleados públicos;,00;192,00;Fija;222,85;4035,00;Provincia de Jujuy;
71101;NOA CARD S.A.;2026-07-01;CREDITO CONSUMO NOA;PLAN DE REFINANCIACION;Pesos;500000;500;8;10000;6;60;30,00;Clientes que acrediten sueldos en la entidad;,00;107,91;Fija;107,91;2599,00;Provincia de Jujuy;
71101;NOA CARD S.A.;2026-07-01;CREDITO CONSUMO CEDEMS/APL;CREDITO CONS. CEDEMS/APL;Pesos;500000;500;8;10000;6;60;30,00;Empleados públicos;,00;192,00;Fija;222,85;4035,00;Provincia de Jujuy;
71101;NOA CARD S.A.;2026-07-01;CREDITO CONSUMO NOA;CREDITO CONS. NOA;Pesos;500000;500;8;10000;6;60;30,00;Clientes que acrediten sueldos en la entidad;,00;144,80;Fija;163,14;3289,00;Provincia de Jujuy;
71101;NOA CARD S.A.;2026-07-01;CREDITO CONSUMO ESPECIAL 1;CREDITO CONS. ESPEC.1;Pesos;500000;500;8;10000;6;60;30,00;Empleados públicos;,00;192,00;Fija;222,85;4035,00;Provincia de Jujuy;
71202;EMPRESUR S.A.;2025-03-10;PRESTAMOS QIDA;DEBITO PRESNET;Pesos;350000;10000;24;35000;6;74;55,00;Todos los beneficiarios;,00;488,09;Fija;590,59;186867,00;Todo el territorio nacional;
71204;Crédito Móvil S.A.;2024-06-11;CREDITOS PERSONALES A SOLA FIRMA;CRED.PERS.;Pesos;1000000;1000;18;0;3;100;40,00;Todos los beneficiarios;,00;708,00;Fija;216,40;23567,57;Provincia del Chubut;
71402;CENTRO CARD S.A.;2026-06-04;DEBITO AUTOMATICO PRESTAMO PERSONAL;DEB. AUT. PREST. PERSONAL;Pesos;750000;10000;36;500000;6;70;30,00;Todos los beneficiarios;,00;694,81;Fija;840,72;1772,00;Todo el territorio nacional;
71801;DATA 2000 S.A.;2026-04-10;PRESTAMOS PERSONALES DATA;PRESTAMOS DATA;Pesos;30000000;50000;12;0;0;70;20,00;Personas humanas en relación de dependencia;,00;159,03;Fija;213,47;144202,00;Provincia de San Juan;
72102;ASOCIACION MUTUAL DEL CLUB A. ARGENTINO;2026-07-03;PRESTAMOS MUTUAL - TASA FIJA (DESCUENTO HABERES ACTIVOS PROVINCIALES);TASA FIJA (ACT. PROV.);Pesos;30000000;1;36;0;0;100;30,00;Empleados públicos;,00;79,59;Fija;79,59;64212,00;Provincia de Santa Fe;
72102;ASOCIACION MUTUAL DEL CLUB A. ARGENTINO;2026-07-03;PRESTAMOS MUTUAL - TASA FIJA (TURISMO MUTUAL);TASA FIJA (TURISMO);Pesos;10000000;1;36;0;0;100;30,00;Todos los beneficiarios;,00;42,58;Fija;42,58;48957,00;Todo el territorio nacional;
72102;ASOCIACION MUTUAL DEL CLUB A. ARGENTINO;2026-07-03;PRESTAMOS MUTUAL - TASA FIJA (DESCUENTO HABERES CONVENIO EMPRESAS);TASA FIJA (CONV. EMPR.);Pesos;30000000;1;36;0;0;100;30,00;Todos los beneficiarios;,00;69,59;Fija;69,59;60220,00;Todo el territorio nacional;
72102;ASOCIACION MUTUAL DEL CLUB A. ARGENTINO;2026-07-03;PRESTAMOS MUTUAL - TASA VARIABLE (GARANTIA SOLA FIRMA Y SOLIDARIA);TASA VARIABLE;Pesos;100000000;3000000;48;0;0;100;30,00;Todos los beneficiarios;,00;41,25;Variable;41,25;41859,00;Todo el territorio nacional;
72102;ASOCIACION MUTUAL DEL CLUB A. ARGENTINO;2026-07-03;PRESTAMOS MUTUAL - TASA FIJA (GARANTIA SOLA FIRMA Y SOLIDARIA);TASA FIJA (PERSONAL);Pesos;30000000;1;48;0;0;100;30,00;Todos los beneficiarios;,00;79,59;Fija;79,59;58878,00;Todo el territorio nacional;
72104;MUTUAL SOCIOS ASOC MEDIC ROSARIO;2026-07-01;PRESTAMO A TU MEDIDA;PRESTAMO A TU MEDIDA;Pesos;500000000;1;60;372400;0;100;30,00;Todos los beneficiarios;,00;63,22;Fija;66,31;456,00;Todo el territorio nacional;
72113;MUTUAL ENTRE ASOC COOPER MUTUAL PATRONAL;2026-03-03;PRESTAMOS AMORTIZABLES A SOLA FIRMA;PREST.AMORT. A SOLA FIRMA;Pesos;10000000;10000;24;0;0;100;15,00;Todos los beneficiarios;,00;155,75;Fija;254,59;951647,00;Provincia de Córdoba;
72113;MUTUAL ENTRE ASOC COOPER MUTUAL PATRONAL;2026-03-03;PRESTAMOS AMORTIZABLES A SOLA FIRMA;PREST.AMORT. A SOLA FIRMA;Pesos;10000000;10000;24;0;0;100;15,00;Todos los beneficiarios;,00;155,75;Fija;254,59;951647,00;Provincia de Santa Fe;
72113;MUTUAL ENTRE ASOC COOPER MUTUAL PATRONAL;2026-03-03;PRESTAMOS AMORTIZABLES A SOLA FIRMA;PREST.AMORT. A SOLA FIRMA;Pesos;10000000;10000;24;0;0;100;15,00;Todos los beneficiarios;,00;155,75;Fija;254,59;951647,00;Provincia de Buenos Aires;
72126;CREDISOL S.A.;2026-06-18;CREDITO INFORMAL;CREDITO INFORMAL;Pesos;300000;1;6;0;0;100;45,00;Personas humanas en relación de dependencia;,00;825,73;Fija;999,13;331666,00;Provincia de Entre Ríos;
72126;CREDISOL S.A.;2026-06-18;CREDITO INFORMAL;CREDITO INFORMAL;Pesos;300000;1;6;0;0;100;45,00;Personas humanas en relación de dependencia;,00;825,73;Fija;999,13;331666,00;Provincia de Santa Fe;
72126;CREDISOL S.A.;2026-06-18;CONSUMO CON SUELDO;CONSUMO CON SUELDO;Pesos;1500000;1;8;0;0;100;45,00;Personas humanas en relación de dependencia;,00;274,97;Fija;332,71;214000,00;Provincia de Entre Ríos;
72126;CREDISOL S.A.;2026-06-18;CONSUMO CON SUELDO;CONSUMO CON SUELDO;Pesos;1500000;1;8;0;0;100;45,00;Personas humanas en relación de dependencia;,00;274,97;Fija;332,71;214000,00;Provincia de Buenos Aires;
72126;CREDISOL S.A.;2026-06-18;CONSUMO CON SUELDO;CONSUMO CON SUELDO;Pesos;1500000;1;8;0;0;100;45,00;Personas humanas Monotributistas;,00;274,97;Fija;332,71;214000,00;Provincia de Entre Ríos;
72126;CREDISOL S.A.;2026-06-18;CONSUMO VGG;CONSUMO VGG;Pesos;1500000;1;12;0;0;100;45,00;Personas humanas Monotributistas;,00;153,36;Fija;185,57;143333,00;Provincia de Santa Fe;
72126;CREDISOL S.A.;2026-06-18;CREDITO INFORMAL;CREDITO INFORMAL;Pesos;300000;1;6;0;0;100;45,00;Personas humanas Monotributistas;,00;825,73;Fija;999,13;331666,00;Provincia de Entre Ríos;
72126;CREDISOL S.A.;2026-06-18;CONSUMO CON SUELDO;CONSUMO CON SUELDO;Pesos;1500000;1;8;0;0;100;45,00;Personas humanas en relación de dependencia;,00;274,97;Fija;332,71;214000,00;Provincia de Santa Fe;
72126;CREDISOL S.A.;2026-06-18;CONSUMO CON SUELDO;CONSUMO CON SUELDO;Pesos;1500000;1;8;0;0;100;45,00;Personas humanas Monotributistas;,00;274,97;Fija;332,71;214000,00;Provincia de Buenos Aires;
72126;CREDISOL S.A.;2026-06-18;CONSUMO GRUPO CERRADO;CONSUMO GRUPO CERRADO;Pesos;1500000;1;12;0;0;100;45,00;Personas humanas Monotributistas;,00;227,77;Fija;275,60;163333,00;Provincia de Santa Fe;
72126;CREDISOL S.A.;2026-06-18;CREDITO INFORMAL;CREDITO INFORMAL;Pesos;300000;1;6;0;0;100;45,00;Personas humanas en relación de dependencia;,00;825,73;Fija;999,13;331666,00;Provincia de Buenos Aires;
72126;CREDISOL S.A.;2026-06-18;CONSUMO VGG;CONSUMO VGG;Pesos;1500000;1;12;0;0;100;45,00;Personas humanas en relación de dependencia;,00;153,36;Fija;185,57;143333,00;Provincia de Santa Fe;
72126;CREDISOL S.A.;2026-06-18;CONSUMO CON SUELDO;CONSUMO CON SUELDO;Pesos;1500000;1;8;0;0;100;45,00;Personas humanas Monotributistas;,00;274,97;Fija;332,71;214000,00;Provincia de Santa Fe;
72126;CREDISOL S.A.;2026-06-18;CREDITO INFORMAL;CREDITO INFORMAL;Pesos;300000;1;6;0;0;100;45,00;Personas humanas Monotributistas;,00;825,73;Fija;999,13;331666,00;Provincia de Buenos Aires;
72126;CREDISOL S.A.;2026-06-18;CREDITO INFORMAL;CREDITO INFORMAL;Pesos;300000;1;6;0;0;100;45,00;Personas humanas Monotributistas;,00;825,73;Fija;999,13;331666,00;Provincia de Santa Fe;
72126;CREDISOL S.A.;2026-06-18;CONSUMO GRUPO CERRADO;CONSUMO GRUPO CERRADO;Pesos;1500000;1;12;0;0;100;45,00;Personas humanas en relación de dependencia;,00;227,77;Fija;275,60;163333,00;Provincia de Santa Fe;
72129;ASOCIACION MUTUAL CLUB ATLETICO PILAR;2025-12-26;SISTEMA EN CUOTAS PERSONALES;PERSONAL;Pesos;5000000;100000;30;0;6;100;30,00;Clientes con cuenta en la entidad;,00;101,07;Fija;103,07;7410,00;Provincia de Santa Fe;
72131;Asociación Mutual del Personal Jerárquico de Bancos Oficiales Nacionales;2025-08-01;AYUDA ECONOMICA ONLINE PMI 3000;AE SOCIOS ONLINE PMI 3000;Pesos;800000;500;12;0;0;100;,00;Todos los beneficiarios;1,00;162,64;Fija;165,14;10000,00;Todo el territorio nacional;
72131;Asociación Mutual del Personal Jerárquico de Bancos Oficiales Nacionales;2025-08-01;AYUDA ECONOMICA SOCIO PMI 2000;AE SOCIOS PMI 2000;Pesos;1100000;3000;12;0;6;100;,00;Personas humanas en relación de dependencia;1,00;162,64;Fija;165,14;10000,00;Todo el territorio nacional;
72131;Asociación Mutual del Personal Jerárquico de Bancos Oficiales Nacionales;2025-08-01;AYUDA ECONOMICA SOCIO PMI;AE SOCIOS PMI;Pesos;780000;3000;12;0;6;100;,00;Personas humanas en relación de dependencia;1,00;162,64;Fija;165,14;10000,00;Todo el territorio nacional;
72131;Asociación Mutual del Personal Jerárquico de Bancos Oficiales Nacionales;2025-08-01;AYUDA ECONOMICA ONLINE PMI 2000;AE SOCIOS ONLINE PMI 2000;Pesos;550000;500;12;0;0;100;,00;Todos los beneficiarios;1,00;162,64;Fija;165,14;10000,00;Todo el territorio nacional;
72131;Asociación Mutual del Personal Jerárquico de Bancos Oficiales Nacionales;2025-08-01;AYUDA ECONOMICA SOCIO PMI 3000;AE SOCIOS PMI 3000;Pesos;1600000;3000;12;0;6;100;,00;Personas humanas en relación de dependencia;1,00;162,64;Fija;165,14;10000,00;Todo el territorio nacional;
72131;Asociación Mutual del Personal Jerárquico de Bancos Oficiales Nacionales;2025-08-01;AYUDA ECONOMICA ONLINE PMI;AE SOCIOS ONLINE PMI;Pesos;380000;500;12;0;0;100;,00;Todos los beneficiarios;1,00;162,64;Fija;165,14;10000,00;Todo el territorio nacional;
72133;CREDIFIAR S.A.;2026-06-23;CREDIFIAR;PRESTAMOS PERSONALES;Pesos;1500000;1;24;0;0;100;30,00;Todos los beneficiarios;,00;158,17;Fija;191,39;1698,00;Provincia de Entre Ríos;
72133;CREDIFIAR S.A.;2026-06-23;CREDIFIAR;PRESTAMOS PERSONALES;Pesos;1500000;1;24;0;0;100;30,00;Todos los beneficiarios;,00;158,17;Fija;191,39;1698,00;Provincia de Santa Fe;
72303;CREDIMAS S.A.;2026-03-04;PRESTAMO PERSONAL;PRESTAMO PERSONAL;Pesos;2000000;1000;12;200000;4;100;45,00;Clientes con cuenta en la entidad;,00;510,22;Fija;764,14;383821,00;Provincia de Jujuy;
72303;CREDIMAS S.A.;2026-03-04;PRESTAMO PERSONAL;PRESTAMO PERSONAL;Pesos;2000000;1000;12;200000;4;100;45,00;Clientes con cuenta en la entidad;,00;510,22;Fija;764,14;383821,00;Provincia de Salta;
72303;CREDIMAS S.A.;2026-03-04;PRESTAMO PERSONAL;PRESTAMO PERSONAL;Pesos;2000000;1000;12;200000;4;100;45,00;Clientes con cuenta en la entidad;,00;510,22;Fija;764,14;383821,00;Provincia de Tucumán;
72303;CREDIMAS S.A.;2026-03-04;PRESTAMO PERSONAL;PRESTAMO PERSONAL;Pesos;2000000;1000;12;200000;4;100;45,00;Clientes con cuenta en la entidad;,00;510,22;Fija;764,14;383821,00;Provincia de Santiago del Estero;
72306;VALLE FERTIL S.A.;2026-05-05;PRESTAMOS SUCREDITO;SUPRESTAMO;Pesos;2000000;1000;24;0;0;100;,00;Todos los beneficiarios;,00;682,82;Fija;682,82;126462,00;Provincia de Córdoba;
72306;VALLE FERTIL S.A.;2026-05-05;PRESTAMOS SUCREDITO;SUPRESTAMO;Pesos;2000000;1000;24;0;0;100;,00;Todos los beneficiarios;,00;682,82;Fija;682,82;126462,00;Provincia de Salta;
72306;VALLE FERTIL S.A.;2026-05-05;PRESTAMOS SUCREDITO;SUPRESTAMO;Pesos;2000000;1000;24;0;0;100;,00;Todos los beneficiarios;,00;682,82;Fija;682,82;126462,00;Provincia de Jujuy;
72306;VALLE FERTIL S.A.;2026-05-05;PRESTAMOS SUCREDITO;SUPRESTAMO;Pesos;2000000;1000;24;0;0;100;,00;Todos los beneficiarios;,00;682,82;Fija;682,82;126462,00;Provincia de Santiago del Estero;
72306;VALLE FERTIL S.A.;2026-05-05;PRESTAMOS SUCREDITO;SUPRESTAMO;Pesos;2000000;1000;24;0;0;100;,00;Todos los beneficiarios;,00;682,82;Fija;682,82;126462,00;Provincia de Tucumán;
72308;CASTILLO S.A.C.I.F.I.A.;2025-12-20;QUIERO MI PRESTAMO;PRESTAMO;Pesos;3000000;5000;24;338000;6;80;30,00;Todos los beneficiarios;30,00;274,51;Fija;386,79;14000,00;Provincia de Tucumán;NO INCLUYE IMPUESTO A LOS SELLOS
72308;CASTILLO S.A.C.I.F.I.A.;2025-12-20;QUIERO MI PRESTAMO;PRESTAMO;Pesos;3000000;5000;24;338000;6;80;30,00;Todos los beneficiarios;30,00;274,51;Fija;386,79;14000,00;Provincia de Jujuy;NO INCLUYE IMPUESTO A LOS SELLOS
72308;CASTILLO S.A.C.I.F.I.A.;2025-12-20;QUIERO MI PRESTAMO;PRESTAMO;Pesos;3000000;5000;24;338000;6;80;30,00;Todos los beneficiarios;30,00;274,51;Fija;386,79;14000,00;Provincia de Santiago del Estero;NO INCLUYE IMPUESTO A LOS SELLOS
72308;CASTILLO S.A.C.I.F.I.A.;2025-12-20;QUIERO MI PRESTAMO;PRESTAMO;Pesos;3000000;5000;24;338000;6;80;30,00;Todos los beneficiarios;30,00;274,51;Fija;386,79;14000,00;Provincia de Salta;NO INCLUYE IMPUESTO A LOS SELLOS
72607;FIRENZE COOPERATIVA DE CRÉDITO, CONSUMO, VIVIENDA, TURISMO Y SERVICIOS ASISTENCIALES LIMITADA;2024-09-27;PRESTAMOPERSONAL;PP;Pesos;1000000;1000;24;0;0;100;30,00;Todos los beneficiarios;4,00;147,48;Fija;147,48;241,36;Provincia de Córdoba;NO APLICA
72614;MUTUAL DE DOCENTES DE NEUQUEN;2022-09-22;AYUDAS ECONOMICAS;COMUN;Pesos;100000;20000;18;0;0;100;20,00;Clientes con cuenta en la entidad;,00;129,57;Fija;139,90;,00;Provincia del Neuquén;0
72614;MUTUAL DE DOCENTES DE NEUQUEN;2022-09-22;AYUDAS ECONOMICAS DEBITO;LINEA POR DEBITO;Pesos;100000;20000;18;0;0;100;20,00;Clientes con cuenta en la entidad;,00;101,24;Fija;101,24;,00;Provincia del Neuquén;0
72618;ASOCIACION MUTUAL DE ASOCIADOS Y ADHERENTES DEL CENTRO JUVENIL SPORTIVO BELGRANO;2024-08-02;PRESTAMOS AMORTIZABLES SISTEMA FRANCES J;PRESTAMO J;Pesos;30000000;1000;12;0;6;75;,30;Todos los beneficiarios;,00;87,72;Fija;96,84;1339,90;Provincia de Córdoba;
72618;ASOCIACION MUTUAL DE ASOCIADOS Y ADHERENTES DEL CENTRO JUVENIL SPORTIVO BELGRANO;2024-08-02;PRESTAMOS AMORTIZABLES SISTEMA DIRECTO;PRESTAMO E;Pesos;50000000;1000;36;0;6;75;,30;Todos los beneficiarios;,00;70,57;Fija;234,22;917,51;Provincia de Córdoba;
72618;ASOCIACION MUTUAL DE ASOCIADOS Y ADHERENTES DEL CENTRO JUVENIL SPORTIVO BELGRANO;2024-08-02;PRESTAMOS PAGO UNICO A;PRESTAMO A;Pesos;100000000;1000;3;0;6;100;,30;Todos los beneficiarios;,00;67,24;Fija;68,82;10765,00;Provincia de Córdoba;EL CREDITO ES DE PAGO UNICO - EN CUOTA INICIAL SE INFORMA PARA EL PLAZO MAXIMO DE 90 DIAS
72618;ASOCIACION MUTUAL DE ASOCIADOS Y ADHERENTES DEL CENTRO JUVENIL SPORTIVO BELGRANO;2024-08-02;PRESTAMOS PAGO UNICO B;PRESTAMO B;Pesos;100000000;1000;3;0;6;100;,30;Todos los beneficiarios;,00;74,82;Fija;76,31;10625,00;Provincia de Córdoba;EL CREDITO ES DE PAGO UNICO - EN CUOTA INICIAL SE INFORMA PARA EL PLAZO MAXIMO DE 90 DIAS
72634;MERCADOLIBRE S.R.L.;2026-06-03;PRESTAMO PERSONAL;PRESTAMO PERSONAL;Pesos;32000000;1000;24;0;0;100;,00;Clientes con cuenta en la entidad;,00;863,48;Fija;1375,94;74973,00;Todo el territorio nacional;
