Código de Entidad;Descripción de Entidad;Fecha de Información;Nombre completo del plazo fijo;Nombre corto del plazo fijo;Denominación;Monto mínimo a invertir;Plazo mínimo a invertir;Canal de constitución;Tasa efectiva anual mínima;Territorio de validez de la oferta;Más información
7;BANCO DE GALICIA Y BUENOS AIRES S.A.;2026-06-26;PLAZOFIJOAJUSTABLEPORUVA;PFUVA;UVA;100;90 días;Ventanilla de sucursal;,00;Todo el territorio nacional;
7;BANCO DE GALICIA Y BUENOS AIRES S.A.;2026-06-26;PLAZOFIJOTRADICIONAL;PFTRADICIONAL;Pesos;100;30 días;Ventanilla de sucursal;18,98;Todo el territorio nacional;
7;BANCO DE GALICIA Y BUENOS AIRES S.A.;2026-06-26;PLAZOFIJOPRECANCELABLEUVA;PFPRECANCELABLEUVA;UVA;100;90 días;Home banking;,00;Todo el territorio nacional;
7;BANCO DE GALICIA Y BUENOS AIRES S.A.;2026-06-26;PLAZOFIJOTRADICIONAL;PFTRADICIONAL;Pesos;100;180 días;Home banking;19,92;Todo el territorio nacional;
7;BANCO DE GALICIA Y BUENOS AIRES S.A.;2026-06-26;PLAZOFIJOPRECANCELABLEUVA;PFPRECANCELABLEUVA;UVA;100;90 días;Ventanilla de sucursal;,00;Todo el territorio nacional;
7;BANCO DE GALICIA Y BUENOS AIRES S.A.;2026-06-26;PLAZOFIJOTRADICIONAL;PFTRADICIONAL;Pesos;100;30 días;Home banking;18,98;Todo el territorio nacional;
7;BANCO DE GALICIA Y BUENOS AIRES S.A.;2026-06-26;PLAZOFIJOTRADICIONAL;PFTRADICIONAL;Dólares estadounidenses;100;30 días;Ventanilla de sucursal;1,25;Todo el territorio nacional;
7;BANCO DE GALICIA Y BUENOS AIRES S.A.;2026-06-26;PLAZOFIJOTRADICIONAL;PFTRADICIONAL;Dólares estadounidenses;100;90 días;Ventanilla de sucursal;1,81;Todo el territorio nacional;
7;BANCO DE GALICIA Y BUENOS AIRES S.A.;2026-06-26;PLAZOFIJOAJUSTABLEPORUVA;PFUVA;UVA;100;90 días;Home banking;,00;Todo el territorio nacional;
7;BANCO DE GALICIA Y BUENOS AIRES S.A.;2026-06-26;PLAZOFIJOTRADICIONAL;PFTRADICIONAL;Dólares estadounidenses;100;90 días;Home banking;1,81;Todo el territorio nacional;
7;BANCO DE GALICIA Y BUENOS AIRES S.A.;2026-06-26;PLAZOFIJOTRADICIONAL;PFTRADICIONAL;Dólares estadounidenses;100;30 días;Home banking;1,25;Todo el territorio nacional;
7;BANCO DE GALICIA Y BUENOS AIRES S.A.;2026-06-26;PLAZOFIJOTRADICIONAL;PFTRADICIONAL;Pesos;100;180 días;Ventanilla de sucursal;19,92;Todo el territorio nacional;
11;BANCO DE LA NACION ARGENTINA;2026-06-30;PLAZO FIJO CON CANCELACION ANTICIPADA CERTIFICADO PRECANCELABLE;PRECANCELABLE;Pesos;5000;180 días;Ventanilla de sucursal;15,57;Todo el territorio nacional;
11;BANCO DE LA NACION ARGENTINA;2026-06-30;PLAZO FIJO PRECANCELABLE EN UNIDADES DE VALOR ADQUISITIVO UVA;UVA PRECANCELABLE;UVA;1500;90 días;Ventanilla de sucursal;,50;Todo el territorio nacional;
11;BANCO DE LA NACION ARGENTINA;2026-06-30;PLAZO FIJO CON CANCELACION ANTICIPADA CERTIFICADO PRECANCELABLE;PRECANCELABLE;Pesos;5000;180 días;Electrónico;15,57;Todo el territorio nacional;
11;BANCO DE LA NACION ARGENTINA;2026-06-30;PLAZO FIJO TRADICIONAL;TRADICIONAL;Pesos;1500;30 días;Ventanilla de sucursal;16,65;Todo el territorio nacional;
11;BANCO DE LA NACION ARGENTINA;2026-06-30;PLAZO FIJO TRADICIONAL ELECTRONICO;TRADICIONAL ELECTRONICO;Pesos;500;30 días;Electrónico;20,75;Todo el territorio nacional;
11;BANCO DE LA NACION ARGENTINA;2026-06-30;PLAZO FIJO TRADICIONAL;TRADICIONAL;Dólares estadounidenses;100;30 días;Ventanilla de sucursal;,75;Todo el territorio nacional;
11;BANCO DE LA NACION ARGENTINA;2026-06-30;PLAZO FIJO PRECANCELABLE EN UNIDADES DE VALOR ADQUISITIVO UVA;UVA PRECANCELABLE;UVA;1500;90 días;Electrónico;,50;Todo el territorio nacional;
11;BANCO DE LA NACION ARGENTINA;2026-06-30;PLAZO FIJO TRADICIONAL;TRADICIONAL;Pesos;1500;90 días;Ventanilla de sucursal;17,55;Todo el territorio nacional;
11;BANCO DE LA NACION ARGENTINA;2026-06-30;PLAZO FIJO TRADICIONAL ELECTRONICO;TRADICIONAL ELECTRONICO;Pesos;500;90 días;Electrónico;20,98;Todo el territorio nacional;
11;BANCO DE LA NACION ARGENTINA;2026-06-30;PLAZO FIJO TRADICIONAL ELECTRONICO;TRADICIONAL ELECTRONICO;Dólares estadounidenses;100;30 días;Electrónico;1,61;Todo el territorio nacional;
14;BANCO DE LA PROVINCIA DE BUENOS AIRES;2026-06-30;PLAZO FIJO INTRANSFERIBLE EN DOLARES;PF.INT.PERS.FISICA.S.PRIV;Dólares estadounidenses;100;30 días;Home banking;1,26;Provincia de Buenos Aires;TASA PARA SECTOR PRIVADO
14;BANCO DE LA PROVINCIA DE BUENOS AIRES;2026-06-30;PLAZO FIJO INTRANSFERIBLE EN PESOS;PF.INT.PERS.FISICA.S.PRIV;Pesos;1000;90 días;Cajero automático;20,98;Ciudad Autónoma de Buenos Aires;TASA PARA SECTOR PRIVADO
14;BANCO DE LA PROVINCIA DE BUENOS AIRES;2026-06-30;PLAZO FIJO INTRANSFERIBLE EN UVA PRECANCELABLE;PF UVA INT CANC.ANTICIP.;UVA;1000;90 días;Ventanilla de sucursal;1,00;Provincia de Buenos Aires;PERSONAS HUMANAS - PLAZO FIJO DE UNIDADES DE VALOR ADQUISITIVO ACTUALIZABLES POR CER  LEY 25827 UVA
14;BANCO DE LA PROVINCIA DE BUENOS AIRES;2026-06-30;PLAZO FIJO INTRANSFERIBLE EN DOLARES;PF.INT.PERS.FISICA.S.PRIV;Dólares estadounidenses;100;30 días;Ventanilla de sucursal;1,26;Provincia de Buenos Aires;TASA PARA SECTOR PRIVADO
14;BANCO DE LA PROVINCIA DE BUENOS AIRES;2026-06-30;PLAZO FIJO INTRANSFERIBLE EN PESOS;PF.INT.PERS.FISICA.S.PRIV;Pesos;1000;90 días;Ventanilla de sucursal;20,98;Provincia de Buenos Aires;TASA PARA SECTOR PRIVADO
14;BANCO DE LA PROVINCIA DE BUENOS AIRES;2026-06-30;PLAZO FIJO INTRANSFERIBLE EN PESOS;PF.INT.PERS.FISICA.S.PRIV;Pesos;1000;90 días;Home banking;22,14;Ciudad Autónoma de Buenos Aires;TASA PARA SECTOR PRIVADO
14;BANCO DE LA PROVINCIA DE BUENOS AIRES;2026-06-30;PLAZO FIJO INTRANSFERIBLE EN PESOS;PF.INT.PERS.FISICA.S.PRIV;Pesos;1000;90 días;Home banking;22,14;Provincia de Buenos Aires;TASA PARA SECTOR PRIVADO
14;BANCO DE LA PROVINCIA DE BUENOS AIRES;2026-06-30;PLAZO FIJO INTRANSFERIBLE EN PESOS;PF.INT.PERS.FISICA.S.PRIV;Pesos;1000;30 días;Ventanilla de sucursal;20,15;Provincia de Buenos Aires;TASA PARA SECTOR PRIVADO
14;BANCO DE LA PROVINCIA DE BUENOS AIRES;2026-06-30;PLAZO FIJO INTRANSFERIBLE EN PESOS;PF.INT.PERS.FISICA.S.PRIV;Pesos;1000;30 días;Home banking;21,34;Provincia de Buenos Aires;TASA PARA SECTOR PRIVADO
14;BANCO DE LA PROVINCIA DE BUENOS AIRES;2026-06-30;PLAZO FIJO INTRANSFERIBLE EN UVA PRECANCELABLE;PF DIGITAL UVA-CANC. ANT;UVA;1000;90 días;Home banking;1,00;Provincia de Buenos Aires;PERSONAS HUMANAS - PLAZO FIJO DE UNIDADES DE VALOR ADQUISITIVO ACTUALIZABLES POR CER  LEY 25827 UVA
14;BANCO DE LA PROVINCIA DE BUENOS AIRES;2026-06-30;PLAZO FIJO INTRANSFERIBLE EN PESOS;PF.INT.PERS.FISICA.S.PRIV;Pesos;1000;90 días;Cajero automático;20,98;Provincia de Buenos Aires;TASA PARA SECTOR PRIVADO
14;BANCO DE LA PROVINCIA DE BUENOS AIRES;2026-06-30;PLAZO FIJO INTRANSFERIBLE EN DOLARES;PF.INT.PERS.FISICA.S.PRIV;Dólares estadounidenses;100;30 días;Ventanilla de sucursal;1,26;Ciudad Autónoma de Buenos Aires;TASA PARA SECTOR PRIVADO
14;BANCO DE LA PROVINCIA DE BUENOS AIRES;2026-06-30;PLAZO FIJO INTRANSFERIBLE EN UVA PRECANCELABLE;PF UVA INT CANC.ANTICIP.;UVA;1000;90 días;Ventanilla de sucursal;1,00;Ciudad Autónoma de Buenos Aires;PERSONAS HUMANAS - PLAZO FIJO DE UNIDADES DE VALOR ADQUISITIVO ACTUALIZABLES POR CER  LEY 25827 UVA
14;BANCO DE LA PROVINCIA DE BUENOS AIRES;2026-06-30;PLAZO FIJO INTRANSFERIBLE EN PESOS;PF.INT.PERS.FISICA.S.PRIV;Pesos;1000;30 días;Cajero automático;20,15;Provincia de Buenos Aires;TASA PARA SECTOR PRIVADO
14;BANCO DE LA PROVINCIA DE BUENOS AIRES;2026-06-30;PLAZO FIJO INTRANSFERIBLE EN PESOS;PF.INT.PERS.FISICA.S.PRIV;Pesos;1000;30 días;Cajero automático;20,15;Ciudad Autónoma de Buenos Aires;TASA PARA SECTOR PRIVADO
14;BANCO DE LA PROVINCIA DE BUENOS AIRES;2026-06-30;PLAZO FIJO INTRANSFERIBLE EN PESOS;PF.INT.PERS.FISICA.S.PRIV;Pesos;1000;30 días;Ventanilla de sucursal;20,15;Ciudad Autónoma de Buenos Aires;TASA PARA SECTOR PRIVADO
14;BANCO DE LA PROVINCIA DE BUENOS AIRES;2026-06-30;PLAZO FIJO INTRANSFERIBLE EN PESOS;PF.INT.PERS.FISICA.S.PRIV;Pesos;1000;90 días;Ventanilla de sucursal;20,98;Ciudad Autónoma de Buenos Aires;TASA PARA SECTOR PRIVADO
14;BANCO DE LA PROVINCIA DE BUENOS AIRES;2026-06-30;PLAZO FIJO INTRANSFERIBLE EN DOLARES;PF.INT.PERS.FISICA.S.PRIV;Dólares estadounidenses;100;30 días;Home banking;1,26;Ciudad Autónoma de Buenos Aires;TASA PARA SECTOR PRIVADO
14;BANCO DE LA PROVINCIA DE BUENOS AIRES;2026-06-30;PLAZO FIJO INTRANSFERIBLE EN PESOS;PF.INT.PERS.FISICA.S.PRIV;Pesos;1000;30 días;Home banking;21,34;Ciudad Autónoma de Buenos Aires;TASA PARA SECTOR PRIVADO
14;BANCO DE LA PROVINCIA DE BUENOS AIRES;2026-06-30;PLAZO FIJO INTRANSFERIBLE EN UVA PRECANCELABLE;PF DIGITAL UVA-CANC. ANT;UVA;1000;90 días;Home banking;1,00;Ciudad Autónoma de Buenos Aires;PERSONAS HUMANAS - PLAZO FIJO DE UNIDADES DE VALOR ADQUISITIVO ACTUALIZABLES POR CER  LEY 25827 UVA
15;INDUSTRIAL AND COMMERCIAL BANK OF CHINA (ARGENTINA) S.A.U.;2026-07-03;PLAZO FIJO UVA;PFUVA;UVA;1000;;Todos los canales;,01;Todo el territorio nacional;
15;INDUSTRIAL AND COMMERCIAL BANK OF CHINA (ARGENTINA) S.A.U.;2026-07-03;PLAZO FIJO UVA;PF UVA;UVA;1000;360 días o más;Todos los canales;1,00;Todo el territorio nacional;
15;INDUSTRIAL AND COMMERCIAL BANK OF CHINA (ARGENTINA) S.A.U.;2026-07-03;PLAZO FIJO TRADICIONAL;PF TRADICIONAL;Pesos;1000;30 días;Todos los canales;18,74;Todo el territorio nacional;
15;INDUSTRIAL AND COMMERCIAL BANK OF CHINA (ARGENTINA) S.A.U.;2026-07-03;PLAZO FIJO TRADICIONAL;PF TRADICIONAL;Pesos;1000;30 días;Todos los canales;18,74;Todo el territorio nacional;
15;INDUSTRIAL AND COMMERCIAL BANK OF CHINA (ARGENTINA) S.A.U.;2026-07-03;PLAZO FIJO UVA;PF UVA;UVA;1000;180 días;Todos los canales;,01;Todo el territorio nacional;
15;INDUSTRIAL AND COMMERCIAL BANK OF CHINA (ARGENTINA) S.A.U.;2026-07-03;PLAZO FIJO UVA;PF UVA;UVA;1000;180 días;Todos los canales;,01;Todo el territorio nacional;
15;INDUSTRIAL AND COMMERCIAL BANK OF CHINA (ARGENTINA) S.A.U.;2026-07-03;PLAZO FIJO TRADICIONAL;PF TRADICIONAL;Pesos;1000;90 días;Todos los canales;19,43;Todo el territorio nacional;
15;INDUSTRIAL AND COMMERCIAL BANK OF CHINA (ARGENTINA) S.A.U.;2026-07-03;PLAZO FIJO UVA;PFUVA;UVA;1000;;Todos los canales;,01;Todo el territorio nacional;
15;INDUSTRIAL AND COMMERCIAL BANK OF CHINA (ARGENTINA) S.A.U.;2026-07-03;PLAZO FIJO UVA;PF UVA;UVA;1000;360 días o más;Todos los canales;1,00;Todo el territorio nacional;
15;INDUSTRIAL AND COMMERCIAL BANK OF CHINA (ARGENTINA) S.A.U.;2026-07-03;PLAZO FIJO TRADICIONAL;PF TRADICIONAL;Pesos;1000;60 días;Todos los canales;18,95;Todo el territorio nacional;
15;INDUSTRIAL AND COMMERCIAL BANK OF CHINA (ARGENTINA) S.A.U.;2026-07-03;PLAZO FIJO TRADICIONAL;PF TRADICIONAL;Pesos;1000;60 días;Todos los canales;18,95;Todo el territorio nacional;
15;INDUSTRIAL AND COMMERCIAL BANK OF CHINA (ARGENTINA) S.A.U.;2026-07-03;PLAZO FIJO TRADICIONAL;PF TRADICIONAL;Pesos;1000;90 días;Todos los canales;19,43;Todo el territorio nacional;
17;BANCO BBVA ARGENTINA S.A.;2026-07-08;PLAZO FIJO INTRANSFERIBLE EN PESOS;PF INTRANS. PESOS;Pesos;1000;30 días;Ventanilla de sucursal;19,86;Todo el territorio nacional;
17;BANCO BBVA ARGENTINA S.A.;2026-07-08;PLAZO FIJO INTRANSFERIBLE EN PESOS;PF INTRANS. PESOS;Pesos;1000;90 días;Ventanilla de sucursal;20,23;Todo el territorio nacional;
17;BANCO BBVA ARGENTINA S.A.;2026-07-08;PLAZO FIJO INTRANSFERIBLE EN PESOS;PF INTRANS. PESOS;Pesos;1000;90 días;Electrónico;20,23;Todo el territorio nacional;
17;BANCO BBVA ARGENTINA S.A.;2026-07-08;PLAZO FIJO INTRANSFERIBLE EN PESOS;PF INTRANS. PESOS;Pesos;1000;30 días;Home banking;19,86;Todo el territorio nacional;
17;BANCO BBVA ARGENTINA S.A.;2026-07-08;PLAZO FIJO INTRANSFERIBLE EN UVAS;PF INTRANS. UVA;UVA;1000;180 días;Home banking;,50;Todo el territorio nacional;
17;BANCO BBVA ARGENTINA S.A.;2026-07-08;PLAZO FIJO INTRANSFERIBLE EN PESOS;PF INTRANS. PESOS;Pesos;1000;30 días;Línea telefónica;19,86;Todo el territorio nacional;
17;BANCO BBVA ARGENTINA S.A.;2026-07-08;PLAZO FIJO INTRANSFERIBLE EN PESOS;PF INTRANS. PESOS;Pesos;1000;90 días;Línea telefónica;20,23;Todo el territorio nacional;
17;BANCO BBVA ARGENTINA S.A.;2026-07-08;PLAZO FIJO INTRANSFERIBLE EN PESOS;PF INTRANS. PESOS;Pesos;1000;30 días;Electrónico;19,86;Todo el territorio nacional;
17;BANCO BBVA ARGENTINA S.A.;2026-07-08;PLAZO FIJO INTRANSFERIBLE EN PESOS;PF INTRANS. PESOS;Pesos;1000;90 días;Home banking;20,23;Todo el territorio nacional;
17;BANCO BBVA ARGENTINA S.A.;2026-07-08;PLAZO FIJO INTRANSFERIBLE EN UVAS;PF INTRANS. UVA;UVA;1000;180 días;Ventanilla de sucursal;,50;Todo el territorio nacional;
20;BANCO DE LA PROVINCIA DE CORDOBA S.A.;2026-06-22;PLAZO FIJO INTRANSFERIBLE TRADICIONAL PESOS ATM Y HB;PF TRADIC. PESOS ATM Y HB;Pesos;1000;30 días;Cajero automático;22,84;Provincia de Córdoba;SE INFORMA TEA AL 21/04/2026
20;BANCO DE LA PROVINCIA DE CORDOBA S.A.;2026-06-22;PLAZO FIJO INTRANSFERIBLE PRECANCELABLE DE UNIDADES DE VALOR ADQUISITIVO UVA;PF INTRANSF. PRECANC. DE;UVA;1000;180 días;Home banking;1,00;Provincia de Santa Fe;SE INFORMA TEA AL  08/06/2018
20;BANCO DE LA PROVINCIA DE CORDOBA S.A.;2026-06-22;PLAZO FIJO INTRANSFERIBLE PRECANCELABLE DE UNIDADES DE VALOR ADQUISITIVO UVA;PF INTRANSF. PRECANC. DE;UVA;1000;180 días;Home banking;1,00;Provincia de Córdoba;SE INFORMA TEA AL  08/06/2018
20;BANCO DE LA PROVINCIA DE CORDOBA S.A.;2026-06-22;PLAZO FIJO INTRANSFERIBLE TRADICIONAL PESOS ATM Y HB;PF TRADIC. PESOS ATM Y HB;Pesos;1000;30 días;Home banking;22,84;Provincia de Santa Fe;SE INFORMA TEA AL 21/04/2026
20;BANCO DE LA PROVINCIA DE CORDOBA S.A.;2026-06-22;PLAZO FIJO INTRANSFERIBLE TRADICIONAL PESOS ATM Y HB;PF TRADIC. PESOS ATM Y HB;Pesos;1000;30 días;Cajero automático;22,84;Provincia de Santa Fe;SE INFORMA TEA AL 21/04/2026
20;BANCO DE LA PROVINCIA DE CORDOBA S.A.;2026-06-22;PLAZO FIJO INTRANSFERIBLE TRADICIONAL DOLAR SUCURSAL;PF TRADIC. DOLAR SUCURSAL;Dólares estadounidenses;100;30 días;Ventanilla de sucursal;1,56;Provincia de Córdoba;SE INFORMA TEA AL 22/04/2026
20;BANCO DE LA PROVINCIA DE CORDOBA S.A.;2026-06-22;PLAZO FIJO INTRANSFERIBLE PRECANCELABLE DE UNIDADES DE VALOR ADQUISITIVO UVA;PF INTRANSF. PRECANC. DE;UVA;1000;180 días;Home banking;1,00;Todo el territorio nacional;SE INFORMA TEA AL  08/06/2018
20;BANCO DE LA PROVINCIA DE CORDOBA S.A.;2026-06-22;PLAZO FIJO INTRANSFERIBLE TRADICIONAL PESOS ATM Y HB;PF TRADIC. PESOS ATM Y HB;Pesos;1000;90 días;Cajero automático;23,01;Provincia de Santa Fe;SE INFORMA TEA AL 21/04/2026
20;BANCO DE LA PROVINCIA DE CORDOBA S.A.;2026-06-22;PLAZO FIJO INTRANSFERIBLE TRADICIONAL DOLAR ATM Y HB;PF TRADIC. DOLAR ATM Y HB;Dólares estadounidenses;100;30 días;Home banking;2,02;Todo el territorio nacional;SE INFORMA TEA AL 22/04/2026
20;BANCO DE LA PROVINCIA DE CORDOBA S.A.;2026-06-22;PLAZO FIJO INTRANSFERIBLE TRADICIONAL PESOS ATM Y HB;PF TRADIC. PESOS ATM Y HB;Pesos;1000;30 días;Cajero automático;22,84;Todo el territorio nacional;SE INFORMA TEA AL 21/04/2026
20;BANCO DE LA PROVINCIA DE CORDOBA S.A.;2026-06-22;PLAZO FIJO INTRANSFERIBLE TRADICIONAL PESOS ATM Y HB;PF TRADIC. PESOS ATM Y HB;Pesos;1000;90 días;Cajero automático;23,01;Todo el territorio nacional;SE INFORMA TEA AL 21/04/2026
20;BANCO DE LA PROVINCIA DE CORDOBA S.A.;2026-06-22;PLAZO FIJO INTRANSFERIBLE TRADICIONAL PESOS ATM Y HB;PF TRADIC. PESOS ATM Y HB;Pesos;1000;30 días;Home banking;22,84;Todo el territorio nacional;SE INFORMA TEA AL 21/04/2026
20;BANCO DE LA PROVINCIA DE CORDOBA S.A.;2026-06-22;PLAZO FIJO INTRANSFERIBLE TRADICIONAL PESOS ATM Y HB;PF TRADIC. PESOS ATM Y HB;Pesos;1000;90 días;Home banking;23,01;Todo el territorio nacional;SE INFORMA TEA AL 21/04/2026
20;BANCO DE LA PROVINCIA DE CORDOBA S.A.;2026-06-22;PLAZO FIJO INTRANSFERIBLE TRADICIONAL PESOS ATM Y HB;PF TRADIC. PESOS ATM Y HB;Pesos;1000;90 días;Home banking;23,01;Provincia de Córdoba;SE INFORMA TEA AL 21/04/2026
20;BANCO DE LA PROVINCIA DE CORDOBA S.A.;2026-06-22;PLAZO FIJO INTRANSFERIBLE TRADICIONAL PESOS ATM Y HB;PF TRADIC. PESOS ATM Y HB;Pesos;1000;90 días;Home banking;23,01;Provincia de Santa Fe;SE INFORMA TEA AL 21/04/2026
20;BANCO DE LA PROVINCIA DE CORDOBA S.A.;2026-06-22;PLAZO FIJO INTRANSFERIBLE TRADICIONAL PESOS ATM Y HB;PF TRADIC. PESOS ATM Y HB;Pesos;1000;30 días;Home banking;22,84;Provincia de Córdoba;SE INFORMA TEA AL 21/04/2026
20;BANCO DE LA PROVINCIA DE CORDOBA S.A.;2026-06-22;PLAZO FIJO INTRANSFERIBLE TRADICIONAL PESOS ATM Y HB;PF TRADIC. PESOS ATM Y HB;Pesos;1000;90 días;Cajero automático;23,01;Provincia de Córdoba;SE INFORMA TEA AL 21/04/2026
27;BANCO SUPERVIELLE S.A.;2026-07-02;PLAZO FIJO TRADICIONAL INTRANSFERIBLE;PF INTRANSFERIBLE;Dólares estadounidenses;100;30 días;Ventanilla de sucursal;1,76;Todo el territorio nacional;
27;BANCO SUPERVIELLE S.A.;2026-07-02;PLAZO FIJO UVA INTRANSFERIBLE TRADICIONAL;PF UVA TRADICIONAL;UVA;3000;90 días;Home banking;,10;Todo el territorio nacional;
27;BANCO SUPERVIELLE S.A.;2026-07-02;PLAZO FIJO UVA INTRANSFERIBLE TRADICIONAL;PF UVA TRADICIONAL;UVA;3000;90 días;Home banking;,00;Todo el territorio nacional;
27;BANCO SUPERVIELLE S.A.;2026-07-02;PLAZO FIJO TRADICIONAL TRANSFERIBLE;PF TRANSFERIBLE;Euros;1000;30 días;Ventanilla de sucursal;,10;Todo el territorio nacional;
27;BANCO SUPERVIELLE S.A.;2026-07-02;PLAZO FIJO TRADICIONAL INTRANSFERIBLE;PF INTRANSFERIBLE;Pesos;100;30 días;Ventanilla de sucursal;16,36;Todo el territorio nacional;
27;BANCO SUPERVIELLE S.A.;2026-07-02;PLAZO FIJO TRADICIONAL INTRANSFERIBLE;PF INTRANSFERIBLE;Pesos;100;90 días;Home banking;20,69;Todo el territorio nacional;
27;BANCO SUPERVIELLE S.A.;2026-07-02;PLAZO FIJO TRADICIONAL TRANSFERIBLE;PF TRANSFERIBLE;Pesos;100;30 días;Ventanilla de sucursal;16,36;Todo el territorio nacional;
27;BANCO SUPERVIELLE S.A.;2026-07-02;PLAZO FIJO TRADICIONAL INTRANSFERIBLE;PF INTRANSFERIBLE;Dólares estadounidenses;100;30 días;Home banking;1,76;Todo el territorio nacional;
27;BANCO SUPERVIELLE S.A.;2026-07-02;PLAZO FIJO UVA INTRANSFERIBLE PRECANCELABLE;PF UVA PRECA;UVA;3000;180 días;Ventanilla de sucursal;,10;Todo el territorio nacional;
27;BANCO SUPERVIELLE S.A.;2026-07-02;PLAZO FIJO TRADICIONAL INTRANSFERIBLE;PF INTRANSFERIBLE;Pesos;100;90 días;Ventanilla de sucursal;20,69;Todo el territorio nacional;
27;BANCO SUPERVIELLE S.A.;2026-07-02;PLAZO FIJO TRADICIONAL TRANSFERIBLE;PF TRANSFERIBLE;Dólares estadounidenses;100;30 días;Ventanilla de sucursal;1,76;Todo el territorio nacional;
27;BANCO SUPERVIELLE S.A.;2026-07-02;PLAZO FIJO TRADICIONAL INTRANSFERIBLE;PF INTRANSFERIBLE;Euros;1000;30 días;Ventanilla de sucursal;,10;Todo el territorio nacional;
27;BANCO SUPERVIELLE S.A.;2026-07-02;PLAZO FIJO UVA INTRANSFERIBLE PRECANCELABLE;PF UVA PRECA;UVA;3000;180 días;Home banking;,10;Todo el territorio nacional;
27;BANCO SUPERVIELLE S.A.;2026-07-02;PLAZO FIJO TRADICIONAL INTRANSFERIBLE;PF INTRANSFERIBLE;Pesos;100;30 días;Home banking;20,15;Todo el territorio nacional;
27;BANCO SUPERVIELLE S.A.;2026-07-02;PLAZO FIJO TRADICIONAL INTRANSFERIBLE;PF INTRANSFERIBLE;Euros;1000;30 días;Home banking;,10;Todo el territorio nacional;
29;BANCO DE LA CIUDAD DE BUENOS AIRES;2026-06-24;PLAZO FIJO INTRANSFERIBLE  POR HOMEBANKING;PLAZO FIJO HB;Pesos;100;90 días;Home banking;18,69;Provincia de Salta;0
29;BANCO DE LA CIUDAD DE BUENOS AIRES;2026-06-24;PLAZO FIJO INTRANSFERIBLE POR HOMEBANKING;PLAZO FIJO HB;Pesos;100;90 días;Home banking;18,69;Ciudad Autónoma de Buenos Aires;0
29;BANCO DE LA CIUDAD DE BUENOS AIRES;2026-06-24;PLAZO FIJO INTRANSFERIBLE UVAS;PLAZO FIJO UVAS;UVA;100;180 días;Home banking;,00;Provincia de Córdoba;0
29;BANCO DE LA CIUDAD DE BUENOS AIRES;2026-06-24;PLAZO FIJO INTRANSFERIBLE  POR HOMEBANKING;PLAZO FIJO HB;Pesos;100;30 días;Home banking;18,39;Provincia de Mendoza;0
29;BANCO DE LA CIUDAD DE BUENOS AIRES;2026-06-24;PLAZO FIJO INTRANSFERIBLE  POR HOMEBANKING;PLAZO FIJO HB;Pesos;100;90 días;Home banking;18,69;Provincia de Mendoza;0
29;BANCO DE LA CIUDAD DE BUENOS AIRES;2026-06-24;PLAZO FIJO INTRANSFERIBLE UVAS;PLAZO FIJO UVAS;UVA;100;90 días;Ventanilla de sucursal;,00;Provincia de Mendoza;0
29;BANCO DE LA CIUDAD DE BUENOS AIRES;2026-06-24;PLAZO FIJO INTRANSFERIBLE UVAS;PLAZO FIJO UVAS;UVA;100;90 días;Ventanilla de sucursal;,00;Ciudad Autónoma de Buenos Aires;0
29;BANCO DE LA CIUDAD DE BUENOS AIRES;2026-06-24;PLAZO FIJO INTRANSFERIBLE  POR HOMEBANKING;PLAZO FIJO HB;Pesos;100;30 días;Home banking;18,39;Provincia de Salta;0
29;BANCO DE LA CIUDAD DE BUENOS AIRES;2026-06-24;PLAZO FIJO INTRANSFERIBLE UVAS;PLAZO FIJO UVAS;UVA;100;180 días;Home banking;,00;Provincia de Mendoza;0
29;BANCO DE LA CIUDAD DE BUENOS AIRES;2026-06-24;PLAZO FIJO INTRANSFERIBLE  POR HOMEBANKING;PLAZO FIJO HB;Pesos;100;30 días;Home banking;18,39;Provincia de Tucumán;0
29;BANCO DE LA CIUDAD DE BUENOS AIRES;2026-06-24;PLAZO FIJO INTRANSFERIBLE UVAS;PLAZO FIJO UVAS;UVA;100;180 días;Home banking;,00;Provincia de Salta;0
29;BANCO DE LA CIUDAD DE BUENOS AIRES;2026-06-24;PLAZO FIJO INTRANSFERIBLE  POR HOMEBANKING;PLAZO FIJO HB;Pesos;100;30 días;Home banking;18,39;Ciudad Autónoma de Buenos Aires;0
29;BANCO DE LA CIUDAD DE BUENOS AIRES;2026-06-24;PLAZO FIJO INTRANSFERIBLE UVAS;PLAZO FIJO UVAS;UVA;100;90 días;Ventanilla de sucursal;,00;Provincia de Tucumán;0
29;BANCO DE LA CIUDAD DE BUENOS AIRES;2026-06-24;PLAZO FIJO INTRANSFERIBLE UVAS;PLAZO FIJO UVAS;UVA;100;180 días;Home banking;,00;Provincia de Tucumán;0
29;BANCO DE LA CIUDAD DE BUENOS AIRES;2026-06-24;PLAZO FIJO INTRANSFERIBLE  POR HOMEBANKING;PLAZO FIJO HB;Pesos;100;90 días;Home banking;18,69;Provincia de Tucumán;0
29;BANCO DE LA CIUDAD DE BUENOS AIRES;2026-06-24;PLAZO FIJO INTRANSFERIBLE  POR HOMEBANKING;PLAZO FIJO HB;Pesos;100;30 días;Home banking;18,39;Provincia de Córdoba;0
29;BANCO DE LA CIUDAD DE BUENOS AIRES;2026-06-24;PLAZO FIJO INTRANSFERIBLE UVAS;PLAZO FIJO UVAS;UVA;100;90 días;Ventanilla de sucursal;,00;Provincia de Salta;0
29;BANCO DE LA CIUDAD DE BUENOS AIRES;2026-06-24;PLAZO FIJO INTRANSFERIBLE UVAS;PLAZO FIJO UVAS;UVA;100;90 días;Ventanilla de sucursal;,00;Provincia de Buenos Aires;0
29;BANCO DE LA CIUDAD DE BUENOS AIRES;2026-06-24;PLAZO FIJO INTRANSFERIBLE UVAS;PLAZO FIJO UVAS;UVA;100;180 días;Home banking;,00;Provincia de Buenos Aires;0
29;BANCO DE LA CIUDAD DE BUENOS AIRES;2026-06-24;PLAZO FIJO INTRANSFERIBLE  POR HOMEBANKING;PLAZO FIJO HB;Pesos;100;90 días;Home banking;18,69;Provincia de Córdoba;0
29;BANCO DE LA CIUDAD DE BUENOS AIRES;2026-06-24;PLAZO FIJO INTRANSFERIBLE  POR HOMEBANKING;PLAZO FIJO HB;Pesos;100;90 días;Home banking;18,69;Provincia de Buenos Aires;0
29;BANCO DE LA CIUDAD DE BUENOS AIRES;2026-06-24;PLAZO FIJO INTRANSFERIBLE UVAS;PLAZO FIJO UVAS;UVA;100;90 días;Ventanilla de sucursal;,00;Provincia de Córdoba;0
29;BANCO DE LA CIUDAD DE BUENOS AIRES;2026-06-24;PLAZO FIJO INTRANSFERIBLE  POR HOMEBANKING;PLAZO FIJO HB;Pesos;100;30 días;Home banking;18,39;Provincia de Buenos Aires;0
29;BANCO DE LA CIUDAD DE BUENOS AIRES;2026-06-24;PLAZO FIJO INTRANSFERIBLE UVAS;PLAZO FIJO UVAS;UVA;100;180 días;Home banking;,00;Ciudad Autónoma de Buenos Aires;0
34;BANCO PATAGONIA S.A.;2026-06-25;PLAZO FIJO TRADICIONAL;PF TRADICIONAL;Pesos;1000;90 días;Electrónico;16,99;Todo el territorio nacional;
34;BANCO PATAGONIA S.A.;2026-06-25;PLAZO FIJO UVA PREC;PLAZO FIJO UVA PREC;UVA;10000;180 días;Electrónico;1,00;Todo el territorio nacional;
34;BANCO PATAGONIA S.A.;2026-06-25;PLAZO FIJO UVA PREC;PLAZO FIJO UVA PREC;UVA;10000;180 días;Home banking;1,00;Todo el territorio nacional;
34;BANCO PATAGONIA S.A.;2026-06-25;PLAZO FIJO RENTA MENSUAL;PLAZOFIJORENTA;Pesos;10000;180 días;Electrónico;17,73;Todo el territorio nacional;
34;BANCO PATAGONIA S.A.;2026-06-25;PLAZO FIJO TRADICIONAL;PF TRADICIONAL;Pesos;1000;30 días;Home banking;17,23;Todo el territorio nacional;
34;BANCO PATAGONIA S.A.;2026-06-25;PLAZO FIJO TRADICIONAL;PF TRADICIONAL;Dólares estadounidenses;500;30 días;Home banking;,20;Todo el territorio nacional;
34;BANCO PATAGONIA S.A.;2026-06-25;PLAZO FIJO TRADICIONAL;PF TRADICIONAL;Dólares estadounidenses;500;90 días;Electrónico;,20;Todo el territorio nacional;
34;BANCO PATAGONIA S.A.;2026-06-25;PLAZO FIJO TRADICIONAL;PF TRADICIONAL;Pesos;1000;90 días;Línea telefónica;16,99;Todo el territorio nacional;
34;BANCO PATAGONIA S.A.;2026-06-25;PLAZO FIJO TRADICIONAL;PF TRADICIONAL;Dólares estadounidenses;500;30 días;Electrónico;,20;Todo el territorio nacional;
34;BANCO PATAGONIA S.A.;2026-06-25;PLAZO FIJO TRADICIONAL;PF TRADICIONAL;Dólares estadounidenses;500;90 días;Línea telefónica;,20;Todo el territorio nacional;
34;BANCO PATAGONIA S.A.;2026-06-25;PLAZO FIJO UVA PREC;PLAZO FIJO UVA PREC;UVA;10000;180 días;Línea telefónica;1,00;Todo el territorio nacional;
34;BANCO PATAGONIA S.A.;2026-06-25;PLAZO FIJO TRADICIONAL;PF TRADICIONAL;Dólares estadounidenses;500;90 días;Ventanilla de sucursal;,20;Todo el territorio nacional;
34;BANCO PATAGONIA S.A.;2026-06-25;PLAZO FIJO TRADICIONAL;PF TRADICIONAL;Pesos;1000;30 días;Electrónico;17,23;Todo el territorio nacional;
34;BANCO PATAGONIA S.A.;2026-06-25;PLAZO FIJO TRADICIONAL;PF TRADICIONAL;Dólares estadounidenses;500;30 días;Ventanilla de sucursal;,20;Todo el territorio nacional;
34;BANCO PATAGONIA S.A.;2026-06-25;PLAZO FIJO RENTA MENSUAL;PLAZOFIJORENTA;Dólares estadounidenses;10000;180 días;Electrónico;,20;Todo el territorio nacional;
34;BANCO PATAGONIA S.A.;2026-06-25;PLAZO FIJO TRADICIONAL;PF TRADICIONAL;Euros;10000;180 días;Electrónico;,05;Todo el territorio nacional;
34;BANCO PATAGONIA S.A.;2026-06-25;PLAZO FIJO RENTA MENSUAL;PLAZOFIJORENTA;Pesos;10000;180 días;Home banking;17,73;Todo el territorio nacional;
34;BANCO PATAGONIA S.A.;2026-06-25;PLAZO FIJO RENTA MENSUAL;PLAZOFIJORENTA;Dólares estadounidenses;10000;180 días;Home banking;,20;Todo el territorio nacional;
34;BANCO PATAGONIA S.A.;2026-06-25;PLAZO FIJO TRADICIONAL;PF TRADICIONAL;Dólares estadounidenses;500;30 días;Línea telefónica;,20;Todo el territorio nacional;
34;BANCO PATAGONIA S.A.;2026-06-25;PLAZO FIJO RENTA MENSUAL;PLAZOFIJORENTA;Dólares estadounidenses;10000;180 días;Línea telefónica;,20;Todo el territorio nacional;
34;BANCO PATAGONIA S.A.;2026-06-25;PLAZO FIJO TRADICIONAL;PF TRADICIONAL;Euros;10000;180 días;Línea telefónica;,05;Todo el territorio nacional;
34;BANCO PATAGONIA S.A.;2026-06-25;PLAZO FIJO TRADICIONAL;PF TRADICIONAL;Dólares estadounidenses;500;90 días;Home banking;,20;Todo el territorio nacional;
34;BANCO PATAGONIA S.A.;2026-06-25;PLAZO FIJO TRADICIONAL;PF TRADICIONAL;Pesos;1000;30 días;Línea telefónica;17,23;Todo el territorio nacional;
34;BANCO PATAGONIA S.A.;2026-06-25;PLAZO FIJO RENTA MENSUAL;PLAZOFIJORENTA;Dólares estadounidenses;10000;180 días;Ventanilla de sucursal;,20;Todo el territorio nacional;
34;BANCO PATAGONIA S.A.;2026-06-25;PLAZO FIJO TRADICIONAL;PF TRADICIONAL;Pesos;1000;90 días;Home banking;16,99;Todo el territorio nacional;
34;BANCO PATAGONIA S.A.;2026-06-25;PLAZO FIJO UVA PREC;PLAZO FIJO UVA PREC;UVA;10000;180 días;Ventanilla de sucursal;1,00;Todo el territorio nacional;
34;BANCO PATAGONIA S.A.;2026-06-25;PLAZO FIJO RENTA MENSUAL;PLAZOFIJORENTA;Pesos;10000;180 días;Ventanilla de sucursal;11,31;Todo el territorio nacional;
34;BANCO PATAGONIA S.A.;2026-06-25;PLAZO FIJO TRADICIONAL;PF TRADICIONAL;Pesos;1000;30 días;Ventanilla de sucursal;12,68;Todo el territorio nacional;
34;BANCO PATAGONIA S.A.;2026-06-25;PLAZO FIJO TRADICIONAL;PF TRADICIONAL;Euros;10000;180 días;Ventanilla de sucursal;,05;Todo el territorio nacional;
34;BANCO PATAGONIA S.A.;2026-06-25;PLAZO FIJO TRADICIONAL;PF TRADICIONAL;Pesos;1000;90 días;Ventanilla de sucursal;11,46;Todo el territorio nacional;
34;BANCO PATAGONIA S.A.;2026-06-25;PLAZO FIJO RENTA MENSUAL;PLAZOFIJORENTA;Pesos;10000;180 días;Línea telefónica;17,73;Todo el territorio nacional;
34;BANCO PATAGONIA S.A.;2026-06-25;PLAZO FIJO TRADICIONAL;PF TRADICIONAL;Euros;10000;180 días;Home banking;,05;Todo el territorio nacional;
44;BANCO HIPOTECARIO S.A.;2026-06-30;PLAZO FIJO UVA;PFUVA;UVA;10000;90 días;Ventanilla de sucursal;1,00;Todo el territorio nacional;
44;BANCO HIPOTECARIO S.A.;2026-06-30;PLAZO FIJO TRADICIONAL;PFTRAD;Dólares estadounidenses;100;30 días;Terminal de autoservicio;1,51;Todo el territorio nacional;
44;BANCO HIPOTECARIO S.A.;2026-06-30;PLAZO FIJO TRADICIONAL;PFTRAD;Dólares estadounidenses;100;30 días;Línea telefónica;1,51;Todo el territorio nacional;
44;BANCO HIPOTECARIO S.A.;2026-06-30;PLAZO FIJO UVA;PFUVA;UVA;10000;90 días;Home banking;1,00;Todo el territorio nacional;
44;BANCO HIPOTECARIO S.A.;2026-06-30;PLAZO FIJO WEB;PFWEB;Pesos;5000;30 días;Electrónico;22,54;Todo el territorio nacional;PLAZO FIJO PARA NO CLIENTES
44;BANCO HIPOTECARIO S.A.;2026-06-30;PLAZO FIJO TRADICIONAL;PFTRAD;Pesos;1000;30 días;Terminal de autoservicio;22,54;Todo el territorio nacional;
44;BANCO HIPOTECARIO S.A.;2026-06-30;PLAZO FIJO TRADICIONAL;PFTRAD;Dólares estadounidenses;100;30 días;Home banking;1,51;Todo el territorio nacional;
44;BANCO HIPOTECARIO S.A.;2026-06-30;PLAZO FIJO TRADICIONAL;PFTRAD;Pesos;1000;30 días;Home banking;22,54;Todo el territorio nacional;
44;BANCO HIPOTECARIO S.A.;2026-06-30;PLAZO FIJO TRADICIONAL;PFTRAD;Pesos;1000;30 días;Electrónico;22,54;Todo el territorio nacional;
44;BANCO HIPOTECARIO S.A.;2026-06-30;PLAZO FIJO TRADICIONAL;PFTRAD;Dólares estadounidenses;100;30 días;Ventanilla de sucursal;,10;Todo el territorio nacional;
44;BANCO HIPOTECARIO S.A.;2026-06-30;PLAZO FIJO TRADICIONAL;PFTRAD;Dólares estadounidenses;100;30 días;Electrónico;1,51;Todo el territorio nacional;
44;BANCO HIPOTECARIO S.A.;2026-06-30;PLAZO FIJO UVA;PFUVA;UVA;10000;180 días;Ventanilla de sucursal;1,00;Todo el territorio nacional;
44;BANCO HIPOTECARIO S.A.;2026-06-30;PLAZO FIJO C PAGO PERIOD;PFPAGPERIOD;Dólares estadounidenses;1000;180 días;Ventanilla de sucursal;,10;Todo el territorio nacional;
44;BANCO HIPOTECARIO S.A.;2026-06-30;PLAZO FIJO TRADICIONAL;PFTRAD;Pesos;1000;30 días;Línea telefónica;22,54;Todo el territorio nacional;
44;BANCO HIPOTECARIO S.A.;2026-06-30;PLAZO FIJO TRADICIONAL;PFTRAD;Pesos;1000;30 días;Ventanilla de sucursal;10,47;Todo el territorio nacional;
44;BANCO HIPOTECARIO S.A.;2026-06-30;PLAZO FIJO PRECANCELABLE;PFPRECAN;Pesos;1000;180 días;Ventanilla de sucursal;10,25;Todo el territorio nacional;
44;BANCO HIPOTECARIO S.A.;2026-06-30;PLAZO FIJO UVA;PFUVA;UVA;10000;180 días;Home banking;1,00;Todo el territorio nacional;
44;BANCO HIPOTECARIO S.A.;2026-06-30;PLAZO FIJO C PAGO PERIODICO DE INTERESES;PFPAGPERIOD;Pesos;1000;180 días;Ventanilla de sucursal;10,25;Todo el territorio nacional;
45;BANCO DE SAN JUAN S.A.;2026-06-05;PLAZO FIJO TRADICIONAL;PLAZO FIJO TRADICIONAL;Pesos;5000;30 días;Home banking;18,98;Todo el territorio nacional;NO APLICA
45;BANCO DE SAN JUAN S.A.;2026-06-05;PLAZO FIJO UVA PRECANCELABLE;PLAZO FIJO UVA;UVA;25000;180 días;Ventanilla de sucursal;2,00;Todo el territorio nacional;NO APLICA
45;BANCO DE SAN JUAN S.A.;2026-06-05;PLAZO FIJO UVA PRECANCELABLE;PLAZO FIJO UVA;UVA;25000;90 días;Home banking;1,00;Todo el territorio nacional;NO APLICA
45;BANCO DE SAN JUAN S.A.;2026-06-05;PLAZO FIJO UVA PRECANCELABLE;PLAZO FIJO UVA;UVA;25000;180 días;Home banking;2,00;Todo el territorio nacional;NO APLICA
45;BANCO DE SAN JUAN S.A.;2026-06-05;PLAZO FIJO TRADICIONAL;PLAZO FIJO TRADICIONAL;Pesos;5000;90 días;Home banking;18,69;Todo el territorio nacional;NO APLICA
45;BANCO DE SAN JUAN S.A.;2026-06-05;PLAZO FIJO UVA PRECANCELABLE;PLAZO FIJO UVA;UVA;25000;90 días;Ventanilla de sucursal;1,00;Todo el territorio nacional;NO APLICA
65;BANCO MUNICIPAL DE ROSARIO;2026-06-29;PLAZO FIJO TRADICIONAL;PLAZO FIJO;Pesos;1000;30 días;Ventanilla de sucursal;19,56;Todo el territorio nacional;
65;BANCO MUNICIPAL DE ROSARIO;2026-06-29;PLAZO FIJO TRADICIONAL;PLAZO FIJO;Pesos;1000;90 días;Ventanilla de sucursal;19,41;Todo el territorio nacional;
72;BANCO SANTANDER ARGENTINA S.A.;2026-06-30;PLAZOFIJOTRADICIONAL;PFTRAD60DARG;Pesos;500;60 días;Home banking;17,11;Todo el territorio nacional;0
72;BANCO SANTANDER ARGENTINA S.A.;2026-06-30;PLAZOFIJOTRADICIONAL;PFTRAD90DUSD;Dólares estadounidenses;500;90 días;Ventanilla de sucursal;,05;Todo el territorio nacional;0
72;BANCO SANTANDER ARGENTINA S.A.;2026-06-30;PLAZOFIJOTRADICIONAL;PFTRAD60DARG;Pesos;500;60 días;Línea telefónica;17,11;Todo el territorio nacional;0
72;BANCO SANTANDER ARGENTINA S.A.;2026-06-30;PLAZOFIJOTRADICIONAL;PFTRAD180DARG;Pesos;500;180 días;Línea telefónica;16,65;Todo el territorio nacional;0
72;BANCO SANTANDER ARGENTINA S.A.;2026-06-30;PLAZOFIJOTRADICIONAL;PFTRAD365DUSD;Dólares estadounidenses;500;360 días o más;Ventanilla de sucursal;,05;Todo el territorio nacional;0
72;BANCO SANTANDER ARGENTINA S.A.;2026-06-30;PLAZOFIJOPRECANCELABLE;PFPREC;Pesos;5000;180 días;Línea telefónica;19,37;Todo el territorio nacional;0
72;BANCO SANTANDER ARGENTINA S.A.;2026-06-30;PLAZOFIJOTRADICIONAL;PFTRAD180DUSD;Dólares estadounidenses;500;180 días;Ventanilla de sucursal;,05;Todo el territorio nacional;0
72;BANCO SANTANDER ARGENTINA S.A.;2026-06-30;PLAZOFIJOPRECANCELABLE;PFPREC;Pesos;5000;360 días o más;Home banking;18,50;Todo el territorio nacional;0
72;BANCO SANTANDER ARGENTINA S.A.;2026-06-30;PLAZOFIJOUVA;PFUVA;UVA;500;90 días;Home banking;,00;Todo el territorio nacional;0
72;BANCO SANTANDER ARGENTINA S.A.;2026-06-30;PLAZOFIJOUVA;PFUVA;UVA;500;180 días;Ventanilla de sucursal;,00;Todo el territorio nacional;0
72;BANCO SANTANDER ARGENTINA S.A.;2026-06-30;PLAZOFIJOTRADICIONAL;PFTRAD60DARG;Pesos;500;60 días;Ventanilla de sucursal;17,11;Todo el territorio nacional;0
72;BANCO SANTANDER ARGENTINA S.A.;2026-06-30;PLAZOFIJOUVA;PFUVA;UVA;500;180 días;Home banking;,00;Todo el territorio nacional;0
72;BANCO SANTANDER ARGENTINA S.A.;2026-06-30;PLAZOFIJOTRADICIONAL;PFTRAD90DUSD;Dólares estadounidenses;500;90 días;Home banking;,05;Todo el territorio nacional;0
72;BANCO SANTANDER ARGENTINA S.A.;2026-06-30;PLAZOFIJOTRADICIONAL;PFTRAD180DARG;Pesos;500;180 días;Ventanilla de sucursal;16,65;Todo el territorio nacional;0
72;BANCO SANTANDER ARGENTINA S.A.;2026-06-30;PLAZOFIJOUVA;PFUVA;UVA;500;90 días;Ventanilla de sucursal;,00;Todo el territorio nacional;0
72;BANCO SANTANDER ARGENTINA S.A.;2026-06-30;PLAZOFIJOTRADICIONAL;PFTRAD365DUSD;Dólares estadounidenses;500;360 días o más;Línea telefónica;,05;Todo el territorio nacional;0
72;BANCO SANTANDER ARGENTINA S.A.;2026-06-30;PLAZOFIJOTRADICIONAL;PFTRAD30DUSD;Dólares estadounidenses;500;30 días;Home banking;,05;Todo el territorio nacional;0
72;BANCO SANTANDER ARGENTINA S.A.;2026-06-30;PLAZOFIJOTRADICIONAL;PFTRAD60DUSD;Dólares estadounidenses;500;60 días;Home banking;,05;Todo el territorio nacional;0
72;BANCO SANTANDER ARGENTINA S.A.;2026-06-30;PLAZOFIJOTRADICIONAL;PFTRAD180DUSD;Dólares estadounidenses;500;180 días;Home banking;,05;Todo el territorio nacional;0
72;BANCO SANTANDER ARGENTINA S.A.;2026-06-30;PLAZOFIJOTRADICIONAL;PFTRAD60DUSD;Dólares estadounidenses;500;60 días;Línea telefónica;,05;Todo el territorio nacional;0
72;BANCO SANTANDER ARGENTINA S.A.;2026-06-30;PLAZOFIJOTRADICIONAL;PFTRAD365DARG;Pesos;500;360 días o más;Línea telefónica;16,00;Todo el territorio nacional;0
72;BANCO SANTANDER ARGENTINA S.A.;2026-06-30;PLAZOFIJOTRADICIONAL;PFTRAD365DUSD;Dólares estadounidenses;500;360 días o más;Home banking;,05;Todo el territorio nacional;0
72;BANCO SANTANDER ARGENTINA S.A.;2026-06-30;PLAZOFIJOTRADICIONAL;PFTRAD180DUSD;Dólares estadounidenses;500;180 días;Línea telefónica;,05;Todo el territorio nacional;0
72;BANCO SANTANDER ARGENTINA S.A.;2026-06-30;PLAZOFIJOTRADICIONAL;PFTRAD365DARG;Pesos;500;360 días o más;Home banking;16,00;Todo el territorio nacional;0
72;BANCO SANTANDER ARGENTINA S.A.;2026-06-30;PLAZOFIJOPRECANCELABLE;PFPREC;Pesos;5000;360 días o más;Ventanilla de sucursal;18,50;Todo el territorio nacional;0
72;BANCO SANTANDER ARGENTINA S.A.;2026-06-30;PLAZOFIJOPRECANCELABLE;PFPREC;Pesos;5000;180 días;Ventanilla de sucursal;19,37;Todo el territorio nacional;0
72;BANCO SANTANDER ARGENTINA S.A.;2026-06-30;PLAZOFIJOUVA;PFUVA;UVA;500;360 días o más;Home banking;,00;Todo el territorio nacional;0
72;BANCO SANTANDER ARGENTINA S.A.;2026-06-30;PLAZOFIJOTRADICIONAL;PFTRAD365DARG;Pesos;500;360 días o más;Ventanilla de sucursal;16,00;Todo el territorio nacional;0
72;BANCO SANTANDER ARGENTINA S.A.;2026-06-30;PLAZOFIJOTRADICIONAL;PFTRAD90DARG;Pesos;500;90 días;Home banking;16,99;Todo el territorio nacional;0
72;BANCO SANTANDER ARGENTINA S.A.;2026-06-30;PLAZOFIJOTRADICIONAL;PFTRAD90DARG;Pesos;500;90 días;Ventanilla de sucursal;16,99;Todo el territorio nacional;0
72;BANCO SANTANDER ARGENTINA S.A.;2026-06-30;PLAZOFIJOUVA;PFUVA;UVA;500;360 días o más;Línea telefónica;,00;Todo el territorio nacional;0
72;BANCO SANTANDER ARGENTINA S.A.;2026-06-30;PLAZOFIJOPRECANCELABLE;PFPREC;Pesos;5000;180 días;Home banking;19,37;Todo el territorio nacional;0
72;BANCO SANTANDER ARGENTINA S.A.;2026-06-30;PLAZOFIJOTRADICIONAL;PFTRAD30DARG;Pesos;500;30 días;Ventanilla de sucursal;17,23;Todo el territorio nacional;0
72;BANCO SANTANDER ARGENTINA S.A.;2026-06-30;PLAZOFIJOTRADICIONAL;PFTRAD30DARG;Pesos;500;30 días;Home banking;17,23;Todo el territorio nacional;0
72;BANCO SANTANDER ARGENTINA S.A.;2026-06-30;PLAZOFIJOTRADICIONAL;PFTRAD180DARG;Pesos;500;180 días;Home banking;16,65;Todo el territorio nacional;0
72;BANCO SANTANDER ARGENTINA S.A.;2026-06-30;PLAZOFIJOTRADICIONAL;PFTRAD90DARG;Pesos;500;90 días;Línea telefónica;16,99;Todo el territorio nacional;0
72;BANCO SANTANDER ARGENTINA S.A.;2026-06-30;PLAZOFIJOTRADICIONAL;PFTRAD30DUSD;Dólares estadounidenses;500;30 días;Ventanilla de sucursal;,05;Todo el territorio nacional;0
72;BANCO SANTANDER ARGENTINA S.A.;2026-06-30;PLAZOFIJOTRADICIONAL;PFTRAD30DUSD;Dólares estadounidenses;500;30 días;Línea telefónica;,05;Todo el territorio nacional;0
72;BANCO SANTANDER ARGENTINA S.A.;2026-06-30;PLAZOFIJOTRADICIONAL;PFTRAD30DARG;Pesos;500;30 días;Línea telefónica;17,23;Todo el territorio nacional;0
72;BANCO SANTANDER ARGENTINA S.A.;2026-06-30;PLAZOFIJOTRADICIONAL;PFTRAD60DUSD;Dólares estadounidenses;500;60 días;Ventanilla de sucursal;,05;Todo el territorio nacional;0
72;BANCO SANTANDER ARGENTINA S.A.;2026-06-30;PLAZOFIJOUVA;PFUVA;UVA;500;90 días;Línea telefónica;,00;Todo el territorio nacional;0
72;BANCO SANTANDER ARGENTINA S.A.;2026-06-30;PLAZOFIJOTRADICIONAL;PFTRAD90DUSD;Dólares estadounidenses;500;90 días;Línea telefónica;,05;Todo el territorio nacional;0
72;BANCO SANTANDER ARGENTINA S.A.;2026-06-30;PLAZOFIJOPRECANCELABLE;PFPREC;Pesos;5000;360 días o más;Línea telefónica;18,50;Todo el territorio nacional;
72;BANCO SANTANDER ARGENTINA S.A.;2026-06-30;PLAZOFIJOUVA;PFUVA;UVA;500;360 días o más;Ventanilla de sucursal;,00;Todo el territorio nacional;0
72;BANCO SANTANDER ARGENTINA S.A.;2026-06-30;PLAZOFIJOUVA;PFUVA;UVA;500;180 días;Línea telefónica;,00;Todo el territorio nacional;0
83;BANCO DEL CHUBUT S.A.;2026-06-30;PLAZO FIJO PRIVADO EN PESOS 90 DIAS;PF HB - ATM;Pesos;5000001;90 días;Electrónico;23,75;Ciudad Autónoma de Buenos Aires;
83;BANCO DEL CHUBUT S.A.;2026-06-30;PLAZO FIJO PRIVADO EN PESOS 30 DIAS;PF HB - ATM;Pesos;5000001;30 días;Electrónico;21,34;Provincia del Chubut;
83;BANCO DEL CHUBUT S.A.;2026-06-30;PLAZO FIJO PRIVADO EN PESOS 30 DIAS;PF HB - ATM;Pesos;1000;30 días;Electrónico;20,15;Provincia del Chubut;
83;BANCO DEL CHUBUT S.A.;2026-06-30;PLAZO FIJO PRIVADO EN PESOS 90 DIAS;PF HB - ATM;Pesos;1000;90 días;Electrónico;22,54;Provincia de Río Negro;
83;BANCO DEL CHUBUT S.A.;2026-06-30;PLAZO FIJO PRIVADO EN PESOS 90 DIAS;PF HB - ATM;Pesos;5000001;90 días;Electrónico;23,75;Provincia de Río Negro;
83;BANCO DEL CHUBUT S.A.;2026-06-30;PLAZO FIJO PRIVADO EN PESOS 90 DIAS;PF HB - ATM;Pesos;1000;90 días;Electrónico;22,54;Ciudad Autónoma de Buenos Aires;
83;BANCO DEL CHUBUT S.A.;2026-06-30;PLAZO FIJO CON OPCION DE CANC ANTICIPADA UVA 180 DIAS;PF UVA;UVA;1000;180 días;Ventanilla de sucursal;1,00;Provincia de Río Negro;
83;BANCO DEL CHUBUT S.A.;2026-06-30;PLAZO FIJO PRIVADO EN PESOS 30 DIAS;PF HB - ATM;Pesos;1000;30 días;Electrónico;20,15;Provincia de Río Negro;
83;BANCO DEL CHUBUT S.A.;2026-06-30;PLAZO FIJO CON OPCION DE CANC ANTICIPADA UVA 90 DIAS;PF UVA;UVA;1000;180 días;Ventanilla de sucursal;1,00;Provincia de Río Negro;
83;BANCO DEL CHUBUT S.A.;2026-06-30;PLAZO FIJO PRIVADO EN PESOS 30 DIAS;PF HB - ATM;Pesos;1000;30 días;Electrónico;20,15;Ciudad Autónoma de Buenos Aires;
83;BANCO DEL CHUBUT S.A.;2026-06-30;PLAZO FIJO PRIVADO EN PESOS 30 DIAS;PF HB - ATM;Pesos;5000001;30 días;Electrónico;21,34;Provincia de Río Negro;
83;BANCO DEL CHUBUT S.A.;2026-06-30;PLAZO FIJO PRIVADO EN PESOS 30 DIAS;PF HB - ATM;Pesos;5000001;30 días;Electrónico;21,34;Ciudad Autónoma de Buenos Aires;
83;BANCO DEL CHUBUT S.A.;2026-06-30;PLAZO FIJO PRIVADO EN PESOS 90 DIAS;PF HB - ATM;Pesos;1000;90 días;Electrónico;22,54;Provincia del Chubut;
83;BANCO DEL CHUBUT S.A.;2026-06-30;PLAZO FIJO CON OPCION DE CANC ANTICIPADA UVA 180 DIAS;PF UVA;UVA;1000;180 días;Ventanilla de sucursal;1,00;Ciudad Autónoma de Buenos Aires;
83;BANCO DEL CHUBUT S.A.;2026-06-30;PLAZO FIJO CON OPCION DE CANC ANTICIPADA UVA 180 DIAS;PF UVA;UVA;1000;180 días;Ventanilla de sucursal;1,00;Provincia del Chubut;
83;BANCO DEL CHUBUT S.A.;2026-06-30;PLAZO FIJO PRIVADO EN PESOS 90 DIAS;PF HB - ATM;Pesos;5000001;90 días;Electrónico;23,75;Provincia del Chubut;
83;BANCO DEL CHUBUT S.A.;2026-06-30;PLAZO FIJO CON OPCION DE CANC ANTICIPADA UVA 90 DIAS;PF UVA;UVA;1000;180 días;Ventanilla de sucursal;1,00;Provincia del Chubut;
83;BANCO DEL CHUBUT S.A.;2026-06-30;PLAZO FIJO CON OPCION DE CANC ANTICIPADA UVA 90 DIAS;PF UVA;UVA;1000;180 días;Ventanilla de sucursal;1,00;Ciudad Autónoma de Buenos Aires;
86;BANCO DE SANTA CRUZ S.A.;2026-06-30;PLAZOS FIJOS A TASA UVA;PLAZOS FIJOS UVA;UVA;25000;90 días;Todos los canales;2,02;Todo el territorio nacional;
86;BANCO DE SANTA CRUZ S.A.;2026-06-30;PLAZO FIJO TRADICIONAL;PLAZO FIJO TRADICIONAL;Pesos;5000;30 días;Home banking;18,98;Todo el territorio nacional;
86;BANCO DE SANTA CRUZ S.A.;2026-06-30;PLAZO FIJO A TASA UVA;PLAZO FIJO UVA;UVA;25000;180 días;Todos los canales;2,02;Todo el territorio nacional;
86;BANCO DE SANTA CRUZ S.A.;2026-06-30;PLAZO FIJO TRADICIONAL;PLAZO FIJO TRADICIONAL;Pesos;5000;90 días;Home banking;18,69;Todo el territorio nacional;
93;BANCO DE LA PAMPA SA;2026-06-30;PLAZO FIJO RENTA MENSUAL;PF RENTA MENSUAL;Pesos;1000;180 días;Ventanilla de sucursal;14,49;Todo el territorio nacional;PAGO DE INTERESES CADA 30 DIAS
93;BANCO DE LA PAMPA SA;2026-06-30;PLAZO FIJO POR CANALES ELECTRONICOS;PF ELECTRONICOS;Pesos;1000;30 días;Cajero automático;19,56;Todo el territorio nacional;
93;BANCO DE LA PAMPA SA;2026-06-30;PLAZO FIJO EN DOLARES;PF EN DOLARES;Dólares estadounidenses;1000;30 días;Ventanilla de sucursal;1,00;Todo el territorio nacional;
93;BANCO DE LA PAMPA SA;2026-06-30;PLAZO FIJO POR CANALES ELECTRONICOS;PF ELECTRONICOS;Pesos;1000;30 días;Home banking;19,56;Todo el territorio nacional;
93;BANCO DE LA PAMPA SA;2026-06-30;PLAZO FIJO FLEXIBLE RENTA PROTEGIDA;PF FLEX RENTA PROT;Pesos;10000;180 días;Ventanilla de sucursal;8,30;Todo el territorio nacional;PUEDE PRECANCELARSE A PARTIR DEL DIA 31
93;BANCO DE LA PAMPA SA;2026-06-30;PLAZO FIJO FLEXIBLE MAXIRENTA;PF FLEX MAXIRENTA;Pesos;10000;180 días;Ventanilla de sucursal;10,47;Todo el territorio nacional;PUEDE PRECANCELARSE A PARTIR DEL DIA 31
93;BANCO DE LA PAMPA SA;2026-06-30;PLAZO FIJO EN PESOS 90 D;PF PESOS 90 D;Pesos;1000;90 días;Ventanilla de sucursal;13,65;Todo el territorio nacional;
93;BANCO DE LA PAMPA SA;2026-06-30;PLAZO FIJO EN PESOS;PF PESOS;Pesos;1000;30 días;Ventanilla de sucursal;14,93;Todo el territorio nacional;
94;BANCO DE CORRIENTES S.A.;2026-06-30;PLAZO FIJO INTRANSFERIBLE SECTOR PRIVADO;PF ELECTRONICO;Pesos;1500;90 días;Home banking;20,40;Todo el territorio nacional;SECTOR PRIVADO
94;BANCO DE CORRIENTES S.A.;2026-06-30;PLAZO FIJO INSTRANSFERIBLE SECTOR PRIVADO;PF PRESENCIAL;Pesos;1500;60 días;Ventanilla de sucursal;12,07;Todo el territorio nacional;PLAZO FIJO TRADICIONAL SECTOR PRIVADO
94;BANCO DE CORRIENTES S.A.;2026-06-30;PLAZO FIJO INSTRANSFERIBLE SECTOR PRIVADO;PF PRESENCIAL;Pesos;1500;90 días;Ventanilla de sucursal;12,55;Todo el territorio nacional;PLAZO FIJO TRADICIONAL SECTOR PRIVADO
94;BANCO DE CORRIENTES S.A.;2026-06-30;PLAZO FIJO INSTRANSFERIBLE SECTOR PRIVADO;PF PRESENCIAL;Pesos;1500;30 días;Ventanilla de sucursal;11,57;Todo el territorio nacional;PLAZO FIJO TRADICIONAL SECTOR PRIVADO
94;BANCO DE CORRIENTES S.A.;2026-06-30;PLAZO FIJO INTRANSFERIBLE SECTOR PRIVADO;PF ELECTRONICO;Pesos;1500;30 días;Home banking;19,56;Todo el territorio nacional;SECTOR PRIVADO
94;BANCO DE CORRIENTES S.A.;2026-06-30;PLAZO FIJO INTRANSFERIBLE SECTOR PRIVADO;PF ELECTRONICO;Pesos;1500;60 días;Home banking;19,99;Todo el territorio nacional;SECTOR PRIVADO
97;BANCO PROVINCIA DEL NEUQUÉN SOCIEDAD ANÓNIMA;2026-06-24;PLAZO FIJO TRADICIONAL EN PESOS;DPF TRADICIONAL;Pesos;1000;30 días;Ventanilla de sucursal;18,39;Ciudad Autónoma de Buenos Aires;0
97;BANCO PROVINCIA DEL NEUQUÉN SOCIEDAD ANÓNIMA;2026-06-24;PLAZO FIJO TRADICIONAL EN PESOS;DPF TRADICIONAL;Pesos;1000;30 días;Ventanilla de sucursal;18,39;Provincia de Río Negro;0
97;BANCO PROVINCIA DEL NEUQUÉN SOCIEDAD ANÓNIMA;2026-06-24;PLAZO FIJO TRADICIONAL EN PESOS;DPF TRADICIONAL;Pesos;1000;30 días;Cajero automático;18,39;Todo el territorio nacional;0
97;BANCO PROVINCIA DEL NEUQUÉN SOCIEDAD ANÓNIMA;2026-06-24;PLAZO FIJO EN UVA;DPF UVA;UVA;1000;180 días;Ventanilla de sucursal;,00;Provincia del Neuquén;0
97;BANCO PROVINCIA DEL NEUQUÉN SOCIEDAD ANÓNIMA;2026-06-24;PLAZO FIJO EN UVA PRECANCELABLE;DPF UVA;UVA;5000;90 días;Home banking;,00;Todo el territorio nacional;0
97;BANCO PROVINCIA DEL NEUQUÉN SOCIEDAD ANÓNIMA;2026-06-24;PLAZO FIJO EN UVA;DPF UVA;UVA;1000;180 días;Ventanilla de sucursal;,00;Ciudad Autónoma de Buenos Aires;0
97;BANCO PROVINCIA DEL NEUQUÉN SOCIEDAD ANÓNIMA;2026-06-24;PLAZO FIJO EN UVA PRECANCELABLE;DPF UVA;UVA;5000;90 días;Ventanilla de sucursal;,00;Ciudad Autónoma de Buenos Aires;0
97;BANCO PROVINCIA DEL NEUQUÉN SOCIEDAD ANÓNIMA;2026-06-24;PLAZO FIJO EN UVA;DPF UVA;UVA;1000;180 días;Ventanilla de sucursal;,00;Provincia de Río Negro;0
97;BANCO PROVINCIA DEL NEUQUÉN SOCIEDAD ANÓNIMA;2026-06-24;PLAZO FIJO EN UVA PRECANCELABLE;DPF UVA;UVA;5000;90 días;Cajero automático;,00;Todo el territorio nacional;0
97;BANCO PROVINCIA DEL NEUQUÉN SOCIEDAD ANÓNIMA;2026-06-24;PLAZO FIJO TRADICIONAL EN PESOS;DPF TRADICIONAL;Pesos;1000;30 días;Home banking;18,39;Todo el territorio nacional;0
97;BANCO PROVINCIA DEL NEUQUÉN SOCIEDAD ANÓNIMA;2026-06-24;PLAZO FIJO EN UVA PRECANCELABLE;DPF UVA;UVA;5000;90 días;Ventanilla de sucursal;,00;Provincia de Río Negro;0
97;BANCO PROVINCIA DEL NEUQUÉN SOCIEDAD ANÓNIMA;2026-06-24;PLAZO FIJO EN UVA PRECANCELABLE;DPF UVA;UVA;5000;90 días;Ventanilla de sucursal;,00;Provincia del Neuquén;0
97;BANCO PROVINCIA DEL NEUQUÉN SOCIEDAD ANÓNIMA;2026-06-24;PLAZO FIJO TRADICIONAL EN PESOS;DPF TRADICIONAL;Pesos;1000;30 días;Ventanilla de sucursal;18,39;Provincia del Neuquén;0
131;BANK OF CHINA LIMITED SUCURSAL BUENOS AIRES;2026-07-08;PLAZO FIJO COMUN INTRANSFERIBLE TASA FIJA A 30 DIAS O MAS;PFCITF30;Pesos;10000;30 días;Ventanilla de sucursal;20,15;Ciudad Autónoma de Buenos Aires;
143;BRUBANK S.A.U.;2026-06-30;PLAZO FIJO UVA ACTUALIZABLES POR CER LEY 25827 UVA;PLAZO FIJO UVA;UVA;500;90 días;Electrónico;1,00;Todo el territorio nacional;N/A
143;BRUBANK S.A.U.;2026-06-30;PLAZO FIJO EN DOLARES;PLAZO FIJO EN DOLARES;Dólares estadounidenses;50;30 días;Electrónico;,10;Todo el territorio nacional;N/A
143;BRUBANK S.A.U.;2026-06-30;PLAZO FIJO EN DOLARES;PLAZO FIJO EN DOLARES;Dólares estadounidenses;50;60 días;Electrónico;,10;Todo el territorio nacional;N/A
143;BRUBANK S.A.U.;2026-06-30;PLAZO FIJO PESOS;PLAZO FIJO PESOS;Pesos;500;30 días;Electrónico;20,75;Todo el territorio nacional;PARA DEPOSITOS A PLAZO FIJO HASTA LOS DIEZ MILLONES DE PESOS.
143;BRUBANK S.A.U.;2026-06-30;PLAZO FIJO EN DOLARES;PLAZO FIJO EN DOLARES;Dólares estadounidenses;50;90 días;Electrónico;,10;Todo el territorio nacional;N/A
143;BRUBANK S.A.U.;2026-06-30;PLAZO FIJO PESOS;PLAZO FIJO PESOS;Pesos;500;360 días o más;Electrónico;15,50;Todo el territorio nacional;PARA DEPOSITOS A PLAZO FIJO HASTA LOS DIEZ MILLONES DE PESOS.
143;BRUBANK S.A.U.;2026-06-30;PLAZO FIJO EN DOLARES;PLAZO FIJO EN DOLARES;Dólares estadounidenses;50;360 días o más;Electrónico;,10;Todo el territorio nacional;N/A
143;BRUBANK S.A.U.;2026-06-30;PLAZO FIJO PESOS;PLAZO FIJO PESOS;Pesos;500;60 días;Electrónico;19,99;Todo el territorio nacional;PARA DEPOSITOS A PLAZO FIJO HASTA LOS DIEZ MILLONES DE PESOS.
143;BRUBANK S.A.U.;2026-06-30;PLAZO FIJO PESOS;PLAZO FIJO PESOS;Pesos;500;90 días;Electrónico;19,26;Todo el territorio nacional;PARA DEPOSITOS A PLAZO FIJO HASTA LOS DIEZ MILLONES DE PESOS.
143;BRUBANK S.A.U.;2026-06-30;PLAZO FIJO EN DOLARES;PLAZO FIJO EN DOLARES;Dólares estadounidenses;50;180 días;Electrónico;,10;Todo el territorio nacional;N/A
143;BRUBANK S.A.U.;2026-06-30;PLAZO FIJO PESOS;PLAZO FIJO PESOS;Pesos;500;180 días;Electrónico;16,65;Todo el territorio nacional;PARA DEPOSITOS A PLAZO FIJO HASTA LOS DIEZ MILLONES DE PESOS.
147;BIBANK S.A.;2026-07-07;PLAZO FIJO INTRANSFERIBLE EN PESOS A 30 DIAS;PLAZO FIJO PESOS;Pesos;1000;30 días;Electrónico;23,15;Todo el territorio nacional;
147;BIBANK S.A.;2026-07-07;PLAZO FIJO TRADICIONAL EN PESOS;PLAZO FIJO PESOS;Pesos;1000;30 días;Ventanilla de sucursal;23,15;Ciudad Autónoma de Buenos Aires;
147;BIBANK S.A.;2026-07-07;PLAZO FIJO INTRANSFERIBLE UVA A 90 DIAS;PLAZO FIJO UVA;UVA;1000;90 días;Línea telefónica;1,00;Todo el territorio nacional;
147;BIBANK S.A.;2026-07-07;PLAZO FIJO INTRANSFERIBLE UVA A 180 DIAS;PLAZO FIJO UVA;UVA;1000;180 días;Línea telefónica;1,00;Todo el territorio nacional;
147;BIBANK S.A.;2026-07-07;PLAZO FIJO INTRANSFERIBLE EN PESOS A 90 DIAS;PLAZO FIJO PESOS;Pesos;1000;90 días;Electrónico;22,71;Todo el territorio nacional;
147;BIBANK S.A.;2026-07-07;PLAZO FIJO INTRANSFERIBLE EN PESOS A 90 DIAS;PLAZO FIJO PESOS;Pesos;1000;90 días;Línea telefónica;22,71;Todo el territorio nacional;
147;BIBANK S.A.;2026-07-07;PLAZO FIJO INTRANSFERIBLE EN PESOS A 90 DIAS;PLAZO FIJO PESOS;Pesos;1000;90 días;Ventanilla de sucursal;22,71;Ciudad Autónoma de Buenos Aires;
147;BIBANK S.A.;2026-07-07;PLAZO FIJO INTRANSFERIBLE UVA A 180 DIAS;PLAZO FIJO UVA;UVA;1000;180 días;Ventanilla de sucursal;1,00;Ciudad Autónoma de Buenos Aires;
147;BIBANK S.A.;2026-07-07;PLAZO FIJO TRADICIONAL EN PESOS;PLAZO FIJO PESOS;Pesos;1000;30 días;Línea telefónica;23,15;Todo el territorio nacional;
147;BIBANK S.A.;2026-07-07;PLAZO FIJO INTRANSFERIBLE EN PESOS A 30 DIAS;PLAZO FIJO PESOS;Pesos;1000;30 días;Línea telefónica;23,15;Todo el territorio nacional;
147;BIBANK S.A.;2026-07-07;PLAZO FIJO INTRANSFERIBLE EN PESOS A 30 DIAS;PLAZO FIJO PESOS;Pesos;1000;30 días;Ventanilla de sucursal;23,15;Ciudad Autónoma de Buenos Aires;
147;BIBANK S.A.;2026-07-07;PLAZO FIJO TRADICIONAL EN PESOS;PLAZO FIJO PESOS;Pesos;1000;30 días;Electrónico;23,15;Todo el territorio nacional;
147;BIBANK S.A.;2026-07-07;PLAZO FIJO INTRANSFERIBLE UVA A 90 DIAS;PLAZO FIJO UVA;UVA;1000;90 días;Ventanilla de sucursal;1,00;Ciudad Autónoma de Buenos Aires;
165;JPMORGAN CHASE BANK, NATIONAL ASSOCIATION (SUCURSAL BUENOS AIRES);2026-07-01;PLAZOFIJO;TAK;Pesos;20000000;30 días;Línea telefónica;21,00;Ciudad Autónoma de Buenos Aires;
191;BANCO CREDICOOP COOPERATIVO LIMITADO;2026-04-28;PLAZO FIJO TRADICIONAL EN PESOS INTRANSFERIBLE P. HUMANA;PF PESOS PH C.MOV;Pesos;1000;30 días;Electrónico;18,98;Todo el territorio nacional;
191;BANCO CREDICOOP COOPERATIVO LIMITADO;2026-04-28;PLAZO FIJO PAGO PERIODICO DE INTERESES EN PESOS INTRANSFERIBLE S.PRIVADO;PF PESOS BADLAR SPR SUC;Pesos;1000;180 días;Ventanilla de sucursal;,00;Todo el territorio nacional;INTRANSFERIBLE ACREDITA INTERESES CADA 30 DIAS
191;BANCO CREDICOOP COOPERATIVO LIMITADO;2026-04-28;PLAZO FIJO PRECANCELABLE EN PESOS TRANSFERIBLE FCI;PF PESOS PRECA FCI;Pesos;1000;180 días;Ventanilla de sucursal;18,28;Todo el territorio nacional;FONDOS COMUNES DE INVERSION
191;BANCO CREDICOOP COOPERATIVO LIMITADO;2026-04-28;PLAZO FIJO PRECANCELABLE EN PESOS INTRANSFERIBLE FCI;PF PESOS PRECA FCI;Pesos;1000;180 días;Ventanilla de sucursal;18,28;Todo el territorio nacional;FONDOS COMUNES DE INVERSION
191;BANCO CREDICOOP COOPERATIVO LIMITADO;2026-04-28;PLAZO FIJO PAGO PERIODICO DE INTERESES EN PESOS INTRANSFERIBLE S.PRIVADO;PF PESOS BADLAR SPR BCA ;Pesos;1000;180 días;Home banking;1,00;Todo el territorio nacional;INTRANSFERIBLE ACREDITA INTERESES CADA 30 DIAS
191;BANCO CREDICOOP COOPERATIVO LIMITADO;2026-04-28;PLAZO FIJO TASA DE INTERES VARIABLE ENCUESTA BCRA EN PESOS INTRANSFERIBLE S. PRIVADO;PF PESOS ENC BCRA SPR SUC;Pesos;10000;180 días;Ventanilla de sucursal;,00;Todo el territorio nacional;
191;BANCO CREDICOOP COOPERATIVO LIMITADO;2026-04-28;PLAZO FIJO PAGO PERIODICO DE INTERESES EN PESOS INTRANSFERIBLE P. JURIDICA;PF PESOS BADLAR SPR SUC;Pesos;1000;180 días;Ventanilla de sucursal;1,00;Todo el territorio nacional;INTRANSFERIBLE ACREDITA INTERESES CADA 30 DIAS
191;BANCO CREDICOOP COOPERATIVO LIMITADO;2026-04-28;PLAZO FIJO TASA DE INTERES VARIABLE ENCUESTA BCRA EN PESOS S. PRIVADO;PF PESOS ENC BCRA SPR;Pesos;10000;180 días;Home banking;,00;Todo el territorio nacional;
191;BANCO CREDICOOP COOPERATIVO LIMITADO;2026-04-28;PLAZO FIJO PRECANCELABLE EN PESOS INTRANSFERIBLE S. PRIVADO;PF PESOS PRECA SPR BANCA;Pesos;30000;180 días;Home banking;18,28;Todo el territorio nacional;
191;BANCO CREDICOOP COOPERATIVO LIMITADO;2026-04-28;PLAZO FIJO PAGO PERIODICO DE INTERESES TASA VARIABLE BADLAR EN PESOS INTRANSFERIBLE S. PUBLICO;PF PESOS BADLAR SP SUC;Pesos;1000;180 días;Ventanilla de sucursal;1,00;Todo el territorio nacional;SECTOR PUBLICO
191;BANCO CREDICOOP COOPERATIVO LIMITADO;2026-04-28;PLAZO FIJO PRECANCELABLE EN DOLARES TRANSFERIBLE S.PRIVADO;PF DOLARES PRECA SPR SUC;Dólares estadounidenses;30000;180 días;Ventanilla de sucursal;,10;Todo el territorio nacional;
191;BANCO CREDICOOP COOPERATIVO LIMITADO;2026-04-28;PLAZO FIJO AJUSTABLE POR INDICE UVA EN PESOS INTRANSFERIBLE P. HUMANA;PF PESOS UVA PH BPI C.MOV;UVA;1000;90 días;Home banking;,00;Todo el territorio nacional;
191;BANCO CREDICOOP COOPERATIVO LIMITADO;2026-04-28;PLAZO FIJO EN PESOS PRECANCELABLE UVA INTRANSFERIBLE P. HUMANA;PF PESOS PRECA UVA PH SUC;UVA;1000;90 días;Home banking;1,00;Todo el territorio nacional;
191;BANCO CREDICOOP COOPERATIVO LIMITADO;2026-04-28;PLAZO FIJO TASA DE INTERES VARIABLE BADLAR EN PESOS FCI;PF PESOS BADLAR FCI;Pesos;1000;180 días;Ventanilla de sucursal;1,00;Todo el territorio nacional;
191;BANCO CREDICOOP COOPERATIVO LIMITADO;2026-04-28;PLAZO FIJO EN PESOS COM BCRA A7029 INTRANSFERIBLE AJUST. TC REF 3500;PF PESOS COM 7029 BPI;Pesos;1000000;60 días;Home banking;1,00;Todo el territorio nacional;
191;BANCO CREDICOOP COOPERATIVO LIMITADO;2026-04-28;PLAZO FIJO TRADICIONAL EN PESOS INTRANSFERIBLE P. JURIDICA;PF PESOS PJ BEE;Pesos;1000;30 días;Home banking;18,98;Todo el territorio nacional;
191;BANCO CREDICOOP COOPERATIVO LIMITADO;2026-04-28;PLAZO FIJO PAGO PERIODICO DE INTERESES EN PESOS INTRANSFERIBLE S.PUBLICO;PF PESOS BADLAR SP SUC;Pesos;1000;180 días;Ventanilla de sucursal;,00;Todo el territorio nacional;SECTOR PUBLICO
191;BANCO CREDICOOP COOPERATIVO LIMITADO;2026-04-28;PLAZO FIJO PAGO PERIODICO DE INTERESES EN PESOS INTRANSFERIBLE P. HUMANA;PAGO PESOS PER INT PH BPI;Pesos;1000;60 días;Home banking;18,83;Todo el territorio nacional;
191;BANCO CREDICOOP COOPERATIVO LIMITADO;2026-04-28;PLAZO FIJO EN PESOS PRECANCELABLE CIERRE A DISTANCIA COM BCRA A3043 INTRANSFERIBLE P. JURIDICA;PF PESO PREC A3043 PJ SUC;Pesos;30000;180 días;Ventanilla de sucursal;18,28;Todo el territorio nacional;
191;BANCO CREDICOOP COOPERATIVO LIMITADO;2026-04-28;PLAZO FIJO TRADICIONAL EN PESOS TRANSFERIBLE P. HUMANA;PF PESOS PH SUC;Pesos;1000;30 días;Ventanilla de sucursal;18,98;Todo el territorio nacional;
191;BANCO CREDICOOP COOPERATIVO LIMITADO;2026-04-28;PLAZO FIJO PAGO PERIODICO DE INTERESES EN PESOS INTRANSFERIBLE P. HUMANA;PF PESOS BADLAR SPR SUC;Pesos;1000;180 días;Ventanilla de sucursal;1,00;Todo el territorio nacional;INTRANSFERIBLE ACREDITA INTERESES CADA 30 DIAS
191;BANCO CREDICOOP COOPERATIVO LIMITADO;2026-04-28;PLAZO FIJO EN PESOS PRECANCELABLE UVA INTRANSFERIBLE P. HUMANA;PF PESOS PRECA UVA PH BCA;UVA;1000;90 días;Ventanilla de sucursal;1,00;Todo el territorio nacional;
191;BANCO CREDICOOP COOPERATIVO LIMITADO;2026-04-28;PLAZO FIJO PAGO PERIODICO DE INTERESES EN PESOS INTRANSFERIBLE P. JURIDICA;PF PESOS PER INT PJ SUC;Pesos;1000;60 días;Ventanilla de sucursal;18,83;Todo el territorio nacional;
191;BANCO CREDICOOP COOPERATIVO LIMITADO;2026-04-28;PLAZO FIJO TRADICIONAL EN DOLARES INTRANSFERIBLE P. HUMANA;PF DOLARES PH;Dólares estadounidenses;500;30 días;Home banking;,40;Todo el territorio nacional;
191;BANCO CREDICOOP COOPERATIVO LIMITADO;2026-04-28;PLAZO FIJO TRADICIONAL EN PESOS INTRANSFERIBLE S. PUBLICO;PF PESOS SP BEE;Pesos;1000;30 días;Home banking;18,98;Todo el territorio nacional;SECTOR PUBLICO
191;BANCO CREDICOOP COOPERATIVO LIMITADO;2026-04-28;PLAZO FIJO TRADICIONAL EN PESOS INTRANSFERIBLE S. PUBLICO;PF PESOS SP SUC;Pesos;1000;30 días;Ventanilla de sucursal;14,94;Todo el territorio nacional;SECTOR PUBLICO
191;BANCO CREDICOOP COOPERATIVO LIMITADO;2026-04-28;PLAZO FIJO PROCREAR 18 AJUSTABLE POR INDICE UVA EN PESOS INTRANSFERIBLE;PF PESOS PROCR UVA SUC;UVA;13886;180 días;Ventanilla de sucursal;5,06;Todo el territorio nacional;MONTO MINIMO IGUAL A 200 UVA
191;BANCO CREDICOOP COOPERATIVO LIMITADO;2026-04-28;PLAZO FIJO PRECANCELABLE EN PESOS TRANSFERIBLE S. PRIVADO;PF PESOS PRECA SPR SUC;Pesos;30000;180 días;Ventanilla de sucursal;18,28;Todo el territorio nacional;
191;BANCO CREDICOOP COOPERATIVO LIMITADO;2026-04-28;PLAZO FIJO PAGO PERIODICO DE INTERESES TASA VARIABLE BADLAR EN PESOS INTRANSFERIBLE S. PRIVADO;PF PESOS BADLAR SPR BCA ;Pesos;1000;180 días;Home banking;1,00;Todo el territorio nacional;INTRANSFERIBLE ACREDITA INTERESES CADA 30 DIAS
191;BANCO CREDICOOP COOPERATIVO LIMITADO;2026-04-28;PLAZO FIJO EN PESOS COM BCRA A7029 INTRANSFERIBLE AJUST. TC REF 3500;PF PESOS COM 7029 CCT;Pesos;1000000;60 días;Línea telefónica;1,00;Todo el territorio nacional;
191;BANCO CREDICOOP COOPERATIVO LIMITADO;2026-04-28;PLAZO FIJO PRECANCELABLE EN DOLARES INTRANSFERIBLE S.PRIVADO;PF DOLARES PRECA SPR SUC;Dólares estadounidenses;30000;180 días;Home banking;,10;Todo el territorio nacional;
191;BANCO CREDICOOP COOPERATIVO LIMITADO;2026-04-28;PLAZO FIJO PAGO PERIODICO DE INTERESES EN PESOS TRANSFERIBLE S. PUBLICO;PF PESOS PER INT SP SUC;Pesos;1000;60 días;Ventanilla de sucursal;18,83;Todo el territorio nacional;SECTOR PUBLICO
191;BANCO CREDICOOP COOPERATIVO LIMITADO;2026-04-28;PLAZO FIJO EN PESOS COM BCRA A7029 INTRANSFERIBLE AJUST. TC REF 3500;PF PESOS COM 7029 SUC;Pesos;1000000;60 días;Ventanilla de sucursal;1,00;Todo el territorio nacional;
191;BANCO CREDICOOP COOPERATIVO LIMITADO;2026-04-28;PLAZO FIJO TRADICIONAL EN PESOS TRANSFERIBLE P. JURIDICA;PF PESOS PJ SUC;Pesos;1000;30 días;Ventanilla de sucursal;18,98;Todo el territorio nacional;
191;BANCO CREDICOOP COOPERATIVO LIMITADO;2026-04-28;PLAZO FIJO TRADICIONAL EN PESOS INTRANSFERIBLE P. HUMANA;PF PESOS PH BPI;Pesos;1000;30 días;Home banking;18,98;Todo el territorio nacional;
191;BANCO CREDICOOP COOPERATIVO LIMITADO;2026-04-28;PLAZO FIJO PAGO PERIODICO DE INTERESES EN PESOS INTRANSFERIBLE S. PUBLICO;PF PESOS PER INT SP SUC;Pesos;1000;60 días;Ventanilla de sucursal;18,83;Todo el territorio nacional;SECTOR PUBLICO
191;BANCO CREDICOOP COOPERATIVO LIMITADO;2026-04-28;PLAZO FIJO AJUSTABLE POR INDICE UVA EN PESOS INTRANSFERIBLE S. PUBLICO;PF PESOS UVA SP BEE;UVA;1000;90 días;Home banking;,00;Todo el territorio nacional;SECTOR PUBLICO
191;BANCO CREDICOOP COOPERATIVO LIMITADO;2026-04-28;PLAZO FIJO AJUSTABLE POR INDICE UVA EN PESOS INTRANSFERIBLE S. PUBLICO;PF PESOS UVA SP SUC;UVA;1000;90 días;Ventanilla de sucursal;,00;Todo el territorio nacional;SECTOR PUBLICO
191;BANCO CREDICOOP COOPERATIVO LIMITADO;2026-04-28;PLAZO FIJO PRECANCELABLE EN PESOS INTRANSFERIBLE S. PRIVADO;PF PESOS PRECA SPR SUC;Pesos;30000;180 días;Ventanilla de sucursal;18,28;Todo el territorio nacional;
191;BANCO CREDICOOP COOPERATIVO LIMITADO;2026-04-28;PLAZO FIJO PAGO PERIODICO DE INTERESES TASA VARIABLE BADLAR EN PESOS INTRANSFERIBLE S. PRIVADO;PF PESOS BADLAR SPR C.MOV;Pesos;1000;180 días;Electrónico;1,00;Todo el territorio nacional;INTRANSFERIBLE ACREDITA INTERESES CADA 30 DIAS
191;BANCO CREDICOOP COOPERATIVO LIMITADO;2026-04-28;PLAZO FIJO TRADICIONAL EN PESOS OTROS BANCOS INTRANSFERIBLE P. JURIDICA;PF PESOS EN RED PJ SUC;Pesos;1000;30 días;Electrónico;18,98;Todo el territorio nacional;NUEVOS CLIENTES. SECTOR PRIVADO
191;BANCO CREDICOOP COOPERATIVO LIMITADO;2026-04-28;PLAZO FIJO TRADICIONAL EN PESOS INTRANSFERIBLE P. HUMANA;PF PESOS PH CCT;Pesos;1000;30 días;Línea telefónica;18,98;Todo el territorio nacional;
191;BANCO CREDICOOP COOPERATIVO LIMITADO;2026-04-28;PLAZO FIJO EN PESOS CIERRE A DISTANCIA COM BCRA A3426 INTRANSFERIBLE P. HUMANA;PF PESOS A3426 PH SUC;Pesos;1000;30 días;Ventanilla de sucursal;18,98;Todo el territorio nacional;
191;BANCO CREDICOOP COOPERATIVO LIMITADO;2026-04-28;PLAZO FIJO EN PESOS COM BCRA A7027 INTRANSFERIBLE;PF PESOS COM 7027 SUC;Pesos;1000;30 días;Ventanilla de sucursal;18,98;Todo el territorio nacional;DECRETO 260/2020
191;BANCO CREDICOOP COOPERATIVO LIMITADO;2026-04-28;PLAZO FIJO EN PESOS PRECANCELABLE CIERRE A DISTANCIA COM BCRA A3043 INTRANSFERIBLE S. PUBLICO;PF PESOS PRECA DIS SP SUC;Pesos;30000;30 días;Ventanilla de sucursal;17,81;Todo el territorio nacional;
191;BANCO CREDICOOP COOPERATIVO LIMITADO;2026-04-28;PLAZO FIJO EN PESOS COM BCRA A7027 TRANSFERIBLE;PF PESOS COM 7027 SUC;Pesos;1000;30 días;Ventanilla de sucursal;18,98;Todo el territorio nacional;DECRETO 260/2020
191;BANCO CREDICOOP COOPERATIVO LIMITADO;2026-04-28;PLAZO FIJO TRADICIONAL EN PESOS OTROS BANCOS INTRANSFERIBLE SECTOR PUBLICO;PF PESOS EN RED PH SUC;Pesos;1000;30 días;Electrónico;18,98;Todo el territorio nacional;NUEVOS CLIENTES. SECTOR PUBLICO
191;BANCO CREDICOOP COOPERATIVO LIMITADO;2026-04-28;PLAZO FIJO EN PESOS CIERRE A DISTANCIA COM BCRA A3043 TRANSFERIBLE S. PUBLICO;PF PESOS DIS SP SUC;Pesos;1000;30 días;Ventanilla de sucursal;14,94;Todo el territorio nacional;
191;BANCO CREDICOOP COOPERATIVO LIMITADO;2026-04-28;PLAZO FIJO EN PESOS CIERRE A DISTANCIA COM BCRA A3426 INTRANSFERIBLE P. JURIDICA;PF PESOS A3426 PJ SUC;Pesos;1000;30 días;Ventanilla de sucursal;18,98;Todo el territorio nacional;
191;BANCO CREDICOOP COOPERATIVO LIMITADO;2026-04-28;PLAZO FIJO EN PESOS CIERRE A DISTANCIA COM BCRA A3426 INTRANSFERIBLE S. PUBLICO;PF PESOS A3426 SP SUC;Pesos;1000;30 días;Ventanilla de sucursal;14,94;Todo el territorio nacional;SECTOR PUBLICO
191;BANCO CREDICOOP COOPERATIVO LIMITADO;2026-04-28;PLAZO FIJO EN PESOS CIERRE A DISTANCIA COM BCRA A3046 TRANSFERIBLE P. JURIDICA;PF PESOS A3046 PJ SUC;Pesos;1000;30 días;Ventanilla de sucursal;18,98;Todo el territorio nacional;
191;BANCO CREDICOOP COOPERATIVO LIMITADO;2026-04-28;PLAZO FIJO TRADICIONAL EN PESOS INTRANSFERIBLE P. HUMANA;PF PESOS PH SUC;Pesos;1000;30 días;Ventanilla de sucursal;18,98;Todo el territorio nacional;
191;BANCO CREDICOOP COOPERATIVO LIMITADO;2026-04-28;PLAZO FIJO PAGO PERIODICO DE INTERESES TASA VARIABLE BADLAR EN PESOS INTRANSFERIBLE P. HUMANA;PF PESOS PER INT PH SUC;Pesos;1000;60 días;Ventanilla de sucursal;18,83;Todo el territorio nacional;
191;BANCO CREDICOOP COOPERATIVO LIMITADO;2026-04-28;PLAZO FIJO PRECANCELABLE EN PESOS INTRANSFERIBLE S. PUBLICO;PF PESOS PRECA SP SUC;Pesos;30000;30 días;Ventanilla de sucursal;17,81;Todo el territorio nacional;SECTOR PUBLICO
191;BANCO CREDICOOP COOPERATIVO LIMITADO;2026-04-28;PLAZO FIJO EN PESOS CIERRE A DISTANCIA COM BCRA A3043 TRANSFERIBLE P. HUMANA;PF PESOS A3043 PH SUC;Pesos;1000;30 días;Ventanilla de sucursal;18,98;Todo el territorio nacional;
191;BANCO CREDICOOP COOPERATIVO LIMITADO;2026-04-28;PLAZO FIJO TRADICIONAL EN PESOS INTRANSFERIBLE P. JURIDICA;PF PESOS PJ SUC;Pesos;1000;30 días;Ventanilla de sucursal;18,98;Todo el territorio nacional;
191;BANCO CREDICOOP COOPERATIVO LIMITADO;2026-04-28;PLAZO FIJO EN PESOS COM BCRA A7029 INTRANSFERIBLE AJUST. TC REF 3500;PF PESOS COM 7029 C.MOVIL;Pesos;1000000;60 días;Electrónico;1,00;Todo el territorio nacional;
191;BANCO CREDICOOP COOPERATIVO LIMITADO;2026-04-28;PLAZO FIJO TRADICIONAL EN DOLARES INTRANSFERIBLE S. PUBLICO;PF DOLARES SP SUC;Dólares estadounidenses;1000;30 días;Ventanilla de sucursal;,10;Todo el territorio nacional;SECTOR PUBLICO
191;BANCO CREDICOOP COOPERATIVO LIMITADO;2026-04-28;PLAZO FIJO AJUSTABLE POR INDICE UVA EN PESOS INTRANSFERIBLE;PF PESOS UVA SUC;UVA;1000;90 días;Ventanilla de sucursal;,00;Todo el territorio nacional;
191;BANCO CREDICOOP COOPERATIVO LIMITADO;2026-04-28;PLAZO FIJO TRADICIONAL EN DOLARES INTRANSFERIBLE S. PRIVADO;PF DOLARES SPR SUC;Dólares estadounidenses;1000;30 días;Ventanilla de sucursal;,10;Todo el territorio nacional;
191;BANCO CREDICOOP COOPERATIVO LIMITADO;2026-04-28;PLAZO FIJO TRADICIONAL EN DOLARES TRANSFERIBLE S. PRIVADO;PF DOLARES SPR SUC;Dólares estadounidenses;1000;30 días;Ventanilla de sucursal;,10;Todo el territorio nacional;
191;BANCO CREDICOOP COOPERATIVO LIMITADO;2026-04-28;PLAZO FIJO PRECANCELABLE EN PESOS INTRANSFERIBLE S. PRIVADO;PF PESOS PRECA SPR C.MOV;Pesos;30000;180 días;Electrónico;18,28;Todo el territorio nacional;
191;BANCO CREDICOOP COOPERATIVO LIMITADO;2026-04-28;PLAZO FIJO TRADICIONAL EN PESOS OTROS BANCOS INTRANSFERIBLE P. HUMANA;PF PESOS EN RED PH SUC;Pesos;1000;30 días;Electrónico;18,98;Todo el territorio nacional;NUEVOS CLIENTES. PERSONA HUMANA
191;BANCO CREDICOOP COOPERATIVO LIMITADO;2026-04-28;PLAZO FIJO TRADICIONAL EN PESOS TRANSFERIBLE S. PUBLICO;PF PESOS SP SUC;Pesos;1000;30 días;Ventanilla de sucursal;14,94;Todo el territorio nacional;SECTOR PUBLICO
191;BANCO CREDICOOP COOPERATIVO LIMITADO;2026-04-28;PLAZO FIJO EN PESOS COM BCRA A7027 INTRANSFERIBLE;PF PESOS COM 7027 BCA;Pesos;1000;30 días;Electrónico;18,98;Todo el territorio nacional;DECRETO 260/2020
247;BANCO ROELA S.A.;2026-06-25;PLAZO FIJO A 90 DIAS;PLAZO FIJO 90 DIAS;Pesos;1000;90 días;Ventanilla de sucursal;14,76;Ciudad Autónoma de Buenos Aires;
247;BANCO ROELA S.A.;2026-06-25;PLAZO FIJO 30 DIAS TELEFONICO;PF  A 30 DS- TELEFONICO;Pesos;1000;30 días;Línea telefónica;17,23;Ciudad Autónoma de Buenos Aires;
247;BANCO ROELA S.A.;2026-06-25;PLAZO FIJO 30 DIAS TELEFONICO;PF  A 30 DS- TELEFONICO;Pesos;1000;30 días;Línea telefónica;17,23;Provincia de Córdoba;
247;BANCO ROELA S.A.;2026-06-25;PLAZO FIJO;PLAZO FIJO;Pesos;1000;30 días;Ventanilla de sucursal;17,23;Ciudad Autónoma de Buenos Aires;
247;BANCO ROELA S.A.;2026-06-25;PLAZO FIJO;PLAZO FIJO;Pesos;1000;30 días;Ventanilla de sucursal;17,23;Provincia de Córdoba;
247;BANCO ROELA S.A.;2026-06-25;PLAZO FIJO 90 DIAS - TELEFONICO;PF 90 DS- TELEFONICO;Pesos;1000;90 días;Línea telefónica;14,76;Provincia de Córdoba;
247;BANCO ROELA S.A.;2026-06-25;PLAZO FIJO UVA 180DS;PF UVA;Pesos;1;180 días;Ventanilla de sucursal;1,00;Provincia de Córdoba;
247;BANCO ROELA S.A.;2026-06-25;PLAZO FIJO UVA 180DS;PF UVA;Pesos;1;180 días;Ventanilla de sucursal;1,00;Ciudad Autónoma de Buenos Aires;
247;BANCO ROELA S.A.;2026-06-25;PLAZO FIJO UVA - TELEFONICO 180DS;PF UVA - TELEFONICO;Pesos;1;180 días;Línea telefónica;1,00;Provincia de Córdoba;
247;BANCO ROELA S.A.;2026-06-25;PLAZO FIJO UVA - TELEFONICO 180DS;PF UVA - TELEFONICO;Pesos;1;180 días;Línea telefónica;1,00;Ciudad Autónoma de Buenos Aires;
247;BANCO ROELA S.A.;2026-06-25;PLAZO FIJO 90 DIAS - TELEFONICO;PF 90 DS- TELEFONICO;Pesos;1000;90 días;Línea telefónica;14,76;Ciudad Autónoma de Buenos Aires;
247;BANCO ROELA S.A.;2026-06-25;PLAZO FIJO A 90 DIAS;PLAZO FIJO 90 DIAS;Pesos;1000;90 días;Ventanilla de sucursal;14,76;Provincia de Córdoba;
254;BANCO MARIVA S.A.;2026-06-30;PLAZO FIJO EN MONEDA PESOS;PF;Pesos;10000;90 días;Ventanilla de sucursal;22,43;Ciudad Autónoma de Buenos Aires;
254;BANCO MARIVA S.A.;2026-06-30;PLAZO FIJO EN MONEDA PESOS TELEF;PF TELEF;Pesos;10000;30 días;Línea telefónica;23,75;Ciudad Autónoma de Buenos Aires;
254;BANCO MARIVA S.A.;2026-06-30;PLAZO FIJO EN MONEDA PESOS;PF;Pesos;10000;30 días;Ventanilla de sucursal;23,75;Ciudad Autónoma de Buenos Aires;
254;BANCO MARIVA S.A.;2026-06-30;PLAZO FIJO EN MONEDA DOLARES ESTADOUNIDENSES TELEF;PF TELEF;Dólares estadounidenses;1000;30 días;Línea telefónica;1,26;Ciudad Autónoma de Buenos Aires;
254;BANCO MARIVA S.A.;2026-06-30;PLAZO FIJO EN MONEDA PESOS TELEF;PF;Pesos;10000;90 días;Línea telefónica;22,43;Ciudad Autónoma de Buenos Aires;
254;BANCO MARIVA S.A.;2026-06-30;PLAZO FIJO EN MONEDA DOLARES ESTADOUNIDENSES;PF;Dólares estadounidenses;1000;30 días;Ventanilla de sucursal;1,26;Ciudad Autónoma de Buenos Aires;
268;BANCO PROVINCIA DE TIERRA DEL FUEGO;2026-07-08;CONSITUCION EN FORMA PERSONAL EN SUCURSALES EN PESOS DE 30 A 59 DIAS;PLAZO FIJO;Pesos;1;30 días;Ventanilla de sucursal;20,66;Todo el territorio nacional; 
268;BANCO PROVINCIA DE TIERRA DEL FUEGO;2026-07-08;CONSITUCION EN FORMA PERSONAL EN SUCURSALES EN PESOS DE 90 A 179 DIAS;PLAZO FIJO;Pesos;1;90 días;Ventanilla de sucursal;20,08;Todo el territorio nacional; 
268;BANCO PROVINCIA DE TIERRA DEL FUEGO;2026-07-08;CONSITUCION EN CANALES ELECTRONICOS EN PESOS MAS DE 365 DIAS;PLAZO FIJO;Pesos;1;360 días o más;Electrónico;19,00;Todo el territorio nacional; 
268;BANCO PROVINCIA DE TIERRA DEL FUEGO;2026-07-08;CONSITUCION EN CANALES ELECTRONICOS EN PESOS DE 30 A 59 DIAS;PLAZO FIJO;Pesos;1;30 días;Electrónico;20,66;Todo el territorio nacional; 
268;BANCO PROVINCIA DE TIERRA DEL FUEGO;2026-07-08;CONSITUCION EN CANALES ELECTRONICOS EN PESOS DE 90 A 179 DIAS;PLAZO FIJO;Pesos;1;90 días;Electrónico;20,08;Todo el territorio nacional; 
268;BANCO PROVINCIA DE TIERRA DEL FUEGO;2026-07-08;CONSITUCION EN FORMA PERSONAL EN SUCURSALES EN DOLARES DE 180 DIAS Y MAS;PLAZO FIJO;Dólares estadounidenses;1;180 días;Ventanilla de sucursal;,62;Todo el territorio nacional; 
268;BANCO PROVINCIA DE TIERRA DEL FUEGO;2026-07-08;CONSITUCION EN FORMA PERSONAL EN SUCURSALES EN PESOS MAS DE 365 DIAS;PLAZO FIJO;Pesos;1;360 días o más;Ventanilla de sucursal;19,00;Todo el territorio nacional; 
268;BANCO PROVINCIA DE TIERRA DEL FUEGO;2026-07-08;CONSITUCION EN CANALES ELECTRONICOS EN PESOS DE 180 A 365 DIAS;PLAZO FIJO;Pesos;1;180 días;Electrónico;19,46;Todo el territorio nacional; 
268;BANCO PROVINCIA DE TIERRA DEL FUEGO;2026-07-08;CONSITUCION EN FORMA PERSONAL EN SUCURSALES EN PESOS DE 180 A 365 DIAS;PLAZO FIJO;Pesos;1;180 días;Ventanilla de sucursal;19,46;Todo el territorio nacional; 
268;BANCO PROVINCIA DE TIERRA DEL FUEGO;2026-07-08;CONSITUCION EN CANALES ELECTRONICOS EN PESOS DE 60 A 89 DIAS;PLAZO FIJO;Pesos;1;60 días;Electrónico;20,57;Todo el territorio nacional; 
268;BANCO PROVINCIA DE TIERRA DEL FUEGO;2026-07-08;CONSITUCION EN FORMA PERSONAL EN SUCURSALES EN DOLARES DE 30 A 59 DIAS;PLAZO FIJO;Dólares estadounidenses;1;30 días;Ventanilla de sucursal;,50;Todo el territorio nacional; 
268;BANCO PROVINCIA DE TIERRA DEL FUEGO;2026-07-08;CONSITUCION EN FORMA PERSONAL EN SUCURSALES EN PESOS DE 60 A 89 DIAS;PLAZO FIJO;Pesos;1;60 días;Ventanilla de sucursal;20,57;Todo el territorio nacional; 
268;BANCO PROVINCIA DE TIERRA DEL FUEGO;2026-07-08;CONSITUCION EN FORMA PERSONAL EN SUCURSALES EN DOLARES DE 90 A 179 DIAS;PLAZO FIJO;Dólares estadounidenses;1;90 días;Ventanilla de sucursal;,52;Todo el territorio nacional; 
268;BANCO PROVINCIA DE TIERRA DEL FUEGO;2026-07-08;CONSITUCION EN FORMA PERSONAL EN SUCURSALES EN DOLARES DE 60 A 89 DIAS;PLAZO FIJO;Dólares estadounidenses;1;60 días;Ventanilla de sucursal;,52;Todo el territorio nacional; 
269;BANCO DE LA REPUBLICA ORIENTAL DEL URUGUAY;2026-06-19;DEPOSITOS A PLAZO FIJO;DEPOSITOS A PLAZO FIJO;Pesos;2000;30 días;Ventanilla de sucursal;14,94;Ciudad Autónoma de Buenos Aires; 
277;BANCO SAENZ S.A.;2026-06-30;PLAZO FIJO EN PESOS;PLAZO FIJO ;Pesos;1;30 días;Ventanilla de sucursal;24,36;Ciudad Autónoma de Buenos Aires;
277;BANCO SAENZ S.A.;2026-06-30;PLAZO FIJO EN UNIDADES DE VALOR ADQUISITIVO (UVA);PLAZO FIJO UVA;UVA;10000;90 días;Línea telefónica;1,00;Ciudad Autónoma de Buenos Aires;CON OPCION DE CANCELACION ANTICIPADA A PARTIR DE LOS 30 DIAS, PREVIA COMUNICACION A LA ENTIDAD CON PLAZO MINIMO  DE 5 DIAS HABILES.
277;BANCO SAENZ S.A.;2026-06-30;PLAZO FIJO EN UNIDADES DE VALOR ADQUISITIVO (UVA);PLAZO FIJO UVA;UVA;10000;90 días;Ventanilla de sucursal;1,00;Ciudad Autónoma de Buenos Aires;CON OPCION DE CANCELACION ANTICIPADA A PARTIR DE LOS 30 DIAS, PREVIA COMUNICACION A LA ENTIDAD CON PLAZO MINIMO  DE 5 DIAS HABILES.
281;BANCO MERIDIAN S.A.;2026-06-16;PLAZO FIJO PRECANCELABLE UVA;PF PREC UVA;UVA;10000;90 días;Ventanilla de sucursal;1,00;Todo el territorio nacional;TEA CORRESPONDE A 30 DIAS
281;BANCO MERIDIAN S.A.;2026-06-16;PLAZO FIJO TRADICIONAL;PF TRADICIONAL;Pesos;50000;Todos los plazos;Ventanilla de sucursal;26,24;Todo el territorio nacional;TEA CORRESPONDE A 30 DIAS
285;BANCO MACRO S.A.;2026-06-30;PLAZO FIJO INTRANSFERIBLE;PLAZO FIJO INTRANSFERIBLE;Pesos;300;90 días;Home banking;20,98;Todo el territorio nacional;
285;BANCO MACRO S.A.;2026-06-30;PLAZO FIJO INTRANSFERIBLE;PLAZO FIJO INTRANSFERIBLE;Pesos;300;90 días;Ventanilla de sucursal;20,98;Todo el territorio nacional;
285;BANCO MACRO S.A.;2026-06-30;PLAZO FIJO INTRANSFERIBLE DOLAR;PLAZO FIJO INTRANSFERIBLE;Dólares estadounidenses;300;30 días;Home banking;1,51;Todo el territorio nacional;
285;BANCO MACRO S.A.;2026-06-30;PLAZO FIJO INTRANSFERIBLE DOLAR;PLAZO FIJO INTRANSFERIBLE;Dólares estadounidenses;300;30 días;Ventanilla de sucursal;1,51;Todo el territorio nacional;
285;BANCO MACRO S.A.;2026-06-30;PLAZO FIJO INTRANSFERIBLE UVA;PLAZO FIJO UVA;UVA;1;90 días;Ventanilla de sucursal;,00;Todo el territorio nacional;DE 90 A 119 DIAS TEA 2,02
285;BANCO MACRO S.A.;2026-06-30;PLAZO FIJO INTRANSFERIBLE;PLAZO FIJO INTRANSFERIBLE;Pesos;300;30 días;Línea telefónica;20,15;Todo el territorio nacional;
285;BANCO MACRO S.A.;2026-06-30;PLAZO FIJO INTRANSFERIBLE;PLAZO FIJO INTRANSFERIBLE;Pesos;300;30 días;Home banking;20,15;Todo el territorio nacional;
285;BANCO MACRO S.A.;2026-06-30;PLAZO FIJO INTRANSFERIBLE;PLAZO FIJO INTRANSFERIBLE;Pesos;300;90 días;Línea telefónica;20,98;Todo el territorio nacional;
285;BANCO MACRO S.A.;2026-06-30;PLAZO FIJO INTRANSFERIBLE DOLAR;PLAZO FIJO INTRANSFERIBLE;Dólares estadounidenses;300;30 días;Línea telefónica;1,51;Todo el territorio nacional;
285;BANCO MACRO S.A.;2026-06-30;PLAZO FIJO INTRANSFERIBLE UVA;PLAZO FIJO UVA;UVA;1;180 días;Ventanilla de sucursal;1,00;Todo el territorio nacional;DE 180  A 365 DIAS TEA 3,53
285;BANCO MACRO S.A.;2026-06-30;PLAZO FIJO INTRANSFERIBLE;PLAZO FIJO INTRANSFERIBLE;Pesos;300;30 días;Ventanilla de sucursal;20,15;Todo el territorio nacional;
299;BANCO COMAFI SOCIEDAD ANONIMA;2026-06-30;PLAZO FIJO TRADICIONAL PIZARRA DOLARES;PF TRADIC PIZARRA USS;Dólares estadounidenses;500;30 días;Ventanilla de sucursal;,60;Todo el territorio nacional;PROGRAMAS DE BENEFICIOS TE VA BIEN Y TE VA BIEN SUMA
299;BANCO COMAFI SOCIEDAD ANONIMA;2026-06-30;PLAZO FIJO TRADICIONAL PIZARRA DOLARES;PF TRADIC PIZARRA USS;Dólares estadounidenses;500;30 días;Línea telefónica;,60;Todo el territorio nacional;PROGRAMAS DE BENEFICIOS TE VA BIEN Y TE VA BIEN SUMA
299;BANCO COMAFI SOCIEDAD ANONIMA;2026-06-30;PLAZO FIJO TRADICIONAL HOME BANKING PESOS;PF TRADIC HB ARPESOS;Pesos;1000;30 días;Home banking;18,39;Todo el territorio nacional;PROGRAMAS DE BENEFICIOS TE VA BIEN Y TE VA BIEN SUMA
299;BANCO COMAFI SOCIEDAD ANONIMA;2026-06-30;PLAZO FIJO TRADICIONAL PIZARRA PESOS;PF TRADIC PIZARRA ARPESOS;Pesos;1000;30 días;Línea telefónica;18,39;Todo el territorio nacional;PROGRAMAS DE BENEFICIOS TE VA BIEN Y TE VA BIEN SUMA
299;BANCO COMAFI SOCIEDAD ANONIMA;2026-06-30;PLAZO FIJO TRADICIONAL PIZARRA PESOS;PF TRADIC PIZARRA ARPESOS;Pesos;1000;30 días;Terminal de autoservicio;18,39;Todo el territorio nacional;PROGRAMAS DE BENEFICIOS TE VA BIEN Y TE VA BIEN SUMA
299;BANCO COMAFI SOCIEDAD ANONIMA;2026-06-30;PLAZO FIJO TRADICIONAL PIZARRA DOLARES;PF TRADIC PIZARRA USS;Dólares estadounidenses;500;30 días;Terminal de autoservicio;,60;Todo el territorio nacional;PROGRAMAS DE BENEFICIOS TE VA BIEN Y TE VA BIEN SUMA
299;BANCO COMAFI SOCIEDAD ANONIMA;2026-06-30;PLAZO FIJO TRADICIONAL HOME BANKING DOLARES;PF TRADIC HB USS;Dólares estadounidenses;500;30 días;Home banking;,60;Todo el territorio nacional;PROGRAMAS DE BENEFICIOS TE VA BIEN Y TE VA BIEN SUMA
299;BANCO COMAFI SOCIEDAD ANONIMA;2026-06-30;PLAZO FIJO TRADICIONAL PIZARRA PESOS;PF TRADIC PIZARRA ARPESOS;Pesos;1000;30 días;Ventanilla de sucursal;18,39;Todo el territorio nacional;PROGRAMAS DE BENEFICIOS TE VA BIEN Y TE VA BIEN SUMA
301;BANCO PIANO S.A.;2026-06-05;PLAZO FIJO HOME BANKING A 365 DIAS;PF HB A 365;Dólares estadounidenses;3000;360 días o más;Home banking;2,75;Todo el territorio nacional;PLAZO HASTA 365
301;BANCO PIANO S.A.;2026-06-05;PLAZO FIJO HOME BANKING 60 A 89 DIAS;PF HB 60 A 89 DIAS;Dólares estadounidenses;3000;60 días;Home banking;1,76;Todo el territorio nacional;
301;BANCO PIANO S.A.;2026-06-05;PLAZO FIJO 90 A 119 DIAS;PF 90 A 119;Dólares estadounidenses;3000;90 días;Ventanilla de sucursal;1,76;Todo el territorio nacional;
301;BANCO PIANO S.A.;2026-06-05;PLAZO FIJO HOME BANKING 30 A 59 DIAS;PF HB 30 A 59;Pesos;1000;30 días;Home banking;23,15;Todo el territorio nacional;ATM
301;BANCO PIANO S.A.;2026-06-05;PLAZO FIJO HOME BANKING 90 A 119 DIAS;PF HB 90 A 119 DIAS;Pesos;1000;90 días;Home banking;23,31;Todo el territorio nacional;ATM
301;BANCO PIANO S.A.;2026-06-05;PLAZO FIJO 90 A 119 DIAS;PF 90 A 119;Pesos;1000;90 días;Ventanilla de sucursal;19,83;Todo el territorio nacional;
301;BANCO PIANO S.A.;2026-06-05;PLAZO FIJO HOME BANKING 90 A 119 DIAS;PF HB 90 A 119 DIAS;Dólares estadounidenses;3000;90 días;Home banking;2,27;Todo el territorio nacional;
301;BANCO PIANO S.A.;2026-06-05;PLAZO FIJO 365 A MAS;PF 365 A MAS;Pesos;1000;360 días o más;Ventanilla de sucursal;20,50;Todo el territorio nacional;
301;BANCO PIANO S.A.;2026-06-05;PLAZO FIJO HOME BANKING 120 A 179 DIAS;PF HB 120 A 179 DIAS;Pesos;1000;180 días;Home banking;23,38;Todo el territorio nacional;ATM - PLAZO MININO 120 DIAS
301;BANCO PIANO S.A.;2026-06-05;PLAZO FIJO 60 A 89 DIAS;PF 60 A 89;Pesos;1000;60 días;Ventanilla de sucursal;19,41;Todo el territorio nacional;
301;BANCO PIANO S.A.;2026-06-05;PLAZO FIJO 180 A 364;PF 180 A 364;Dólares estadounidenses;3000;180 días;Ventanilla de sucursal;2,26;Todo el territorio nacional;
301;BANCO PIANO S.A.;2026-06-05;PLAZO FIJO 30 A 59 DIAS;PF 30 A 59;Pesos;1000;30 días;Ventanilla de sucursal;18,98;Todo el territorio nacional;
301;BANCO PIANO S.A.;2026-06-05;PLAZO FIJO HOME BANKING 120 A 179 DIAS;PF HB 120 A 179 DIAS;Dólares estadounidenses;3000;180 días;Home banking;2,27;Todo el territorio nacional;PLAZO MINIMO 120 DIAS
301;BANCO PIANO S.A.;2026-06-05;PLAZO FIJO 365 A MAS;PF 365 A MAS;Dólares estadounidenses;3000;360 días o más;Ventanilla de sucursal;2,50;Todo el territorio nacional;
301;BANCO PIANO S.A.;2026-06-05;PLAZO FIJO 180 A 364 DIAS;PF 180 A 364;Pesos;1000;180 días;Ventanilla de sucursal;20,46;Todo el territorio nacional;
301;BANCO PIANO S.A.;2026-06-05;PLAZO FIJO 120 A 179 DIAS;PF 120 A 179;Pesos;1000;180 días;Ventanilla de sucursal;20,24;Todo el territorio nacional;PLAZO MINIMO 120 DIAS
301;BANCO PIANO S.A.;2026-06-05;PLAZO FIJO HOME BANKING 60 A 89 DIAS;PF HB 60 A 89;Pesos;1000;60 días;Home banking;23,23;Todo el territorio nacional;ATM
301;BANCO PIANO S.A.;2026-06-05;PLAZO FIJO HOME BANKING 180 A 364 DIAS;PF HB 180 A 364 DIAS;Pesos;1000;180 días;Home banking;23,23;Todo el territorio nacional;ATM
301;BANCO PIANO S.A.;2026-06-05;PLAZO FIJO 30 A 59 DIAS;PF 30 A 59;Dólares estadounidenses;3000;30 días;Ventanilla de sucursal;1,26;Todo el territorio nacional;
301;BANCO PIANO S.A.;2026-06-05;PLAZO FIJO HOME BANKING A 365;PF HB A 365;Pesos;1000;360 días o más;Home banking;22,25;Todo el territorio nacional;ATM - PLAZO HASTA 365
305;BANCO JULIO SOCIEDAD ANONIMA;2026-06-10;CERTIFICADO DE DEPOSITO A PLAZO FIJO EN PESOS;PLAZO FIJO EN PESOS;Pesos;1000;30 días;Ventanilla de sucursal;17,23;Ciudad Autónoma de Buenos Aires;
305;BANCO JULIO SOCIEDAD ANONIMA;2026-06-10;CERTIFICADO DE DEPOSITO A PLAZO FIJO EN PESOS;PLAZO FIJO EN PESOS;Pesos;1000;90 días;Electrónico;20,75;Todo el territorio nacional;
305;BANCO JULIO SOCIEDAD ANONIMA;2026-06-10;CERTIFICADO DE DEPOSITO A PLAZO FIJO EN DOLARES ESTADOUNIDENSES;PLAZO FIJO EN DOLARES;Dólares estadounidenses;500;30 días;Ventanilla de sucursal;,20;Provincia de Córdoba;
305;BANCO JULIO SOCIEDAD ANONIMA;2026-06-10;CERTIFICADO DE DEPOSITO A PLAZO FIJO EN PESOS;PLAZO FIJO EN PESOS;Pesos;1000;30 días;Ventanilla de sucursal;17,23;Provincia de Córdoba;
305;BANCO JULIO SOCIEDAD ANONIMA;2026-06-10;CERTIFICADO DE DEPOSITO A PLAZO FIJO EN PESOS;PLAZO FIJO EN PESOS;Pesos;1000;90 días;Ventanilla de sucursal;17,23;Provincia de Córdoba;
305;BANCO JULIO SOCIEDAD ANONIMA;2026-06-10;CERTIFICADO DE DEPOSITO A PLAZO FIJO EN PESOS;PLAZO FIJO EN PESOS;Pesos;1000;90 días;Ventanilla de sucursal;17,23;Ciudad Autónoma de Buenos Aires;
305;BANCO JULIO SOCIEDAD ANONIMA;2026-06-10;CERTIFICADO DE DEPOSITO A PLAZO FIJO EN PESOS;PLAZO FIJO EN PESOS;Pesos;1000;30 días;Electrónico;20,75;Todo el territorio nacional;
305;BANCO JULIO SOCIEDAD ANONIMA;2026-06-10;CERTIFICADO DE DEPOSITO A PLAZO FIJO EN DOLARES ESTADOUNIDENSES;PLAZO FIJO EN DOLARES;Dólares estadounidenses;500;30 días;Ventanilla de sucursal;,20;Ciudad Autónoma de Buenos Aires;
309;BANCO RIOJA SOCIEDAD ANONIMA UNIPERSONAL;2026-06-12;PLAZO FIJO CANALES ELECTRONICOS;PLAZO F CANALES ELECTRO;Pesos;1000;30 días;Home banking;24,42;Todo el territorio nacional;
309;BANCO RIOJA SOCIEDAD ANONIMA UNIPERSONAL;2026-06-12;PLAZO FIJO UVA;PLAZO FIJO UVA;UVA;1000;90 días;Electrónico;2,01;Todo el territorio nacional;
309;BANCO RIOJA SOCIEDAD ANONIMA UNIPERSONAL;2026-06-12;PLAZO FIJO INTRANFERIBLE;PLAZO FIJO INTRANFERIBLE;Pesos;1000;30 días;Todos los canales;24,36;Todo el territorio nacional;
310;BANCO DEL SOL S.A.;2026-07-07;PF EN DOLARES A 365 DIAS PERSONAS JURIDICAS;PF DOLAR 365 DIAS;Dólares estadounidenses;1;360 días o más;Todos los canales;3,00;Todo el territorio nacional;
310;BANCO DEL SOL S.A.;2026-07-07;PLAZO FIJO UVA PRECANCELABLE;PF UVA PRECANCELABLE;UVA;1;360 días o más;Línea telefónica;1,75;Todo el territorio nacional;CON OPCION DE CANCELACION ANTICIPADA A PARTIR DE LOS 90 DIAS
310;BANCO DEL SOL S.A.;2026-07-07;PF EN DOLARES A 365 DIAS PERSONAS HUMANAS;PF DOLAR 365 DIAS;Dólares estadounidenses;1;360 días o más;Todos los canales;3,00;Todo el territorio nacional;
310;BANCO DEL SOL S.A.;2026-07-07;PF EN DOLARES A 180 DIAS PERSONAS JURIDICAS;PF DOLAR 180 DIAS;Dólares estadounidenses;1;180 días;Todos los canales;2,52;Todo el territorio nacional;
310;BANCO DEL SOL S.A.;2026-07-07;PF EN PESOS A 30 DIAS PERSONAS HUMANAS CAPITALES HASTA $ 30 MILLONES;PF PESOS 30 DIAS;Pesos;1;30 días;Todos los canales;23,15;Todo el territorio nacional;NO APLICABLE A PF CONCERTADOS A TRAVES DE LA APLICACION MOVIL
310;BANCO DEL SOL S.A.;2026-07-07;PF EN PESOS A 60 DIAS PERSONAS HUMANAS CAPITALES HASTA $ 30 MILLONES;PF PESOS 60 DIAS;Pesos;1;60 días;Todos los canales;23,23;Todo el territorio nacional;NO APLICABLE A PF CONCERTADOS A TRAVES DE LA APLICACION MOVIL
310;BANCO DEL SOL S.A.;2026-07-07;PF EN DOLARES A 30 DIAS PERSONAS JURIDICAS;PF DOLAR 30 DIAS;Dólares estadounidenses;1;30 días;Todos los canales;1,26;Todo el territorio nacional;
310;BANCO DEL SOL S.A.;2026-07-07;PF EN DOLARES A 30 DIAS PERSONAS HUMANAS;PF DOLAR 30 DIAS;Dólares estadounidenses;1;30 días;Todos los canales;1,26;Todo el territorio nacional;
310;BANCO DEL SOL S.A.;2026-07-07;PF EN DOLARES A 90 DIAS PERSONAS HUMANAS;PF DOLAR 90 DIAS;Dólares estadounidenses;1;90 días;Todos los canales;1,76;Todo el territorio nacional;
310;BANCO DEL SOL S.A.;2026-07-07;PLAZO FIJO INTRANSFERIBLE EN PESOS A 60 DIAS PERSONAS JURIDICAS;PF PESOS 60 DIAS;Pesos;1;60 días;Todos los canales;23,23;Todo el territorio nacional;
310;BANCO DEL SOL S.A.;2026-07-07;PLAZO FIJO UVA PRECANCELABLE;PF UVA PRECANCELABLE;UVA;1;90 días;Ventanilla de sucursal;,50;Todo el territorio nacional;
310;BANCO DEL SOL S.A.;2026-07-07;PF APP A 30 DIAS PERSONAS HUMANAS CAPITALES HASTA $ 30 MILLONES;PF APP 30 DIAS;Pesos;1;30 días;Electrónico;23,23;Todo el territorio nacional;SOLO PARA PF CONCERTADOS A TRAVES DE LA APLICACION MOVIL
310;BANCO DEL SOL S.A.;2026-07-07;PF EN DOLARES A 90 DIAS PERSONAS JURIDICAS;PF DOLAR 90 DIAS;Dólares estadounidenses;1;90 días;Todos los canales;1,76;Todo el territorio nacional;
310;BANCO DEL SOL S.A.;2026-07-07;PLAZO FIJO UVA PRECANCELABLE;PF UVA PRECANCELABLE;UVA;1;360 días o más;Electrónico;1,75;Todo el territorio nacional;CON OPCION DE CANCELACION ANTICIPADA A PARTIR DE LOS 90 DIAS
310;BANCO DEL SOL S.A.;2026-07-07;PF APP A 90 DIAS PERSONAS HUMANAS CAPITALES MAYORES A $ 30 MILLONES;PF APP 90 DIAS;Pesos;1;90 días;Electrónico;23,31;Todo el territorio nacional;SOLO PARA PF CONCERTADOS A TRAVES DE LA APLICACION MOVIL
310;BANCO DEL SOL S.A.;2026-07-07;PF APP A 90 DIAS PERSONAS HUMANAS CAPITALES HASTA $ 30 MILLONES;PF APP 90 DIAS;Pesos;1;90 días;Electrónico;23,31;Todo el territorio nacional;SOLO PARA PF CONCERTADOS A TRAVES DE LA APLICACION MOVIL
310;BANCO DEL SOL S.A.;2026-07-07;PLAZO FIJO UVA PRECANCELABLE;PF UVA PRECANCELABLE;UVA;1;180 días;Electrónico;1,00;Todo el territorio nacional;CON OPCION DE CANCELACION ANTICIPADA A PARTIR DE LOS 90 DIAS, DEBE SOLICITARSE DESDE EL CHAT DE LA APLICACION MOVIL
310;BANCO DEL SOL S.A.;2026-07-07;PF APP A 60 DIAS PERSONAS HUMANAS CAPITALES MAYORES A $ 30 MILLONES;PF APP 60 DIAS;Pesos;1;60 días;Electrónico;23,23;Todo el territorio nacional;SOLO PARA PF CONCERTADOS A TRAVES DE LA APLICACION MOVIL
310;BANCO DEL SOL S.A.;2026-07-07;PLAZO FIJO UVA PRECANCELABLE;PF UVA PRECANCELABLE;UVA;1;90 días;Electrónico;,50;Todo el territorio nacional;
310;BANCO DEL SOL S.A.;2026-07-07;PLAZO FIJO UVA PRECANCELABLE;PF UVA PRECANCELABLE;UVA;1;360 días o más;Ventanilla de sucursal;1,75;Todo el territorio nacional;CON OPCION DE CANCELACION ANTICIPADA A PARTIR DE LOS 90 DIAS
310;BANCO DEL SOL S.A.;2026-07-07;PLAZO FIJO UVA PRECANCELABLE;PF UVA PRECANCELABLE;UVA;1;90 días;Línea telefónica;,50;Todo el territorio nacional;
310;BANCO DEL SOL S.A.;2026-07-07;PF APP A 30 DIAS PERSONAS HUMANAS CAPITALES MAYORES A $ 30 MILLONES;PF APP 30 DIAS;Pesos;1;30 días;Electrónico;23,15;Todo el territorio nacional;SOLO PARA PF CONCERTADOS A TRAVES DE LA APLICACION MOVIL
310;BANCO DEL SOL S.A.;2026-07-07;PF EN DOLARES A 60 DIAS PERSONAS JURIDICAS;PF DOLAR 60 DIAS;Dólares estadounidenses;1;60 días;Todos los canales;1,51;Todo el territorio nacional;
310;BANCO DEL SOL S.A.;2026-07-07;PF EN PESOS A 30 DIAS PERSONAS HUMANAS CAPITALES MAYORES A $ 30 MILLONES;PF PESOS 30 DIAS;Pesos;1;30 días;Todos los canales;23,15;Todo el territorio nacional;NO APLICABLE A PF CONCERTADOS A TRAVES DE LA APLICACION MOVIL
310;BANCO DEL SOL S.A.;2026-07-07;PLAZO FIJO UVA PRECANCELABLE;PF UVA PRECANCELABLE;UVA;1;180 días;Línea telefónica;1,00;Todo el territorio nacional;CON OPCION DE CANCELACION ANTICIPADA A PARTIR DE LOS 90 DIAS
310;BANCO DEL SOL S.A.;2026-07-07;PLAZO FIJO INTRANSFERIBLE EN PESOS A 90 DIAS PERSONAS JURIDICAS;PF PESOS 90 DIAS;Pesos;1;90 días;Todos los canales;23,31;Todo el territorio nacional;
310;BANCO DEL SOL S.A.;2026-07-07;PF EN DOLARES A 60 DIAS PERSONAS HUMANAS;PF DOLAR 60 DIAS;Dólares estadounidenses;1;60 días;Todos los canales;1,51;Todo el territorio nacional;
310;BANCO DEL SOL S.A.;2026-07-07;PLAZO FIJO INTRANSFERIBLE EN PESOS A 30 DIAS PERSONAS JURIDICAS;PF PESOS 30 DIAS;Pesos;1;30 días;Todos los canales;23,15;Todo el territorio nacional;
310;BANCO DEL SOL S.A.;2026-07-07;PF EN PESOS A 60 DIAS PERSONAS HUMANAS CAPITALES MAYORES A $ 30 MILLONES;PF PESOS 60 DIAS;Pesos;1;60 días;Todos los canales;23,23;Todo el territorio nacional;NO APLICABLE A PF CONCERTADOS A TRAVES DE LA APLICACION MOVIL
310;BANCO DEL SOL S.A.;2026-07-07;PF EN PESOS A 90 DIAS PERSONAS HUMANAS CAPITALES MAYORES A $ 30 MILLONES;PF PESOS 90 DIAS;Pesos;1;90 días;Todos los canales;23,31;Todo el territorio nacional;NO APLICABLE A PF CONCERTADOS A TRAVES DE LA APLICACION MOVIL
310;BANCO DEL SOL S.A.;2026-07-07;PF EN DOLARES A 180 DIAS PERSONAS HUMANAS;PF DOLAR 180 DIAS;Dólares estadounidenses;1;180 días;Todos los canales;2,52;Todo el territorio nacional;
310;BANCO DEL SOL S.A.;2026-07-07;PF EN PESOS A 90 DIAS PERSONAS HUMANAS CAPITALES HASTA $30 MILLONES;PF PESOS 90 DIAS;Pesos;1;90 días;Todos los canales;23,31;Todo el territorio nacional;NO APLICABLE A PF CONCERTADOS A TRAVES DE LA APLICACION MOVIL
310;BANCO DEL SOL S.A.;2026-07-07;PF APP A 60 DIAS PERSONAS HUMANAS CAPITALES HASTA $ 30 MILLONES;PF APP 60 DIAS;Pesos;1;60 días;Electrónico;23,23;Todo el territorio nacional;SOLO PARA PF CONCERTADOS A TRAVES DE LA APLICACION MOVIL
310;BANCO DEL SOL S.A.;2026-07-07;PLAZO FIJO UVA PRECANCELABLE;PF UVA PRECANCELABLE;UVA;1;180 días;Ventanilla de sucursal;1,00;Todo el territorio nacional;CON OPCION DE CANCELACION ANTICIPADA A PARTIR DE LOS 90 DIAS
311;NUEVO BANCO DEL CHACO S. A.;2026-06-30;I.A.1. DEPOSITOS A PLAZO EN MONEDA NACIONAL NO AJUSTABLES - CLIENTELA GENERAL;PLAZO FIJO TRADICIONAL;Pesos;100000;60 días;Ventanilla de sucursal;18,25;Todo el territorio nacional;
311;NUEVO BANCO DEL CHACO S. A.;2026-06-30;DEPOSITOS A PLAZO EN MONEDA NACIONAL NO AJUSTABLES - PRECANCELABLE - SECTOR PRIVADO;PLAZO FIJO PRECANCELABLE;Pesos;1500001;180 días;Ventanilla de sucursal;14,07;Todo el territorio nacional;
311;NUEVO BANCO DEL CHACO S. A.;2026-06-30;DEPOSITOS A PLAZO EN MONEDA NACIONAL NO AJUSTABLES - PRECANCELABLE - SECTOR PRIVADO;PLAZO FIJO PRECANCELABLE;Pesos;1000001;180 días;Ventanilla de sucursal;13,75;Todo el territorio nacional;
311;NUEVO BANCO DEL CHACO S. A.;2026-06-30;I.A.3. DEPOSITOS A PLAZO EN MONEDA NACIONAL NO AJUSTABLES - PF WEB;PLAZO FIJO WEB;Pesos;2500;30 días;Cajero automático;21,34;Todo el territorio nacional;
311;NUEVO BANCO DEL CHACO S. A.;2026-06-30;I.B. DEPOSITOS A PLAZO DE UNIDADES DE VIVIENDA ACTUALIZABLES POR ICC - LEY 27.271 - UVI;PLAZO FIJO UVI;UVI;2500;180 días;Ventanilla de sucursal;1,00;Todo el territorio nacional;
311;NUEVO BANCO DEL CHACO S. A.;2026-06-30;I.A.3. DEPOSITOS A PLAZO EN MONEDA NACIONAL NO AJUSTABLES - PF WEB;PLAZO FIJO WEB;Pesos;2500;60 días;Electrónico;22,34;Todo el territorio nacional;
311;NUEVO BANCO DEL CHACO S. A.;2026-06-30;I.A.1. DEPOSITOS A PLAZO EN MONEDA NACIONAL NO AJUSTABLES - CLIENTELA GENERAL;PLAZO FIJO TRADICIONAL;Pesos;100000;30 días;Ventanilla de sucursal;17,23;Todo el territorio nacional;
311;NUEVO BANCO DEL CHACO S. A.;2026-06-30;I.B. DEPOSITOS A PLAZO FIJO DE UNIDADES DE VALOR AQUISITIVO ACTUALIZ POR CER - WEB;PLAZO FIJO UVA WEB;UVA;2500;90 días;Home banking;,01;Todo el territorio nacional;
311;NUEVO BANCO DEL CHACO S. A.;2026-06-30;I.A.1. DEPOSITOS A PLAZO EN MONEDA NACIONAL NO AJUSTABLES - CLIENTELA GENERAL;PLAZO FIJO TRADICIONAL;Pesos;100000;90 días;Ventanilla de sucursal;18,12;Todo el territorio nacional;
311;NUEVO BANCO DEL CHACO S. A.;2026-06-30;I.A.3. DEPOSITOS A PLAZO EN MONEDA NACIONAL NO AJUSTABLES - PF WEB;PLAZO FIJO WEB;Pesos;2500;180 días;Electrónico;23,78;Todo el territorio nacional;
311;NUEVO BANCO DEL CHACO S. A.;2026-06-30;DEPOSITOS A PLAZO EN MONEDA NACIONAL NO AJUSTABLES - PRECANCELABLE - SECTOR PRIVADO;PLAZO FIJO PRECANCELABLE;Pesos;12500;180 días;Ventanilla de sucursal;13,43;Todo el territorio nacional;
311;NUEVO BANCO DEL CHACO S. A.;2026-06-30;I.A.3. DEPOSITOS A PLAZO EN MONEDA NACIONAL NO AJUSTABLES - PF WEB;PLAZO FIJO WEB;Pesos;2500;90 días;Electrónico;23,31;Todo el territorio nacional;
311;NUEVO BANCO DEL CHACO S. A.;2026-06-30;I.A.3. DEPOSITOS A PLAZO EN MONEDA NACIONAL NO AJUSTABLES - PF WEB;PLAZO FIJO WEB;Pesos;2500;30 días;Home banking;21,34;Todo el territorio nacional;
311;NUEVO BANCO DEL CHACO S. A.;2026-06-30;I.B. DEPOSITOS A PLAZO FIJO DE UNIDADES DE VALOR AQUISITIVO ACTUALIZABLES POR CER;PLAZO FIJO UVA;UVA;2500;90 días;Ventanilla de sucursal;,01;Todo el territorio nacional;
311;NUEVO BANCO DEL CHACO S. A.;2026-06-30;I.B. DEPOSITOS A PLAZO EN MONEDA NACIONAL AJUSTABLES CON CLAUSULA CER;PLAZO FIJO CER;Pesos;2500;360 días o más;Ventanilla de sucursal;,25;Todo el territorio nacional;
311;NUEVO BANCO DEL CHACO S. A.;2026-06-30;I.B. DEPOSITOS A PLAZO FIJO DE UNIDADES DE VALOR AQUISITIVO ACTUALIZABLES POR CER PRECANCELABLE LEY 25.827 (UVA);PLAZO FIJO UVA PRECANCELA;UVA;2500;90 días;Ventanilla de sucursal;1,00;Todo el territorio nacional;
311;NUEVO BANCO DEL CHACO S. A.;2026-06-30;I.A.1. DEPOSITOS A PLAZO EN MONEDA NACIONAL NO AJUSTABLES - CLIENTELA GENERAL;PLAZO FIJO TRADICIONAL;Pesos;100000;180 días;Ventanilla de sucursal;17,73;Todo el territorio nacional;
312;BANCO VOII S.A.;2026-06-30;CERTIFICADO DE DEPOSITO A PLAZO FIJO NOMINATIVO INTRANFERIBLE SECTOR PRIVADO RESIDENTES EN EL PAIS;DEPOS PFNI PRIV RES PAIS;Pesos;1000;180 días;Electrónico;18,82;Todo el territorio nacional;
312;BANCO VOII S.A.;2026-06-30;CERTIFICADO DE DEPOSITO A PLAZO FIJO NOMINATIVO INTRANFERIBLE UVA SECTOR PRIVADO RESIDS EN EL PAIS;DEPOS PFNI PRIV UVA PAIS;UVA;1000;90 días;Electrónico;3,04;Todo el territorio nacional;
312;BANCO VOII S.A.;2026-06-30;CERTIFICADO DE DEPOSITO A PLAZO FIJO NOMINATIVO INTRANFERIBLE SECTOR PRIVADO RESIDENTES EN EL PAIS;DEPOS PFNI PRIV RES PAIS;Dólares estadounidenses;1000;180 días;Electrónico;,10;Todo el territorio nacional;
312;BANCO VOII S.A.;2026-06-30;CERTIFICADO DE DEPOSITO A PLAZO FIJO NOMINATIVO INTRANFERIBLE SECTOR PRIVADO RESIDENTES EN EL PAIS;DEPOS PFNI PRIV RES PAIS;Dólares estadounidenses;1000;60 días;Electrónico;,10;Todo el territorio nacional;
312;BANCO VOII S.A.;2026-06-30;CERTIFICADO DE DEPOSITO A PLAZO FIJO NOMINATIVO INTRANFERIBLE SECTOR PRIVADO RESIDENTES EN EL PAIS;DEPOS PFNI PRIV RES PAIS;Dólares estadounidenses;1000;90 días;Electrónico;,10;Todo el territorio nacional;
312;BANCO VOII S.A.;2026-06-30;CERTIFICADO DE DEPOSITO A PLAZO FIJO NOMINATIVO INTRANFERIBLE SECTOR PRIVADO RESIDENTES EN EL PAIS;DEPOS PFNI PRIV RES PAIS;Dólares estadounidenses;1000;30 días;Electrónico;,10;Todo el territorio nacional;
312;BANCO VOII S.A.;2026-06-30;CERTIFICADO DE DEPOSITO A PLAZO FIJO NOMINATIVO INTRANFERIBLE SECTOR PRIVADO RESIDENTES EN EL PAIS;DEPOS PFNI PRIV RES PAIS;Pesos;1000;360 días o más;Electrónico;18,00;Todo el territorio nacional;
312;BANCO VOII S.A.;2026-06-30;CERTIFICADO DE DEPOSITO A PLAZO FIJO NOMINATIVO INTRANFERIBLE SECTOR PRIVADO RESIDENTES EN EL PAIS;DEPOS PFNI PRIV RES PAIS;Pesos;1000;30 días;Electrónico;24,98;Todo el territorio nacional;
312;BANCO VOII S.A.;2026-06-30;CERTIFICADO DE DEPOSITO A PLAZO FIJO NOMINATIVO INTRANFERIBLE SECTOR PRIVADO RESIDENTES EN EL PAIS;DEPOS PFNI PRIV RES PAIS;Pesos;1000;90 días;Electrónico;22,72;Todo el territorio nacional;
312;BANCO VOII S.A.;2026-06-30;CERTIFICADO DE DEPOSITO A PLAZO FIJO NOMINATIVO INTRANFERIBLE SECTOR PRIVADO RESIDENTES EN EL PAIS;DEPOS PFNI PRIV RES PAIS;Pesos;1000;60 días;Electrónico;23,53;Todo el territorio nacional;
312;BANCO VOII S.A.;2026-06-30;CERTIFICADO DE DEPOSITO A PLAZO FIJO NOMINATIVO INTRANFERIBLE SECTOR PRIVADO RESIDENTES EN EL PAIS;DEPOS PFNI PRIV RES PAIS;Dólares estadounidenses;1000;360 días o más;Electrónico;,10;Todo el territorio nacional;
315;BANCO DE FORMOSA S.A.;2026-06-30;PLAZO FIJO;PLAZO FIJO;Pesos;500;90 días;Cajero automático;19,83;Todo el territorio nacional;APLICABLE A MONTOS MENORES A PESOS CIEN MILLONES
315;BANCO DE FORMOSA S.A.;2026-06-30;PLAZO FIJO;PLAZO FIJO;Pesos;500;30 días;Cajero automático;20,15;Todo el territorio nacional;APLICABLE A MONTOS MENORES A PESOS CIEN MILLONES
315;BANCO DE FORMOSA S.A.;2026-06-30;PLAZO FIJO;PLAZO FIJO;Pesos;500;30 días;Cajero automático;22,54;Todo el territorio nacional;APLICABLE A MONTOS MAYORES A PESOS CIEN MILLONES
315;BANCO DE FORMOSA S.A.;2026-06-30;PLAZO FIJO;PLAZO FIJO;Pesos;500;90 días;Cajero automático;22,14;Todo el territorio nacional;APLICABLE A MONTOS MAYORES A PESOS CIEN MILLONES
315;BANCO DE FORMOSA S.A.;2026-06-30;PLAZO FIJO USD;PLAZO FIJO USD;Dólares estadounidenses;500;30 días;Home banking;,50;Todo el territorio nacional;PERSONA JURIDICA SECTOR PUBLICO NO FINANCIERO  HOMEBANKING DESDE U$S500
315;BANCO DE FORMOSA S.A.;2026-06-30;PLAZO FIJO USD;PLAZO FIJO USD;Dólares estadounidenses;500;30 días;Cajero automático;2,32;Todo el territorio nacional;PERSONA HUMANA PERSONA JURIDICASECTOR PRIVADO NO FINANCIERO. PRESENCIAL  HOMEBANKING DESDE U$S500
315;BANCO DE FORMOSA S.A.;2026-06-30;PLAZO FIJO;PLAZO FIJO;Pesos;500;30 días;Home banking;22,54;Todo el territorio nacional;APLICABLE A MONTOS MAYORES A PESOS CIEN MILLONES
315;BANCO DE FORMOSA S.A.;2026-06-30;PLAZO FIJO;PLAZO FIJO;Pesos;500;90 días;Home banking;22,14;Todo el territorio nacional;APLICABLE A MONTOS MAYORES A PESOS CIEN MILLONES
315;BANCO DE FORMOSA S.A.;2026-06-30;PLAZO FIJO USD;PLAZO FIJO USD;Dólares estadounidenses;500;90 días;Cajero automático;2,32;Todo el territorio nacional;PERSONA HUMANA PERSONA JURIDICASECTOR PRIVADO NO FINANCIERO. PRESENCIAL  HOMEBANKING DESDE U$S500
315;BANCO DE FORMOSA S.A.;2026-06-30;PLAZO FIJO;PLAZO FIJO;Pesos;500;30 días;Home banking;20,15;Todo el territorio nacional;APLICABLE A MONTOS MENORES A PESOS CIEN MILLONES
315;BANCO DE FORMOSA S.A.;2026-06-30;PLAZO FIJO;PLAZO FIJO;Pesos;500;90 días;Home banking;20,98;Todo el territorio nacional;PERSONA JURIDICA SECTOR PRIVADO NO FINANCIERO.APLICABLE A MONTOS MAYORES O IGUAL A PESOS CINCO MIL MILLONES
315;BANCO DE FORMOSA S.A.;2026-06-30;PLAZO FIJO;PLAZO FIJO;Pesos;500;90 días;Home banking;19,83;Todo el territorio nacional;APLICABLE A MONTOS MENORES A PESOS CIEN MILLONES
315;BANCO DE FORMOSA S.A.;2026-06-30;PLAZO FIJO USD;PLAZO FIJO USD;Dólares estadounidenses;500;90 días;Home banking;2,32;Todo el territorio nacional;PERSONA HUMANA PERSONA JURIDICASECTOR PRIVADO NO FINANCIERO. PRESENCIAL  HOMEBANKING DESDE U$S500
315;BANCO DE FORMOSA S.A.;2026-06-30;PLAZO FIJO USD;PLAZO FIJO USD;Dólares estadounidenses;500;30 días;Home banking;2,32;Todo el territorio nacional;PERSONA HUMANA PERSONA JURIDICASECTOR PRIVADO NO FINANCIERO. PRESENCIAL  HOMEBANKING DESDE U$S500
315;BANCO DE FORMOSA S.A.;2026-06-30;PLAZO FIJO USD;PLAZO FIJO USD;Dólares estadounidenses;500;90 días;Home banking;,50;Todo el territorio nacional;PERSONA JURIDICA SECTOR PUBLICO NO FINANCIERO  HOMEBANKING DESDE U$S500
315;BANCO DE FORMOSA S.A.;2026-06-30;PLAZO FIJO;PLAZO FIJO;Pesos;500;90 días;Home banking;14,20;Todo el territorio nacional;PERSONA JURIDICASECTOR PRIVADO NO FINANCIERO.APLICABLE A MONTOS MENORES A PESOS CINCO MIL MILLONES
315;BANCO DE FORMOSA S.A.;2026-06-30;PLAZO FIJO;PLAZO FIJO;Pesos;500;30 días;Home banking;18,98;Todo el territorio nacional;PERSONA JURIDICA SECTOR PRIVADO NO FINANCIERO.APLICABLE A MONTOS MENORES A PESOS CINCO MIL MILLONES
315;BANCO DE FORMOSA S.A.;2026-06-30;PLAZO FIJO;PLAZO FIJO;Pesos;500;30 días;Home banking;26,21;Todo el territorio nacional;PERSONA JURIDICA SECTOR PRIVADO NO FINANCIERO.APLICABLE A MONTOS MAYORES O IGUAL A PESOS CINCO MIL MILLONES
319;BANCO CMF S.A.;2026-07-01;PLAZO FIJO INTRANSFERIBLE UVA A 180 DIAS;PF INTRANSF UVA 180 DIAS;UVA;1;180 días;Ventanilla de sucursal;1,00;Ciudad Autónoma de Buenos Aires;
319;BANCO CMF S.A.;2026-07-01;PLAZO FIJO INTRANSFERIBLE EN PESOS A 90 DIAS;PF INTRANSF PESOS 90 DIAS;Pesos;1;90 días;Ventanilla de sucursal;15,87;Ciudad Autónoma de Buenos Aires;PF PERSONA HUMANA MENORES A 30000000 DE PESOS
319;BANCO CMF S.A.;2026-07-01;PLAZO FIJO INTRANSFERIBLE EN PESOS A 90 DIAS;PF INTRANSF PESOS 90 DIAS;Pesos;1;90 días;Línea telefónica;15,87;Ciudad Autónoma de Buenos Aires;PF PERSONA HUMANA MENORES A 30000000 DE PESOS
319;BANCO CMF S.A.;2026-07-01;PLAZO FIJO INTRANSFERIBLE EN PESOS A 30 DIAS;PF INTRANSF PESOS 30 DIAS;Pesos;1;30 días;Línea telefónica;24,36;Ciudad Autónoma de Buenos Aires;PF PERSONA HUMANA MENORES A 30000000 DE PESOS
319;BANCO CMF S.A.;2026-07-01;PLAZO FIJO INTRANSFERIBLE EN PESOS A 30 DIAS;PF INTRANSF PESOS 30 DIAS;Pesos;1;30 días;Ventanilla de sucursal;24,36;Ciudad Autónoma de Buenos Aires;PF PERSONA HUMANA MENORES A 30000000 DE PESOS
319;BANCO CMF S.A.;2026-07-01;PLAZO FIJO INTRANSFERIBLE EN PESOS A 90 DIAS;PF INTRANSF PESOS 90 DIAS;Pesos;1;90 días;Home banking;15,87;Ciudad Autónoma de Buenos Aires;PF PERSONA HUMANA MENORES A 30000000 DE PESOS
319;BANCO CMF S.A.;2026-07-01;PLAZO FIJO INTRANSFERIBLE UVA A 90 DIAS;PF INTRANSF UVA 90 DIAS;UVA;1;90 días;Ventanilla de sucursal;1,00;Ciudad Autónoma de Buenos Aires;
319;BANCO CMF S.A.;2026-07-01;PLAZO FIJO INTRANSFERIBLE EN PESOS A 30 DIAS;PF INTRANSF PESOS 30 DIAS;Pesos;1;30 días;Home banking;24,36;Ciudad Autónoma de Buenos Aires;PF PERSONA HUMANA MENORES A 30000000 DE PESOS
321;BANCO DE SANTIAGO DEL ESTERO S.A.;2026-07-01;PLAZO FIJO;PLAZO FIJO;Pesos;15000;30 días;Todos los canales;21,94;Provincia de Buenos Aires;
321;BANCO DE SANTIAGO DEL ESTERO S.A.;2026-07-01;PLAZO FIJO;PLAZO FIJO;Pesos;15000;30 días;Todos los canales;21,94;Provincia de Tucumán;
321;BANCO DE SANTIAGO DEL ESTERO S.A.;2026-07-01;PLAZO FIJO;PLAZO FIJO;Pesos;15000;30 días;Todos los canales;21,94;Provincia de Córdoba;
321;BANCO DE SANTIAGO DEL ESTERO S.A.;2026-07-01;PLAZO FIJO;PLAZO FIJO;Pesos;15000;30 días;Todos los canales;21,94;Provincia de Santiago del Estero;
321;BANCO DE SANTIAGO DEL ESTERO S.A.;2026-07-01;PLAZO FIJO;PLAZO FIJO;Pesos;15000;30 días;Todos los canales;21,94;Provincia de Catamarca;
321;BANCO DE SANTIAGO DEL ESTERO S.A.;2026-07-01;PLAZO FIJO;PLAZO FIJO;Pesos;15000;30 días;Todos los canales;21,94;Provincia de Salta;
321;BANCO DE SANTIAGO DEL ESTERO S.A.;2026-07-01;PLAZO FIJO;PLAZO FIJO;Pesos;15000;30 días;Todos los canales;21,94;Provincia de Jujuy;
322;BANCO INDUSTRIAL S.A.;2026-06-30;PLAZO FIJO INTRANSFERIBLE;PLAZO FIJO USD;Dólares estadounidenses;1000;30 días;Ventanilla de sucursal;,25;Todo el territorio nacional;
322;BANCO INDUSTRIAL S.A.;2026-06-30;PLAZO FIJO INTRANSFERIBLE;PLAZO FIJO EUROS;Euros;1000;30 días;Home banking;,15;Todo el territorio nacional;
322;BANCO INDUSTRIAL S.A.;2026-06-30;PLAZO FIJO INTRANSFERIBLE;PLAZO FIJO UVA PRECANCE;Otra;1000;90 días;Home banking;1,00;Todo el territorio nacional;
322;BANCO INDUSTRIAL S.A.;2026-06-30;PLAZO FIJO INTRANSFERIBLE;PLAZO FIJO PESOS;Pesos;1000;30 días;Home banking;14,93;Todo el territorio nacional;
322;BANCO INDUSTRIAL S.A.;2026-06-30;PLAZO FIJO INTRANSFERIBLE;PLAZO FIJO UVA;UVA;1000;90 días;Ventanilla de sucursal;,00;Todo el territorio nacional;
322;BANCO INDUSTRIAL S.A.;2026-06-30;PLAZO FIJO INTRANSFERIBLE;PLAZO FIJO PESOS;Pesos;5000;30 días;Ventanilla de sucursal;12,68;Todo el territorio nacional;
322;BANCO INDUSTRIAL S.A.;2026-06-30;PLAZO FIJO INTRANSFERIBLE;PLAZO FIJO UVA PRECANCE;Otra;1000;90 días;Ventanilla de sucursal;1,00;Todo el territorio nacional;
322;BANCO INDUSTRIAL S.A.;2026-06-30;PLAZO FIJO INTRANSFERIBLE;PLAZO FIJO PESOS;Pesos;1000;30 días;Cajero automático;14,93;Todo el territorio nacional;
322;BANCO INDUSTRIAL S.A.;2026-06-30;PLAZO FIJO INTRANSFERIBLE;PLAZO FIJO USD;Dólares estadounidenses;1000;30 días;Home banking;,25;Todo el territorio nacional;
322;BANCO INDUSTRIAL S.A.;2026-06-30;PLAZO FIJO INTRANSFERIBLE;PLAZO FIJO USD;Dólares estadounidenses;1000;30 días;Cajero automático;,25;Todo el territorio nacional;
322;BANCO INDUSTRIAL S.A.;2026-06-30;PLAZO FIJO INTRANSFERIBLE;PLAZO FIJO EUROS;Euros;1000;30 días;Ventanilla de sucursal;,15;Todo el territorio nacional;
330;NUEVO BANCO DE SANTA FE SOCIEDAD ANONIMA;2026-06-05;PLAZO FIJO UVA PRECANCELABLE;PF UVA PRECANCELABLE;UVA;25000;90 días;Home banking;1,00;Todo el territorio nacional;NO APLICA
330;NUEVO BANCO DE SANTA FE SOCIEDAD ANONIMA;2026-06-05;PLAZO FIJO UVA PRECANCELABLE;PF UVA PRECANCELABLE;UVA;25000;180 días;Ventanilla de sucursal;1,00;Todo el territorio nacional;NO APLICA
330;NUEVO BANCO DE SANTA FE SOCIEDAD ANONIMA;2026-06-05;PLAZO FIJO TRADICIONAL;PLAZO FIJO TRADICIONAL;Pesos;5000;90 días;Home banking;18,69;Todo el territorio nacional;NO APLICA
330;NUEVO BANCO DE SANTA FE SOCIEDAD ANONIMA;2026-06-05;PLAZO FIJO UVA PRECANCELABLE;PF UVA PRECANCELABLE;UVA;25000;90 días;Ventanilla de sucursal;1,00;Todo el territorio nacional;NO APLICA
330;NUEVO BANCO DE SANTA FE SOCIEDAD ANONIMA;2026-06-05;PLAZO FIJO UVA PRECANCELABLE;PF UVA PRECANCELABLE;UVA;25000;180 días;Home banking;1,00;Todo el territorio nacional;NO APLICA
330;NUEVO BANCO DE SANTA FE SOCIEDAD ANONIMA;2026-06-05;PLAZO FIJO TRADICIONAL;PLAZO FIJO TRADICIONAL;Pesos;5000;30 días;Home banking;18,98;Todo el territorio nacional;NO APLICA
338;BANCO DE SERVICIOS Y TRANSACCIONES SAU;2026-06-30;PLAZO FIJO;PLAZO FIJO;Dólares estadounidenses;1000;Todos los plazos;Ventanilla de sucursal;1,75;Ciudad Autónoma de Buenos Aires;
338;BANCO DE SERVICIOS Y TRANSACCIONES SAU;2026-06-30;PLAZO FIJO;PLAZO FIJO;Pesos;1000;60 días;Ventanilla de sucursal;27,00;Ciudad Autónoma de Buenos Aires;
338;BANCO DE SERVICIOS Y TRANSACCIONES SAU;2026-06-30;PLAZO FIJO;PLAZO FIJO;Pesos;1000;180 días;Ventanilla de sucursal;23,00;Ciudad Autónoma de Buenos Aires;
338;BANCO DE SERVICIOS Y TRANSACCIONES SAU;2026-06-30;PLAZO FIJO;PLAZO FIJO;Pesos;1000;30 días;Ventanilla de sucursal;27,00;Ciudad Autónoma de Buenos Aires;
338;BANCO DE SERVICIOS Y TRANSACCIONES SAU;2026-06-30;PLAZO FIJO;PLAZO FIJO;Pesos;1000;90 días;Ventanilla de sucursal;27,00;Ciudad Autónoma de Buenos Aires;
340;BACS BANCO DE CREDITO Y SECURITIZACION S.A.;2026-06-29;CERTIFICADO DE PLAZO FIJO TRANSFERIBLE;PF TRANSFERIBLE;Pesos;1000;30 días;Electrónico;21,94;Todo el territorio nacional;EL PRODUCTO SE OFRECE UNICAMENTE A PERSONAS JURIDICAS Y NO ES PRECANCELABLE
340;BACS BANCO DE CREDITO Y SECURITIZACION S.A.;2026-06-29;DEPOSITO A PLAZO CON ACREDITACION EN CUENTA;PF CON ACREDIT EN CTA;Pesos;1000;30 días;Electrónico;21,94;Todo el territorio nacional;INTRANSFERIBLE Y NO PRECANCELABLE EL PRODUCTO ES OFRECIDO A PERSONAS JURIDICAS
340;BACS BANCO DE CREDITO Y SECURITIZACION S.A.;2026-06-29;DEPOSITO A PLAZO FIJO EN USD;PF USD;Dólares estadounidenses;1000;30 días;Electrónico;,50;Todo el territorio nacional;EL PRODUCTO SE OFRECE UNICAMENTE A PERSONAS JURIDICAS Y NO ES PRECANCELABLE
340;BACS BANCO DE CREDITO Y SECURITIZACION S.A.;2026-06-29;INVERSIONES A PLAZO FIJO TRANSFERIBLE PRE CANCELABLE A TASA FIJA;INV A PZO PRE CANC TF;Pesos;1000;180 días;Electrónico;16,08;Todo el territorio nacional;EL PRODUCTO SE OFRECE UNICAMENTE A PERSONAS JURIDICAS Y ES PRECANCELABLE
340;BACS BANCO DE CREDITO Y SECURITIZACION S.A.;2026-06-29;PLAZO FIJO DE TITULOS VALORES PUBLICOS NACIONALES;PLAZO FIJO DE TITULOS;Otra;1;Todos los plazos;Electrónico;1,00;Todo el territorio nacional;INTRANSFERIBLE EL PRODUCTO SE OFRECE UNICAMENTE A PERSONAS JURIDICAS EMISION CON CERTIFICADO
341;BANCO MASVENTAS S.A.;2026-06-05;000DPLAZOFIJOPRECANCELABLEUVA;PFPRCUVA;UVA;1000;90 días;Todos los canales;1,00;Provincia de Jujuy;000A
341;BANCO MASVENTAS S.A.;2026-06-05;000DTRANSFERIBLE EFECTIVO;PFT;Dólares estadounidenses;100;30 días;Ventanilla de sucursal;,01;Provincia de Jujuy;000A
341;BANCO MASVENTAS S.A.;2026-06-05;INTRANSFERIBLESPORATM/HBHASTA10000000;INTRANSPORATM/HBH10000000;Pesos;1000;30 días;Electrónico;23,15;Todo el territorio nacional;
341;BANCO MASVENTAS S.A.;2026-06-05;000DINTRANSFERIBLEC/ACREDCTAVTOHASTA10000000;PFIACREDCTAH10M;Pesos;1000;30 días;Ventanilla de sucursal;23,15;Provincia de Jujuy;000A
341;BANCO MASVENTAS S.A.;2026-06-05;000DINSTRANSFERIBLEEFECTIVOPHYPJ;PFIPHYPJ;Pesos;1000;30 días;Ventanilla de sucursal;18,39;Provincia de Jujuy;000A
341;BANCO MASVENTAS S.A.;2026-06-05;000DTRANSFERIBLEEFECTIVOPHUMANAYPJURIDICAS;PFTPHYPJ;Pesos;1000;30 días;Ventanilla de sucursal;18,39;Provincia de Jujuy;000A
341;BANCO MASVENTAS S.A.;2026-06-05;000DPLAZOFIJOWEBBMVREQUIRENTEINTRANSF;PFWBMVREQINTRANS;Pesos;1000000;30 días;Electrónico;20,75;Todo el territorio nacional;000A
341;BANCO MASVENTAS S.A.;2026-06-05;INTRANSFERIBLESPORATM/HBHASTA10000000;INTRANPORATM/HBH10000000;Pesos;1000;30 días;Electrónico;23,15;Provincia de Salta;
341;BANCO MASVENTAS S.A.;2026-06-05;INTRANSFERIBLESPORATM/HBHASTA10000000;INTRANPORATM/HBH10000000;Pesos;1000;30 días;Electrónico;23,15;Provincia de Jujuy;000A
341;BANCO MASVENTAS S.A.;2026-06-05;000DINSTRANSFERIBLEEFECTIVO;PFI;Dólares estadounidenses;100;30 días;Ventanilla de sucursal;,01;Provincia de Jujuy;000A
341;BANCO MASVENTAS S.A.;2026-06-05;000DPLAZOFIJOPRECANCELABLEUVA;PFPRCUVA;UVA;1000;90 días;Todos los canales;1,00;Provincia de Salta;000A
341;BANCO MASVENTAS S.A.;2026-06-05;000DPLAZOFIJOPRECANCELABLEUVA;PFPRCUVA;UVA;1000;90 días;Todos los canales;1,00;Todo el territorio nacional;000A
341;BANCO MASVENTAS S.A.;2026-06-05;000DTRANSFERIBLEEFECTIVOPHUMANAYPJURIDICAS;PFTPHYPJ;Pesos;1000;30 días;Ventanilla de sucursal;18,39;Provincia de Salta;000A
341;BANCO MASVENTAS S.A.;2026-06-05;000DPLAZOFIJODOLARES;PFDOLARES;Dólares estadounidenses;100;30 días;Electrónico;,01;Todo el territorio nacional;000A
341;BANCO MASVENTAS S.A.;2026-06-05;000DINSTRANSFERIBLEEFECTIVOPHYPJ;PFIPHYPJ;Pesos;1000;30 días;Ventanilla de sucursal;18,39;Provincia de Salta;000A
341;BANCO MASVENTAS S.A.;2026-06-05;000DTRANSFERIBLE EFECTIVO;PFT;Dólares estadounidenses;100;30 días;Ventanilla de sucursal;,01;Provincia de Salta;0000A
341;BANCO MASVENTAS S.A.;2026-06-05;000DINSTRANSFERIBLEEFECTIVO;PFI;Dólares estadounidenses;100;30 días;Ventanilla de sucursal;,01;Provincia de Salta;000A
341;BANCO MASVENTAS S.A.;2026-06-05;000DPLAZOFIJOPESOSPRECANCELABLE;PFPPRECANC;Pesos;1000;90 días;Electrónico;22,72;Todo el territorio nacional;000A
341;BANCO MASVENTAS S.A.;2026-06-05;000DINTRANSFERIBLEC/ACREDCTAVTOHASTA10000000;PFIACREDCTAH10M;Pesos;1000;30 días;Ventanilla de sucursal;23,15;Provincia de Salta;000A
384;UALA BANK S.A.U.;2026-06-30;PLAZO FIJO TRADICIONAL;PF TRADICIONAL;Pesos;1000;30 días;Home banking;20,75;Todo el territorio nacional;
384;UALA BANK S.A.U.;2026-06-30;PLAZO FIJO TRADICIONAL;PF TRADICIONAL;Pesos;1000;360 días o más;Home banking;27,00;Todo el territorio nacional;
384;UALA BANK S.A.U.;2026-06-30;PLAZO FIJO PPJJ;PF PPJJ;Pesos;1000;30 días;Home banking;21,94;Todo el territorio nacional;
384;UALA BANK S.A.U.;2026-06-30;PLAZO FIJO TRADICIONAL;PF TRADICIONAL;Pesos;1000;180 días;Home banking;24,34;Todo el territorio nacional;
384;UALA BANK S.A.U.;2026-06-30;PLAZO FIJO TRADICIONAL;PF TRADICIONAL;Pesos;1000;90 días;Home banking;22,72;Todo el territorio nacional;
384;UALA BANK S.A.U.;2026-06-30;PLAZO FIJO TRADICIONAL;PF TRADICIONAL;Pesos;1000;60 días;Home banking;21,75;Todo el territorio nacional;
384;UALA BANK S.A.U.;2026-06-30;PLAZO FIJO PRECANCELABLE PPJJ;PF PRECANCELABLE PPJJ;Pesos;1000;180 días;Home banking;15,57;Todo el territorio nacional;
386;NUEVO BANCO DE ENTRE RÍOS S.A.;2026-06-05;PLAZO FIJO UVA PRECANCELABLE;PLAZO FIJO UVA PRECANCELA;UVA;25000;180 días;Ventanilla de sucursal;2,01;Todo el territorio nacional;-.-
386;NUEVO BANCO DE ENTRE RÍOS S.A.;2026-06-05;PLAZO FIJO UVA PRECANCELABLE;PLAZO FIJO UVA PRECANCELA;UVA;25000;90 días;Ventanilla de sucursal;1,00;Todo el territorio nacional;-.-
386;NUEVO BANCO DE ENTRE RÍOS S.A.;2026-06-05;PLAZO FIJO TRADICIONAL;PLAZO FIJO TRADICIONAL;Pesos;5000;90 días;Home banking;18,69;Todo el territorio nacional;-.-
386;NUEVO BANCO DE ENTRE RÍOS S.A.;2026-06-05;PLAZO FIJO UVA PRECANCELABLE;PLAZO FIJO UVA PRECANCELA;UVA;25000;90 días;Home banking;1,00;Todo el territorio nacional;-.-
386;NUEVO BANCO DE ENTRE RÍOS S.A.;2026-06-05;PLAZO FIJO TRADICIONAL;PLAZO FIJO TRADICIONAL;Pesos;5000;30 días;Home banking;18,98;Todo el territorio nacional;-.-
386;NUEVO BANCO DE ENTRE RÍOS S.A.;2026-06-05;PLAZO FIJO UVA PRECANCELABLE;PLAZO FIJO UVA PRECANCELA;UVA;25000;180 días;Home banking;2,01;Todo el territorio nacional;-.-
389;BANCO COLUMBIA S.A.;2026-06-29;PLAZO FIJO UVA PRECANCELABLE;PF UVA;UVA;1000;90 días;Home banking;1,00;Todo el territorio nacional;
389;BANCO COLUMBIA S.A.;2026-06-29;PLAZO FIJO TRADICIONAL EN PESOS;PF TRAD PESOS;Pesos;1000;90 días;Ventanilla de sucursal;18,12;Todo el territorio nacional;
389;BANCO COLUMBIA S.A.;2026-06-29;PLAZO FIJO TRADICIONAL EN PESOS;PF TRAD PESOS;Pesos;1000;30 días;Home banking;24,36;Todo el territorio nacional;
389;BANCO COLUMBIA S.A.;2026-06-29;PLAZO FIJO TRADICIONAL EN PESOS;PF TRAD PESOS;Pesos;1000;90 días;Home banking;21,56;Todo el territorio nacional;
389;BANCO COLUMBIA S.A.;2026-06-29;PLAZO FIJO TRADICIONAL EN PESOS;PF TRAD PESOS;Pesos;1000;30 días;Cajero automático;24,36;Todo el territorio nacional;
389;BANCO COLUMBIA S.A.;2026-06-29;PLAZO FIJO TRADICIONAL EN PESOS;PF TRAD PESOS;Pesos;1000;30 días;Ventanilla de sucursal;18,39;Todo el territorio nacional;
389;BANCO COLUMBIA S.A.;2026-06-29;PLAZO FIJO EN DOLARES;PF DOLARES;Dólares estadounidenses;1000;Todos los plazos;Ventanilla de sucursal;,10;Todo el territorio nacional;
389;BANCO COLUMBIA S.A.;2026-06-29;PLAZO FIJO UVA PRECANCELABLE;PF UVA;UVA;1000;90 días;Cajero automático;1,00;Todo el territorio nacional;
389;BANCO COLUMBIA S.A.;2026-06-29;PLAZO FIJO EN DOLARES;PF DOLARES;Dólares estadounidenses;1000;Todos los plazos;Cajero automático;1,76;Todo el territorio nacional;
389;BANCO COLUMBIA S.A.;2026-06-29;PLAZO FIJO UVA PRECANCELABLE;PF UVA;UVA;1000;90 días;Ventanilla de sucursal;1,00;Todo el territorio nacional;
389;BANCO COLUMBIA S.A.;2026-06-29;PLAZO FIJO EN DOLARES;PF DOLARES;Dólares estadounidenses;1000;Todos los plazos;Home banking;1,76;Todo el territorio nacional;
389;BANCO COLUMBIA S.A.;2026-06-29;PLAZO FIJO TRADICIONAL EN PESOS;PF TRAD PESOS;Pesos;1000;90 días;Cajero automático;21,56;Todo el territorio nacional;
389;BANCO COLUMBIA S.A.;2026-06-29;PLAZO FIJO EN EUROS;PF EURO;Euros;1000;Todos los plazos;Ventanilla de sucursal;,10;Todo el territorio nacional;
426;BANCO BICA S.A.;2026-06-22;PLAZO FIJO CON PAGO PERIODICO DE INTERESES;PF PAGO PERIODICO INT;Pesos;1000;60 días;Ventanilla de sucursal;16,65;Todo el territorio nacional;
426;BANCO BICA S.A.;2026-06-22;PLAZO FIJO UVA PRECANCELABLE AJUSTABLE POR CER;PF UVA PRECANCELABLE;UVA;1000;180 días;Home banking;1,00;Todo el territorio nacional;TEA PRECANCELACION 10,47
426;BANCO BICA S.A.;2026-06-22;PLAZO FIJO PRECANCELABLE EN PESOS SECTOR PRIVADO;PF PRECANCELABLE SP;Pesos;100000;180 días;Ventanilla de sucursal;17,11;Todo el territorio nacional;
426;BANCO BICA S.A.;2026-06-22;PLAZO FIJO UVA PRECANCELABLE AJUSTABLE POR CER;PF UVA PRECANCELABLE;UVA;1000;180 días;Ventanilla de sucursal;1,00;Todo el territorio nacional;TEA PRECANCELACION 10,47
426;BANCO BICA S.A.;2026-06-22;PLAZO FIJO EN PESOS TRANSFERIBLE E INSTRANFERIBLE;PF TRANSF E INSTRANF;Pesos;1000;30 días;Ventanilla de sucursal;24,36;Todo el territorio nacional;
426;BANCO BICA S.A.;2026-06-22;PLAZO FIJO EN PESOS HOMEBANKING WEB;PF HOME WEB PESOS;Pesos;1000;30 días;Home banking;24,36;Todo el territorio nacional;
426;BANCO BICA S.A.;2026-06-22;PLAZO FIJO EN PESOS TRANSFERIBLE E INSTRANFERIBLE;PF TRANSF E INSTRANF;Pesos;1000;30 días;Cajero automático;24,36;Todo el territorio nacional;
426;BANCO BICA S.A.;2026-06-22;PLAZO FIJO EN DOLARES HOMEBANKING WEB DESDE USD 100.000;PF HOME WEB DOLARES;Dólares estadounidenses;100000;30 días;Home banking;2,02;Todo el territorio nacional;
426;BANCO BICA S.A.;2026-06-22;PLAZO FIJO EN DOLARES HOMEBANKING WEB HASTA USD 99.999;PF HOME WEB DOLARES;Dólares estadounidenses;500;30 días;Home banking;2,02;Todo el territorio nacional;
426;BANCO BICA S.A.;2026-06-22;PLAZO FIJO EN PESOS WEB -NO CLIENTES-;PF NO CLIENTES;Pesos;1000;30 días;Electrónico;24,36;Todo el territorio nacional;
426;BANCO BICA S.A.;2026-06-22;PLAZO FIJO EN DOLARES DESDE USD 100.000;PF DOLAR;Dólares estadounidenses;100000;30 días;Ventanilla de sucursal;2,02;Todo el territorio nacional;
426;BANCO BICA S.A.;2026-06-22;PLAZO FIJO EN DOLARES HASTA USD 99.999;PF DOLAR;Dólares estadounidenses;500;30 días;Ventanilla de sucursal;2,02;Todo el territorio nacional;
431;BANCO COINAG S.A.;2026-06-30;PLAZO FIJO SOSTENIBLE EN PESOS HASTA 100 M;PF SOST PESOS HASTA 100 M;Pesos;50000001;30 días;Ventanilla de sucursal;21,94;Todo el territorio nacional;
431;BANCO COINAG S.A.;2026-06-30;PLAZO FIJO EN PESOS HASTA 1 M;PF PESOS HASTA 1 M;Pesos;10000;30 días;Ventanilla de sucursal;19,56;Todo el territorio nacional;
431;BANCO COINAG S.A.;2026-06-30;PLAZO FIJO EN DOLARES 301D;PF DOLARES 301D;Dólares estadounidenses;100;30 días;Ventanilla de sucursal;4,07;Todo el territorio nacional;
431;BANCO COINAG S.A.;2026-06-30;PLAZO FIJO EN DOLARES 181D;PF DOLARES 181D;Dólares estadounidenses;100;30 días;Ventanilla de sucursal;3,56;Todo el territorio nacional;
431;BANCO COINAG S.A.;2026-06-30;PLAZO FIJO EN PESOS HASTA 1 M;PF PESOS HASTA 1 M;Pesos;10000;30 días;Home banking;24,36;Todo el territorio nacional;
431;BANCO COINAG S.A.;2026-06-30;PLAZO FIJO EN PESOS HASTA 50 M;PF PESOS HASTA 50 M;Pesos;10000001;30 días;Home banking;24,36;Todo el territorio nacional;
431;BANCO COINAG S.A.;2026-06-30;PLAZO FIJO EN DOLARES 30D;PF DOLARES 30D;Dólares estadounidenses;100;30 días;Home banking;3,04;Todo el territorio nacional;
431;BANCO COINAG S.A.;2026-06-30;PLAZO FIJO EN PESOS MAS DE 100 M;PF PESOSMAS DE 100 M;Pesos;100000000;30 días;Ventanilla de sucursal;24,36;Todo el territorio nacional;
431;BANCO COINAG S.A.;2026-06-30;PLAZO FIJO EN PESOS HASTA 10 M;PF PESOS HASTA 10 M;Pesos;1000001;30 días;Home banking;24,36;Todo el territorio nacional;
431;BANCO COINAG S.A.;2026-06-30;PLAZO FIJO PRECANCELABLE UVA;PF PRECANCELABLE UVA;UVA;1000;180 días;Ventanilla de sucursal;1,00;Todo el territorio nacional;
431;BANCO COINAG S.A.;2026-06-30;PLAZO FIJO SOSTENIBLE EN PESOS HASTA 1 M;PF SOST PESOS HASTA 1 M;Pesos;10000;30 días;Ventanilla de sucursal;18,39;Todo el territorio nacional;
431;BANCO COINAG S.A.;2026-06-30;PLAZO FIJO EN PESOS HASTA 50 M;PF PESOS HASTA 50 M;Pesos;10000001;30 días;Ventanilla de sucursal;21,94;Todo el territorio nacional;
431;BANCO COINAG S.A.;2026-06-30;PLAZO FIJO EN PESOSMAS DE 100 M;PF PESOSMAS DE 100 M;Pesos;100000000;30 días;Home banking;24,36;Todo el territorio nacional;
431;BANCO COINAG S.A.;2026-06-30;PLAZO FIJO EN PESOS HASTA 100 M;PF PESOS HASTA 100 M;Pesos;50000001;30 días;Home banking;24,36;Todo el territorio nacional;
431;BANCO COINAG S.A.;2026-06-30;PLAZO FIJO EN DOLARES 301D;PF DOLARES 301D;Dólares estadounidenses;100;30 días;Home banking;4,07;Todo el territorio nacional;
431;BANCO COINAG S.A.;2026-06-30;PLAZO FIJO SOSTENIBLE EN PESOS HASTA 50 M;PF SOST PESOS HASTA 50 M;Pesos;10000001;30 días;Ventanilla de sucursal;20,75;Todo el territorio nacional;
431;BANCO COINAG S.A.;2026-06-30;PLAZO FIJO EN PESOS HASTA 10 M;PF PESOS HASTA 10 M;Pesos;1000001;30 días;Ventanilla de sucursal;20,75;Todo el territorio nacional;
431;BANCO COINAG S.A.;2026-06-30;PLAZO FIJO SOSTENIBLE EN PESOS HASTA 10 M;PF SOST PESOS HASTA 10 M;Pesos;1000001;30 días;Ventanilla de sucursal;19,56;Todo el territorio nacional;
431;BANCO COINAG S.A.;2026-06-30;PLAZO FIJO EN DOLARES 30D;PF DOLARES 30D;Dólares estadounidenses;100;30 días;Ventanilla de sucursal;3,04;Todo el territorio nacional;
431;BANCO COINAG S.A.;2026-06-30;PLAZO FIJO SOSTENIBLE EN PESOS MAS DE 100 M;PF SOST PESOSMAS DE 100 M;Pesos;100000000;30 días;Ventanilla de sucursal;23,15;Todo el territorio nacional;
431;BANCO COINAG S.A.;2026-06-30;PLAZO FIJO EN DOLARES 181D;PF DOLARES 181D;Dólares estadounidenses;100;30 días;Home banking;3,56;Todo el territorio nacional;
431;BANCO COINAG S.A.;2026-06-30;PLAZO FIJO EN PESOS HASTA 100 M;PF PESOS HASTA 100 M;Pesos;50000001;30 días;Ventanilla de sucursal;23,15;Todo el territorio nacional;
432;BANCO DE COMERCIO S.A.;2026-06-12;PLAZO FIJO;PLAZO FIJO PESOS;Pesos;3000;60 días;Ventanilla de sucursal;20,75;Ciudad Autónoma de Buenos Aires;
432;BANCO DE COMERCIO S.A.;2026-06-12;PLAZO FIJO;PLAZO FIJO PESOS;Pesos;3000;30 días;Ventanilla de sucursal;20,75;Ciudad Autónoma de Buenos Aires;
432;BANCO DE COMERCIO S.A.;2026-06-12;PLAZO FIJO;PLAZO FIJO TITULOS;Otra;3000;Todos los plazos;Ventanilla de sucursal;1,00;Ciudad Autónoma de Buenos Aires;
432;BANCO DE COMERCIO S.A.;2026-06-12;PLAZO FIJO;PLAZO FIJO PESOS;Pesos;3000;90 días;Ventanilla de sucursal;20,75;Ciudad Autónoma de Buenos Aires;
432;BANCO DE COMERCIO S.A.;2026-06-12;PLAZO FIJO;PLAZO FIJO DOLAR;Dólares estadounidenses;1000;Todos los plazos;Ventanilla de sucursal;,50;Ciudad Autónoma de Buenos Aires;
435;BANCO SUCREDITO REGIONAL S.A.U.;2026-06-30;PLAZO FIJO 160 DIAS;PF90;Pesos;1000;90 días;Todos los canales;23,93;Todo el territorio nacional;
435;BANCO SUCREDITO REGIONAL S.A.U.;2026-06-30;PLAZO FIJO 36 DIAS;PF30;Pesos;1000;30 días;Todos los canales;23,71;Provincia de Tucumán;
435;BANCO SUCREDITO REGIONAL S.A.U.;2026-06-30;PLAZO FIJO 180 DIAS;PF180;Pesos;1000;180 días;Todos los canales;23,78;Provincia de Tucumán;
435;BANCO SUCREDITO REGIONAL S.A.U.;2026-06-30;PLAZO FIJO 120 DIAS;PF90;Pesos;1000;90 días;Todos los canales;24,24;Provincia de Tucumán;
435;BANCO SUCREDITO REGIONAL S.A.U.;2026-06-30;PLAZO FIJO 45 DIAS;PF30;Pesos;1000;30 días;Todos los canales;23,64;Provincia de Tucumán;
435;BANCO SUCREDITO REGIONAL S.A.U.;2026-06-30;PLAZO FIJO 90 DIAS;PF90;Pesos;1000;90 días;Todos los canales;23,89;Provincia de Tucumán;
435;BANCO SUCREDITO REGIONAL S.A.U.;2026-06-30;PLAZO FIJO 60 DIAS;PF60;Pesos;1000;60 días;Todos los canales;23,53;Provincia de Tucumán;
435;BANCO SUCREDITO REGIONAL S.A.U.;2026-06-30;PLAZO FIJO 30 DIAS;PF30;Pesos;1000;30 días;Todos los canales;23,75;Provincia de Tucumán;
435;BANCO SUCREDITO REGIONAL S.A.U.;2026-06-30;PLAZO FIJO 360 DIAS;PF360;Pesos;1000;360 días o más;Todos los canales;22,50;Provincia de Tucumán;
435;BANCO SUCREDITO REGIONAL S.A.U.;2026-06-30;PLAZO FIJO 160 DIAS;PF90;Pesos;1000;90 días;Todos los canales;23,93;Provincia de Tucumán;
435;BANCO SUCREDITO REGIONAL S.A.U.;2026-06-30;PLAZO FIJO 60 DIAS;PF60;Pesos;1000;60 días;Todos los canales;23,53;Todo el territorio nacional;
435;BANCO SUCREDITO REGIONAL S.A.U.;2026-06-30;PLAZO FIJO 36 DIAS;PF30;Pesos;1000;30 días;Todos los canales;23,71;Todo el territorio nacional;
435;BANCO SUCREDITO REGIONAL S.A.U.;2026-06-30;PLAZO FIJO 90 DIAS;PF90;Pesos;1000;90 días;Todos los canales;23,89;Todo el territorio nacional;
435;BANCO SUCREDITO REGIONAL S.A.U.;2026-06-30;PLAZO FIJO 45 DIAS;PF30;Pesos;1000;30 días;Todos los canales;23,64;Todo el territorio nacional;
435;BANCO SUCREDITO REGIONAL S.A.U.;2026-06-30;PLAZO FIJO 180 DIAS;PF180;Pesos;1000;180 días;Todos los canales;23,78;Todo el territorio nacional;
435;BANCO SUCREDITO REGIONAL S.A.U.;2026-06-30;PLAZO FIJO 120 DIAS;PF90;Pesos;1000;90 días;Todos los canales;24,24;Todo el territorio nacional;
435;BANCO SUCREDITO REGIONAL S.A.U.;2026-06-30;PLAZO FIJO 360 DIAS;PF360;Pesos;1000;360 días o más;Todos los canales;22,50;Todo el territorio nacional;
435;BANCO SUCREDITO REGIONAL S.A.U.;2026-06-30;PLAZO FIJO 30 DIAS;PF30;Pesos;1000;30 días;Todos los canales;23,75;Todo el territorio nacional;
448;BANCO DINO S.A.;2026-06-30;P FIJO INTRANSFERIBLE UVA;P FIJO INTRANSFERIBLE UVA;UVA;1000;180 días;Ventanilla de sucursal;1,51;Provincia de Córdoba;
448;BANCO DINO S.A.;2026-06-30;PLAZO FIJO INTRANSFERIBLE;PLAZO FIJO INTRANSFERIBLE;Pesos;1000;90 días;Ventanilla de sucursal;16,99;Provincia de Córdoba;
448;BANCO DINO S.A.;2026-06-30;PLAZO FIJO INTRANSFERIBLE;PLAZO FIJO INTRANSFERIBLE;Pesos;1000;30 días;Ventanilla de sucursal;21,94;Provincia de Córdoba;
448;BANCO DINO S.A.;2026-06-30;P FIJO INTRANSFERIBLE UVA;P FIJO INTRANSFERIBLE UVA;UVA;1000;90 días;Ventanilla de sucursal;1,51;Provincia de Córdoba;
44077;COMPAÑIA FINANCIERA ARGENTINA S.A.;2026-04-01;PLAZOS FIJOS DE PAQUETE PREVISIONAL USD;PF PAQ PREVISIONAL;Dólares estadounidenses;50;90 días;Línea telefónica;,55;Todo el territorio nacional;DESTINADO A PERSONAS FISICAS QUE ESTEN ADHERIDAS AL PAQUETE PREVISIONAL
44077;COMPAÑIA FINANCIERA ARGENTINA S.A.;2026-04-01;PLAZOS FIJOS;PLAZOS FIJOS;Pesos;10000;60 días;Ventanilla de sucursal;22,54;Todo el territorio nacional;DESTINADO A PERSONAS FISICAS
44077;COMPAÑIA FINANCIERA ARGENTINA S.A.;2026-04-01;PLAZO FIJO PRECANCELABLE UVA;PF PRECANCELABLE UVA;Pesos;10000;360 días o más;Ventanilla de sucursal;,00;Todo el territorio nacional;DESTINADO A PERSONAS FISICAS
44077;COMPAÑIA FINANCIERA ARGENTINA S.A.;2026-04-01;PLAZOS FIJOS USD;PLAZOS FIJOS;Dólares estadounidenses;50;360 días o más;Ventanilla de sucursal;1,00;Todo el territorio nacional;DESTINADO A PERSONAS FISICAS
44077;COMPAÑIA FINANCIERA ARGENTINA S.A.;2026-04-01;PLAZOS FIJOS ALTOS MONTOS  USD;PF ALTOS MONTOS;Dólares estadounidenses;2000;90 días;Ventanilla de sucursal;,50;Todo el territorio nacional;DESTINADO A PERSONAS FISICAS QUE DESEEN REALIZAR UN INVERSION IGUAL O MAYOR A USD 2000
44077;COMPAÑIA FINANCIERA ARGENTINA S.A.;2026-04-01;PLAZOS FIJOS ALTOS MONTOS  USD;PF ALTOS MONTOS;Dólares estadounidenses;2000;30 días;Ventanilla de sucursal;,20;Todo el territorio nacional;DESTINADO A PERSONAS FISICAS QUE DESEEN REALIZAR UN INVERSION IGUAL O MAYOR A USD 2000
44077;COMPAÑIA FINANCIERA ARGENTINA S.A.;2026-04-01;PLAZOS FIJOS DE PAQUETE PREVISIONAL;PF PAQ PREVISIONAL;Pesos;10000;360 días o más;Línea telefónica;24,98;Todo el territorio nacional;DESTINADO A PERSONAS FISICAS QUE ESTEN ADHERIDAS AL PAQUETE PREVISIONAL
44077;COMPAÑIA FINANCIERA ARGENTINA S.A.;2026-04-01;PLAZOS FIJOS DE PAQUETE PREVISIONAL;PF PAQ PREVISIONAL;Pesos;10000;90 días;Línea telefónica;24,98;Todo el territorio nacional;DESTINADO A PERSONAS FISICAS QUE ESTEN ADHERIDAS AL PAQUETE PREVISIONAL
44077;COMPAÑIA FINANCIERA ARGENTINA S.A.;2026-04-01;PLAZOS FIJOS DE PAQUETE PREVISIONAL;PF PAQ PREVISIONAL;Pesos;10000;180 días;Ventanilla de sucursal;24,98;Todo el territorio nacional;DESTINADO A PERSONAS FISICAS QUE ESTEN ADHERIDAS AL PAQUETE PREVISIONAL
44077;COMPAÑIA FINANCIERA ARGENTINA S.A.;2026-04-01;PLAZOS FIJOS ALTOS MONTOS;PF ALTOS MONTOS;Pesos;5000000;180 días;Ventanilla de sucursal;26,20;Todo el territorio nacional;DESTINADO A PERSONAS FISICAS QUE DESEEN REALIZAR UN INVERSION IGUAL O MAYOR A 300000
44077;COMPAÑIA FINANCIERA ARGENTINA S.A.;2026-04-01;PLAZOS FIJOS DE PAQUETE PREVISIONAL USD;PF PAQ PREVISIONAL;Dólares estadounidenses;50;180 días;Ventanilla de sucursal;,95;Todo el territorio nacional;DESTINADO A PERSONAS FISICAS QUE ESTEN ADHERIDAS AL PAQUETE PREVISIONAL
44077;COMPAÑIA FINANCIERA ARGENTINA S.A.;2026-04-01;PLAZOS FIJOS ALTOS MONTOS  USD;PF ALTOS MONTOS;Dólares estadounidenses;2000;360 días o más;Ventanilla de sucursal;1,00;Todo el territorio nacional;DESTINADO A PERSONAS FISICAS QUE DESEEN REALIZAR UN INVERSION IGUAL O MAYOR A USD 2000
44077;COMPAÑIA FINANCIERA ARGENTINA S.A.;2026-04-01;PLAZOS FIJOS ALTOS MONTOS  USD;PF ALTOS MONTOS;Dólares estadounidenses;2000;180 días;Línea telefónica;,90;Todo el territorio nacional;DESTINADO A PERSONAS FISICAS QUE DESEEN REALIZAR UN INVERSION IGUAL O MAYOR A USD 2000
44077;COMPAÑIA FINANCIERA ARGENTINA S.A.;2026-04-01;PLAZOS FIJOS USD;PLAZOS FIJOS;Dólares estadounidenses;50;30 días;Ventanilla de sucursal;,20;Todo el territorio nacional;DESTINADO A PERSONAS FISICAS
44077;COMPAÑIA FINANCIERA ARGENTINA S.A.;2026-04-01;PLAZOS FIJOS ALTOS MONTOS  USD;PF ALTOS MONTOS;Dólares estadounidenses;2000;60 días;Línea telefónica;,35;Todo el territorio nacional;DESTINADO A PERSONAS FISICAS QUE DESEEN REALIZAR UN INVERSION IGUAL O MAYOR A USD 2000
44077;COMPAÑIA FINANCIERA ARGENTINA S.A.;2026-04-01;PLAZOS FIJOS ALTOS MONTOS;PF ALTOS MONTOS;Pesos;5000000;30 días;Ventanilla de sucursal;26,20;Todo el territorio nacional;DESTINADO A PERSONAS FISICAS QUE DESEEN REALIZAR UN INVERSION IGUAL O MAYOR A 300000
44077;COMPAÑIA FINANCIERA ARGENTINA S.A.;2026-04-01;PLAZOS FIJOS USD;PLAZOS FIJOS;Dólares estadounidenses;50;90 días;Ventanilla de sucursal;,50;Todo el territorio nacional;DESTINADO A PERSONAS FISICAS
44077;COMPAÑIA FINANCIERA ARGENTINA S.A.;2026-04-01;PLAZOS FIJOS USD;PLAZOS FIJOS;Dólares estadounidenses;50;30 días;Línea telefónica;,20;Todo el territorio nacional;DESTINADO A PERSONAS FISICAS
44077;COMPAÑIA FINANCIERA ARGENTINA S.A.;2026-04-01;PLAZOS FIJOS DE PAQUETE PREVISIONAL USD;PF PAQ PREVISIONAL;Dólares estadounidenses;50;90 días;Ventanilla de sucursal;,55;Todo el territorio nacional;DESTINADO A PERSONAS FISICAS QUE ESTEN ADHERIDAS AL PAQUETE PREVISIONAL
44077;COMPAÑIA FINANCIERA ARGENTINA S.A.;2026-04-01;PLAZOS FIJOS DE PAQUETE PREVISIONAL;PF PAQ PREVISIONAL;Pesos;10000;180 días;Línea telefónica;24,98;Todo el territorio nacional;DESTINADO A PERSONAS FISICAS QUE ESTEN ADHERIDAS AL PAQUETE PREVISIONAL
44077;COMPAÑIA FINANCIERA ARGENTINA S.A.;2026-04-01;PLAZOS FIJOS ALTOS MONTOS  USD;PF ALTOS MONTOS;Dólares estadounidenses;2000;90 días;Línea telefónica;,50;Todo el territorio nacional;DESTINADO A PERSONAS FISICAS QUE DESEEN REALIZAR UN INVERSION IGUAL O MAYOR A USD 2000
44077;COMPAÑIA FINANCIERA ARGENTINA S.A.;2026-04-01;PLAZOS FIJOS;PLAZOS FIJOS;Pesos;10000;30 días;Línea telefónica;22,54;Todo el territorio nacional;DESTINADO A PERSONAS FISICAS
44077;COMPAÑIA FINANCIERA ARGENTINA S.A.;2026-04-01;PLAZOS FIJOS DE PAQUETE PREVISIONAL;PF PAQ PREVISIONAL;Pesos;10000;360 días o más;Ventanilla de sucursal;24,98;Todo el territorio nacional;DESTINADO A PERSONAS FISICAS QUE ESTEN ADHERIDAS AL PAQUETE PREVISIONAL
44077;COMPAÑIA FINANCIERA ARGENTINA S.A.;2026-04-01;PLAZOS FIJOS ALTOS MONTOS  USD;PF ALTOS MONTOS;Dólares estadounidenses;2000;360 días o más;Línea telefónica;1,00;Todo el territorio nacional;DESTINADO A PERSONAS FISICAS QUE DESEEN REALIZAR UN INVERSION IGUAL O MAYOR A USD 2000
44077;COMPAÑIA FINANCIERA ARGENTINA S.A.;2026-04-01;PLAZOS FIJOS DE PAQUETE PREVISIONAL USD;PF PAQ PREVISIONAL;Dólares estadounidenses;50;60 días;Línea telefónica;,40;Todo el territorio nacional;DESTINADO A PERSONAS FISICAS QUE ESTEN ADHERIDAS AL PAQUETE PREVISIONAL
44077;COMPAÑIA FINANCIERA ARGENTINA S.A.;2026-04-01;PLAZOS FIJOS USD;PLAZOS FIJOS;Dólares estadounidenses;50;90 días;Línea telefónica;,50;Todo el territorio nacional;DESTINADO A PERSONAS FISICAS
44077;COMPAÑIA FINANCIERA ARGENTINA S.A.;2026-04-01;PLAZOS FIJOS DE PAQUETE PREVISIONAL USD;PF PAQ PREVISIONAL;Dólares estadounidenses;50;30 días;Línea telefónica;,25;Todo el territorio nacional;DESTINADO A PERSONAS FISICAS QUE ESTEN ADHERIDAS AL PAQUETE PREVISIONAL
44077;COMPAÑIA FINANCIERA ARGENTINA S.A.;2026-04-01;PLAZOS FIJOS DE PAQUETE PREVISIONAL;PF PAQ PREVISIONAL;Pesos;10000;90 días;Ventanilla de sucursal;24,98;Todo el territorio nacional;DESTINADO A PERSONAS FISICAS QUE ESTEN ADHERIDAS AL PAQUETE PREVISIONAL
44077;COMPAÑIA FINANCIERA ARGENTINA S.A.;2026-04-01;PLAZOS FIJOS ALTOS MONTOS  USD;PF ALTOS MONTOS;Dólares estadounidenses;2000;30 días;Línea telefónica;,20;Todo el territorio nacional;DESTINADO A PERSONAS FISICAS QUE DESEEN REALIZAR UN INVERSION IGUAL O MAYOR A USD 2000
44077;COMPAÑIA FINANCIERA ARGENTINA S.A.;2026-04-01;PLAZOS FIJOS;PLAZOS FIJOS;Pesos;10000;60 días;Línea telefónica;22,54;Todo el territorio nacional;DESTINADO A PERSONAS FISICAS
44077;COMPAÑIA FINANCIERA ARGENTINA S.A.;2026-04-01;PLAZOS FIJOS USD;PLAZOS FIJOS;Dólares estadounidenses;50;360 días o más;Línea telefónica;1,00;Todo el territorio nacional;DESTINADO A PERSONAS FISICAS
44077;COMPAÑIA FINANCIERA ARGENTINA S.A.;2026-04-01;PLAZOS FIJOS USD;PLAZOS FIJOS;Dólares estadounidenses;50;180 días;Línea telefónica;,90;Todo el territorio nacional;DESTINADO A PERSONAS FISICAS
44077;COMPAÑIA FINANCIERA ARGENTINA S.A.;2026-04-01;PLAZOS FIJOS USD;PLAZOS FIJOS;Dólares estadounidenses;50;60 días;Ventanilla de sucursal;,35;Todo el territorio nacional;DESTINADO A PERSONAS FISICAS
44077;COMPAÑIA FINANCIERA ARGENTINA S.A.;2026-04-01;PLAZOS FIJOS ALTOS MONTOS  USD;PF ALTOS MONTOS;Dólares estadounidenses;2000;180 días;Ventanilla de sucursal;,90;Todo el territorio nacional;DESTINADO A PERSONAS FISICAS QUE DESEEN REALIZAR UN INVERSION IGUAL O MAYOR A USD 2000
44077;COMPAÑIA FINANCIERA ARGENTINA S.A.;2026-04-01;PLAZOS FIJOS;PLAZOS FIJOS;Pesos;10000;180 días;Línea telefónica;22,54;Todo el territorio nacional;DESTINADO A PERSONAS FISICAS
44077;COMPAÑIA FINANCIERA ARGENTINA S.A.;2026-04-01;PLAZOS FIJOS DE PAQUETE PREVISIONAL USD;PF PAQ PREVISIONAL;Dólares estadounidenses;50;360 días o más;Ventanilla de sucursal;1,05;Todo el territorio nacional;DESTINADO A PERSONAS FISICAS QUE ESTEN ADHERIDAS AL PAQUETE PREVISIONAL
44077;COMPAÑIA FINANCIERA ARGENTINA S.A.;2026-04-01;PLAZOS FIJOS DE PAQUETE PREVISIONAL USD;PF PAQ PREVISIONAL;Dólares estadounidenses;50;360 días o más;Línea telefónica;1,05;Todo el territorio nacional;DESTINADO A PERSONAS FISICAS QUE ESTEN ADHERIDAS AL PAQUETE PREVISIONAL
44077;COMPAÑIA FINANCIERA ARGENTINA S.A.;2026-04-01;PLAZOS FIJOS ALTOS MONTOS;PF ALTOS MONTOS;Pesos;5000000;180 días;Línea telefónica;26,20;Todo el territorio nacional;DESTINADO A PERSONAS FISICAS QUE DESEEN REALIZAR UN INVERSION IGUAL O MAYOR A 300000
44077;COMPAÑIA FINANCIERA ARGENTINA S.A.;2026-04-01;PLAZOS FIJOS DE PAQUETE PREVISIONAL USD;PF PAQ PREVISIONAL;Dólares estadounidenses;50;30 días;Ventanilla de sucursal;,25;Todo el territorio nacional;DESTINADO A PERSONAS FISICAS QUE ESTEN ADHERIDAS AL PAQUETE PREVISIONAL
44077;COMPAÑIA FINANCIERA ARGENTINA S.A.;2026-04-01;PLAZOS FIJOS DE PAQUETE PREVISIONAL;PF PAQ PREVISIONAL;Pesos;10000;30 días;Línea telefónica;24,98;Todo el territorio nacional;DESTINADO A PERSONAS FISICAS QUE ESTEN ADHERIDAS AL PAQUETE PREVISIONAL
44077;COMPAÑIA FINANCIERA ARGENTINA S.A.;2026-04-01;PLAZOS FIJOS ALTOS MONTOS;PF ALTOS MONTOS;Pesos;5000000;360 días o más;Ventanilla de sucursal;26,20;Todo el territorio nacional;DESTINADO A PERSONAS FISICAS QUE DESEEN REALIZAR UN INVERSION IGUAL O MAYOR A 300000
44077;COMPAÑIA FINANCIERA ARGENTINA S.A.;2026-04-01;PLAZOS FIJOS;PLAZOS FIJOS;Pesos;10000;30 días;Ventanilla de sucursal;22,54;Todo el territorio nacional;DESTINADO A PERSONAS FISICAS
44077;COMPAÑIA FINANCIERA ARGENTINA S.A.;2026-04-01;PLAZOS FIJOS ALTOS MONTOS;PF ALTOS MONTOS;Pesos;5000000;60 días;Línea telefónica;26,20;Todo el territorio nacional;DESTINADO A PERSONAS FISICAS QUE DESEEN REALIZAR UN INVERSION IGUAL O MAYOR A 300000
44077;COMPAÑIA FINANCIERA ARGENTINA S.A.;2026-04-01;PLAZOS FIJOS DE PAQUETE PREVISIONAL USD;PF PAQ PREVISIONAL;Dólares estadounidenses;50;180 días;Línea telefónica;,95;Todo el territorio nacional;DESTINADO A PERSONAS FISICAS QUE ESTEN ADHERIDAS AL PAQUETE PREVISIONAL
44077;COMPAÑIA FINANCIERA ARGENTINA S.A.;2026-04-01;PLAZOS FIJOS;PLAZOS FIJOS;Pesos;10000;360 días o más;Línea telefónica;22,54;Todo el territorio nacional;DESTINADO A PERSONAS FISICAS
44077;COMPAÑIA FINANCIERA ARGENTINA S.A.;2026-04-01;PLAZOS FIJOS ALTOS MONTOS;PF ALTOS MONTOS;Pesos;5000000;60 días;Ventanilla de sucursal;26,20;Todo el territorio nacional;DESTINADO A PERSONAS FISICAS QUE DESEEN REALIZAR UN INVERSION IGUAL O MAYOR A 300000
44077;COMPAÑIA FINANCIERA ARGENTINA S.A.;2026-04-01;PLAZOS FIJOS USD;PLAZOS FIJOS;Dólares estadounidenses;50;180 días;Ventanilla de sucursal;,90;Todo el territorio nacional;DESTINADO A PERSONAS FISICAS
44077;COMPAÑIA FINANCIERA ARGENTINA S.A.;2026-04-01;PLAZOS FIJOS DE PAQUETE PREVISIONAL;PF PAQ PREVISIONAL;Pesos;10000;60 días;Línea telefónica;24,98;Todo el territorio nacional;DESTINADO A PERSONAS FISICAS QUE ESTEN ADHERIDAS AL PAQUETE PREVISIONAL
44077;COMPAÑIA FINANCIERA ARGENTINA S.A.;2026-04-01;PLAZO FIJO PRECANCELABLE UVA;PF PRECANCELABLE UVA;Pesos;10000;90 días;Línea telefónica;,00;Todo el territorio nacional;DESTINADO A PERSONAS FISICAS
44077;COMPAÑIA FINANCIERA ARGENTINA S.A.;2026-04-01;PLAZOS FIJOS ALTOS MONTOS;PF ALTOS MONTOS;Pesos;5000000;90 días;Línea telefónica;26,20;Todo el territorio nacional;DESTINADO A PERSONAS FISICAS QUE DESEEN REALIZAR UN INVERSION IGUAL O MAYOR A 300000
44077;COMPAÑIA FINANCIERA ARGENTINA S.A.;2026-04-01;PLAZOS FIJOS ALTOS MONTOS;PF ALTOS MONTOS;Pesos;5000000;30 días;Línea telefónica;26,20;Todo el territorio nacional;DESTINADO A PERSONAS FISICAS QUE DESEEN REALIZAR UN INVERSION IGUAL O MAYOR A 300000
44077;COMPAÑIA FINANCIERA ARGENTINA S.A.;2026-04-01;PLAZOS FIJOS DE PAQUETE PREVISIONAL;PF PAQ PREVISIONAL;Pesos;10000;60 días;Ventanilla de sucursal;24,98;Todo el territorio nacional;DESTINADO A PERSONAS FISICAS QUE ESTEN ADHERIDAS AL PAQUETE PREVISIONAL
44077;COMPAÑIA FINANCIERA ARGENTINA S.A.;2026-04-01;PLAZOS FIJOS;PLAZOS FIJOS;Pesos;10000;360 días o más;Ventanilla de sucursal;22,54;Todo el territorio nacional;DESTINADO A PERSONAS FISICAS
44077;COMPAÑIA FINANCIERA ARGENTINA S.A.;2026-04-01;PLAZOS FIJOS ALTOS MONTOS;PF ALTOS MONTOS;Pesos;5000000;90 días;Ventanilla de sucursal;26,20;Todo el territorio nacional;DESTINADO A PERSONAS FISICAS QUE DESEEN REALIZAR UN INVERSION IGUAL O MAYOR A 300000
44077;COMPAÑIA FINANCIERA ARGENTINA S.A.;2026-04-01;PLAZOS FIJOS USD;PLAZOS FIJOS;Dólares estadounidenses;50;60 días;Línea telefónica;,35;Todo el territorio nacional;DESTINADO A PERSONAS FISICAS
44077;COMPAÑIA FINANCIERA ARGENTINA S.A.;2026-04-01;PLAZOS FIJOS DE PAQUETE PREVISIONAL USD;PF PAQ PREVISIONAL;Dólares estadounidenses;50;60 días;Ventanilla de sucursal;,40;Todo el territorio nacional;DESTINADO A PERSONAS FISICAS QUE ESTEN ADHERIDAS AL PAQUETE PREVISIONAL
44077;COMPAÑIA FINANCIERA ARGENTINA S.A.;2026-04-01;PLAZOS FIJOS;PLAZOS FIJOS;Pesos;10000;90 días;Línea telefónica;22,54;Todo el territorio nacional;DESTINADO A PERSONAS FISICAS
44077;COMPAÑIA FINANCIERA ARGENTINA S.A.;2026-04-01;PLAZOS FIJOS;PLAZOS FIJOS;Pesos;10000;180 días;Ventanilla de sucursal;22,54;Todo el territorio nacional;DESTINADO A PERSONAS FISICAS
44077;COMPAÑIA FINANCIERA ARGENTINA S.A.;2026-04-01;PLAZOS FIJOS ALTOS MONTOS  USD;PF ALTOS MONTOS;Dólares estadounidenses;2000;60 días;Ventanilla de sucursal;,35;Todo el territorio nacional;DESTINADO A PERSONAS FISICAS QUE DESEEN REALIZAR UN INVERSION IGUAL O MAYOR A USD 2000
44077;COMPAÑIA FINANCIERA ARGENTINA S.A.;2026-04-01;PLAZOS FIJOS;PLAZOS FIJOS;Pesos;10000;90 días;Ventanilla de sucursal;22,54;Todo el territorio nacional;DESTINADO A PERSONAS FISICAS
44077;COMPAÑIA FINANCIERA ARGENTINA S.A.;2026-04-01;PLAZOS FIJOS ALTOS MONTOS;PF ALTOS MONTOS;Pesos;5000000;360 días o más;Línea telefónica;26,20;Todo el territorio nacional;DESTINADO A PERSONAS FISICAS QUE DESEEN REALIZAR UN INVERSION IGUAL O MAYOR A 300000
44077;COMPAÑIA FINANCIERA ARGENTINA S.A.;2026-04-01;PLAZOS FIJOS DE PAQUETE PREVISIONAL;PF PAQ PREVISIONAL;Pesos;10000;30 días;Ventanilla de sucursal;24,98;Todo el territorio nacional;DESTINADO A PERSONAS FISICAS QUE ESTEN ADHERIDAS AL PAQUETE PREVISIONAL
44092;FCA COMPAÑIA FINANCIERA S.A.;2026-06-30;PLAZO FIJO EN UVAS;PLAZO FIJO EN UVAS;UVA;100000000;180 días;Electrónico;6,00;Todo el territorio nacional;EL PRODUCTO ES EXCLUSIVO UNICAMENTE PARA PERSONAS JURIDICAS
44092;FCA COMPAÑIA FINANCIERA S.A.;2026-06-30;PLAZO FIJO;DEPOSITOS A PLAZO FIJO;Pesos;100000000;Todos los plazos;Electrónico;26,10;Todo el territorio nacional;EL PRODUCTO ES EXCLUSIVO UNICAMENTE PARA PERSONAS JURIDICAS
44093;GPAT COMPAÑIA FINANCIERA S.A.U.;2026-06-16;PLAZO FIJO INTRANSFERIBLE;PF INTRANSFERIBLE;Pesos;1000000;30 días;Línea telefónica;33,18;Todo el territorio nacional;SOLO INVERSORES CALIFICADOS Y PERSONAS JURIDICAS
44094;MERCEDES-BENZ COMPAÑÍA FINANCIERA ARGENTINA S.A.;2026-06-30;PLAZO FIJO INTRANSFERIBLE;PF INTRANSFERIBLE;Pesos;1000000;30 días;Línea telefónica;19,56;Todo el territorio nacional;
44099;TOYOTA COMPAÑÍA FINANCIERA DE ARGENTINA S.A.;2026-06-30;CERTIFICADO DE DEPOSITOS A PLAZO FIJO NOMINATIVO TRANSFERIBLE O INTRANSFERIBLE;CERTIFICADOS DEPOSITOS PF;Pesos;100000;30 días;Línea telefónica;23,14;Todo el territorio nacional;PODRAN SER TITULARES LAS PERSONAS JURIDICAS PERTENECIENTES A LOS SIGUIENTES TRES SEGMENTOS: CONCECIONARIOS DE LA RED TOYOTA, CORPORATIVO POR EJEMPLO TOYOTA ARGENTINA SA E INSTITUCIONALES POR EJEMPLO FONDOS COMUNES DE INVERSION O CIAS DE SEGURO
44099;TOYOTA COMPAÑÍA FINANCIERA DE ARGENTINA S.A.;2026-06-30;CERTIFICADO DE DEPOSITOS A PLAZO FIJO NOMINATIVO TRANSFERIBLE O INTRANSFERIBLE;CERTIFICADOS DEPOSITOS PF;Pesos;100000;30 días;Electrónico;23,14;Todo el territorio nacional;PODRAN SER TITULARES LAS PERSONAS JURIDICAS PERTENECIENTES A LOS SIGUIENTES TRES SEGMENTOS: CONCECIONARIOS DE LA RED TOYOTA, CORPORATIVO POR EJEMPLO TOYOTA ARGENTINA SA E INSTITUCIONALES POR EJEMPLO FONDOS COMUNES DE INVERSION O CIAS DE SEGURO
45030;NARANJA DIGITAL COMPAÑÍA FINANCIERA S.A.U.;2026-06-29;PLAZO FIJO INTRANSFERIBLE EN PESOS;PFENPESOS;Pesos;1000;30 días;Electrónico;21,94;Todo el territorio nacional;
45030;NARANJA DIGITAL COMPAÑÍA FINANCIERA S.A.U.;2026-06-29;PLAZO FIJO INTRANSFERIBLE EN PESOS;PFENPESOS;Pesos;1000;90 días;Electrónico;23,14;Todo el territorio nacional;
45056;MONTEMAR COMPAÑIA FINANCIERA S.A.;2026-06-17;PLAZO FIJO INTRANSFERIBLE PAGO PERIODICO DE INTERESES;T22SL-INTRANS.P/PINT;Pesos;1000;30 días;Ventanilla de sucursal;20,75;Provincia de San Luis;
45056;MONTEMAR COMPAÑIA FINANCIERA S.A.;2026-06-17;PLAZO FIJO TRANSFERIBLE;T22SJ-TRANSFERIBLE;Dólares estadounidenses;150;60 días;Ventanilla de sucursal;,50;Provincia de San Juan;
45056;MONTEMAR COMPAÑIA FINANCIERA S.A.;2026-06-17;PLAZO FIJO TRANSFERIBLE CANCELACION ANTICIPADA;T22SJ-TRANSF.C/ANT.;Pesos;1000;30 días;Ventanilla de sucursal;20,75;Provincia de San Juan;
45056;MONTEMAR COMPAÑIA FINANCIERA S.A.;2026-06-17;PLAZO FIJO TRANSFERIBLE;T22SL-TRANSFERIBLE;Pesos;1000;90 días;Ventanilla de sucursal;20,40;Provincia de San Luis;
45056;MONTEMAR COMPAÑIA FINANCIERA S.A.;2026-06-17;PLAZO FIJO INTRANSFERIBLE;T22SL-INTRANSFERIBLE;Dólares estadounidenses;150;90 días;Ventanilla de sucursal;,50;Provincia de San Luis;
45056;MONTEMAR COMPAÑIA FINANCIERA S.A.;2026-06-17;PLAZO FIJO INTRANSFERIBLE PAGO PERIODICO DE INTERESES;T22SL-INTRANS.P/PINT;Pesos;1000;90 días;Ventanilla de sucursal;20,40;Provincia de San Luis;
45056;MONTEMAR COMPAÑIA FINANCIERA S.A.;2026-06-17;PLAZO FIJO TRANSFERIBLE CANCELACION ANTICIPADA;T22SL-TRANSF.C/ANT.;Pesos;1000;90 días;Ventanilla de sucursal;20,40;Provincia de San Luis;
45056;MONTEMAR COMPAÑIA FINANCIERA S.A.;2026-06-17;PLAZO FIJO TRANSFERIBLE;T22CB-TRANSFERIBLE;Dólares estadounidenses;150;90 días;Ventanilla de sucursal;,50;Provincia de Córdoba;
45056;MONTEMAR COMPAÑIA FINANCIERA S.A.;2026-06-17;PLAZO FIJO TRANSFERIBLE CANCELACION ANTICIPADA;T22SL-TRANSF.C/ANT.;Pesos;1000;30 días;Ventanilla de sucursal;20,75;Provincia de San Luis;
45056;MONTEMAR COMPAÑIA FINANCIERA S.A.;2026-06-17;PLAZO FIJO TRANSFERIBLE;T22SL-TRANSFERIBLE;Dólares estadounidenses;150;90 días;Ventanilla de sucursal;,50;Provincia de San Luis;
45056;MONTEMAR COMPAÑIA FINANCIERA S.A.;2026-06-17;PLAZO FIJO INTRANSFERIBLE UVA CANCELACION ANTICIPADA;T22SL-INSTRANSF.UVA C/ANT;UVA;1000;180 días;Ventanilla de sucursal;1,00;Provincia de San Luis;ES UN DEPOSITO EN PESOS EXPRESADO EN UNIDADES DE VALOR ADQUISITIVO ACTUALIZABLES POR CER  - LEY 25827 (UVA) CON POSIBILIDAD DE CANCELACION ANTICIPADA A LOS 30 DIAS. LA TASA FIJA DE PRECANCELACION ES PUBLICADA POR EL BCRA DIARIAMENTE Y SE INFORMA AL MOMENTO DEL ALTA DE LA OPERACION. SOLO PUEDEN ACCEDER LAS PERSONAS HUMANAS.
45056;MONTEMAR COMPAÑIA FINANCIERA S.A.;2026-06-17;PLAZO FIJO INTRANSFERIBLE;T22SL-INTRANSFERIBLE;Dólares estadounidenses;150;30 días;Ventanilla de sucursal;,50;Provincia de San Luis;
45056;MONTEMAR COMPAÑIA FINANCIERA S.A.;2026-06-17;PLAZO FIJO TRANSFERIBLE CANCELACION ANTICIPADA;T22SL-TRANSF.C/ANT.;Pesos;1000;60 días;Ventanilla de sucursal;20,57;Provincia de San Luis;
45056;MONTEMAR COMPAÑIA FINANCIERA S.A.;2026-06-17;PLAZO FIJO TRANSFERIBLE;T22CB-TRANSFERIBLE;Pesos;1000;60 días;Ventanilla de sucursal;20,57;Provincia de Córdoba;
45056;MONTEMAR COMPAÑIA FINANCIERA S.A.;2026-06-17;PLAZO FIJO INTRANSFERIBLE;T22CB-INTRANSFERIBLE;Dólares estadounidenses;150;60 días;Ventanilla de sucursal;,50;Provincia de Córdoba;
45056;MONTEMAR COMPAÑIA FINANCIERA S.A.;2026-06-17;PLAZO FIJO INTRANSFERIBLE UVA CANCELACION ANTICIPADA;T22CB-INSTRANSF.UVA C/ANT;UVA;1000;180 días;Ventanilla de sucursal;1,00;Provincia de Córdoba;ES UN DEPOSITO EN PESOS EXPRESADO EN UNIDADES DE VALOR ADQUISITIVO ACTUALIZABLES POR CER  - LEY 25827 (UVA) CON POSIBILIDAD DE CANCELACION ANTICIPADA A LOS 30 DIAS. LA TASA FIJA DE PRECANCELACION ES PUBLICADA POR EL BCRA DIARIAMENTE Y SE INFORMA AL MOMENTO DEL ALTA DE LA OPERACION. SOLO PUEDEN ACCEDER LAS PERSONAS HUMANAS.
45056;MONTEMAR COMPAÑIA FINANCIERA S.A.;2026-06-17;PLAZO FIJO INTRANSFERIBLE PAGO PERIODICO DE INTERESES;T22MZ-INTRANS.P/PINT;Pesos;1000;60 días;Ventanilla de sucursal;20,57;Provincia de Córdoba;
45056;MONTEMAR COMPAÑIA FINANCIERA S.A.;2026-06-17;PLAZO FIJO TRANSFERIBLE CANCELACION ANTICIPADA;T22CB-TRANSF.C/ANT.;Pesos;1000;30 días;Ventanilla de sucursal;20,75;Provincia de Córdoba;
45056;MONTEMAR COMPAÑIA FINANCIERA S.A.;2026-06-17;PLAZO FIJO TRANSFERIBLE;T22CB-TRANSFERIBLE;Dólares estadounidenses;150;30 días;Ventanilla de sucursal;,50;Provincia de Córdoba;
45056;MONTEMAR COMPAÑIA FINANCIERA S.A.;2026-06-17;PLAZO FIJO INTRANSFERIBLE;T22CB-INTRANSFERIBLE;Pesos;1000;30 días;Ventanilla de sucursal;20,75;Provincia de Córdoba;
45056;MONTEMAR COMPAÑIA FINANCIERA S.A.;2026-06-17;PLAZO FIJO TRANSFERIBLE;T22CB-TRANSFERIBLE;Pesos;1000;30 días;Ventanilla de sucursal;20,75;Provincia de Córdoba;
45056;MONTEMAR COMPAÑIA FINANCIERA S.A.;2026-06-17;PLAZO FIJO TRANSFERIBLE;T22SJ-TRANSFERIBLE;Pesos;1000;60 días;Ventanilla de sucursal;20,57;Provincia de San Juan;
45056;MONTEMAR COMPAÑIA FINANCIERA S.A.;2026-06-17;PLAZO FIJO INTRANSFERIBLE;T22CB-INTRANSFERIBLE;Dólares estadounidenses;150;30 días;Ventanilla de sucursal;,50;Provincia de Córdoba;
45056;MONTEMAR COMPAÑIA FINANCIERA S.A.;2026-06-17;PLAZO FIJO INTRANSFERIBLE;T22SL-INTRANSFERIBLE;Dólares estadounidenses;150;60 días;Ventanilla de sucursal;,50;Provincia de San Luis;
45056;MONTEMAR COMPAÑIA FINANCIERA S.A.;2026-06-17;PLAZO FIJO INTRANSFERIBLE;T22CB-INTRANSFERIBLE;Dólares estadounidenses;150;90 días;Ventanilla de sucursal;,50;Provincia de Córdoba;
45056;MONTEMAR COMPAÑIA FINANCIERA S.A.;2026-06-17;PLAZO FIJO INTRANSFERIBLE;T22SL-INTRANSFERIBLE;Pesos;1000;30 días;Ventanilla de sucursal;20,75;Provincia de San Luis;
45056;MONTEMAR COMPAÑIA FINANCIERA S.A.;2026-06-17;PLAZO FIJO TRANSFERIBLE;T22SL-TRANSFERIBLE;Dólares estadounidenses;150;30 días;Ventanilla de sucursal;,50;Provincia de San Luis;
45056;MONTEMAR COMPAÑIA FINANCIERA S.A.;2026-06-17;PLAZO FIJO TRANSFERIBLE;T22SL-TRANSFERIBLE;Pesos;1000;60 días;Ventanilla de sucursal;20,57;Provincia de San Luis;
45056;MONTEMAR COMPAÑIA FINANCIERA S.A.;2026-06-17;PLAZO FIJO INTRANSFERIBLE;T22SL-INTRANSFERIBLE;Pesos;1000;60 días;Ventanilla de sucursal;20,57;Provincia de San Luis;
45056;MONTEMAR COMPAÑIA FINANCIERA S.A.;2026-06-17;PLAZO FIJO TRANSFERIBLE;T22SL-TRANSFERIBLE;Pesos;1000;30 días;Ventanilla de sucursal;20,75;Provincia de San Luis;
45056;MONTEMAR COMPAÑIA FINANCIERA S.A.;2026-06-17;PLAZO FIJO INTRANSFERIBLE;T22CB-INTRANSFERIBLE;Pesos;1000;60 días;Ventanilla de sucursal;20,57;Provincia de Córdoba;
45056;MONTEMAR COMPAÑIA FINANCIERA S.A.;2026-06-17;PLAZO FIJO INTRANSFERIBLE PAGO PERIODICO DE INTERESES;T22SL-INTRANS.P/PINT;Pesos;1000;60 días;Ventanilla de sucursal;20,57;Provincia de San Luis;
45056;MONTEMAR COMPAÑIA FINANCIERA S.A.;2026-06-17;PLAZO FIJO TRANSFERIBLE;T22CB-TRANSFERIBLE;Dólares estadounidenses;150;60 días;Ventanilla de sucursal;,50;Provincia de Córdoba;
45056;MONTEMAR COMPAÑIA FINANCIERA S.A.;2026-06-17;PLAZO FIJO INTRANSFERIBLE;T22SL-INTRANSFERIBLE;Pesos;1000;90 días;Ventanilla de sucursal;20,40;Provincia de San Luis;
45056;MONTEMAR COMPAÑIA FINANCIERA S.A.;2026-06-17;PLAZO FIJO INTRANSFERIBLE PAGO PERIODICO DE INTERESES;T22SJ-INTRANS.P/PINT;Pesos;1000;60 días;Ventanilla de sucursal;20,57;Provincia de San Juan;
45056;MONTEMAR COMPAÑIA FINANCIERA S.A.;2026-06-17;PLAZO FIJO TRANSFERIBLE;T22SL-TRANSFERIBLE;Dólares estadounidenses;150;60 días;Ventanilla de sucursal;,50;Provincia de San Luis;
45056;MONTEMAR COMPAÑIA FINANCIERA S.A.;2026-06-17;PLAZO FIJO INTRANSFERIBLE;T22SJ-INTRANSFERIBLE;Dólares estadounidenses;150;30 días;Ventanilla de sucursal;,50;Provincia de San Juan;
45056;MONTEMAR COMPAÑIA FINANCIERA S.A.;2026-06-17;PLAZO FIJO TRANSFERIBLE;T22MZ-TRANSFERIBLE;Dólares estadounidenses;150;60 días;Ventanilla de sucursal;,50;Provincia de Mendoza;
45056;MONTEMAR COMPAÑIA FINANCIERA S.A.;2026-06-17;PLAZO FIJO INTRANSFERIBLE;T22MZ-INTRANSFERIBLE;Pesos;1000;60 días;Ventanilla de sucursal;20,57;Provincia de Mendoza;
45056;MONTEMAR COMPAÑIA FINANCIERA S.A.;2026-06-17;PLAZO FIJO TRANSFERIBLE;T22MZ-TRANSFERIBLE;Pesos;1000;60 días;Ventanilla de sucursal;20,57;Provincia de Mendoza;
45056;MONTEMAR COMPAÑIA FINANCIERA S.A.;2026-06-17;PLAZO FIJO TRANSFERIBLE;T22MZ-TRANSFERIBLE;Pesos;1000;90 días;Ventanilla de sucursal;20,40;Provincia de Mendoza;
45056;MONTEMAR COMPAÑIA FINANCIERA S.A.;2026-06-17;PLAZO FIJO INTRANSFERIBLE UVA CANCELACION ANTICIPADA;T22MZ-INSTRANSF.UVA C/ANT;UVA;1000;180 días;Ventanilla de sucursal;1,00;Provincia de Mendoza;ES UN DEPOSITO EN PESOS EXPRESADO EN UNIDADES DE VALOR ADQUISITIVO ACTUALIZABLES POR CER  - LEY 25827 (UVA) CON POSIBILIDAD DE CANCELACION ANTICIPADA A LOS 30 DIAS. LA TASA FIJA DE PRECANCELACION ES PUBLICADA POR EL BCRA DIARIAMENTE Y SE INFORMA AL MOMENTO DEL ALTA DE LA OPERACION. SOLO PUEDEN ACCEDER LAS PERSONAS HUMANAS.
45056;MONTEMAR COMPAÑIA FINANCIERA S.A.;2026-06-17;PLAZO FIJO INTRANSFERIBLE;T22MZ-INTRANSFERIBLE;Dólares estadounidenses;150;90 días;Ventanilla de sucursal;,50;Provincia de Mendoza;
45056;MONTEMAR COMPAÑIA FINANCIERA S.A.;2026-06-17;PLAZO FIJO TRANSFERIBLE CANCELACION ANTICIPADA;T22MZ-TRANSF.C/ANT.;Pesos;1000;60 días;Ventanilla de sucursal;20,57;Provincia de Mendoza;
45056;MONTEMAR COMPAÑIA FINANCIERA S.A.;2026-06-17;PLAZO FIJO INTRANSFERIBLE;T22MZ-INTRANSFERIBLE;Dólares estadounidenses;150;60 días;Ventanilla de sucursal;,50;Provincia de Mendoza;
45056;MONTEMAR COMPAÑIA FINANCIERA S.A.;2026-06-17;PLAZO FIJO TRANSFERIBLE CANCELACION ANTICIPADA;T22SJ-TRANSF.C/ANT.;Pesos;1000;60 días;Ventanilla de sucursal;20,57;Provincia de San Juan;
45056;MONTEMAR COMPAÑIA FINANCIERA S.A.;2026-06-17;PLAZO FIJO TRANSFERIBLE CANCELACION ANTICIPADA;T22SL-TRANSF.C/ANT.;Pesos;1000;90 días;Ventanilla de sucursal;20,40;Provincia del Neuquén;
45056;MONTEMAR COMPAÑIA FINANCIERA S.A.;2026-06-17;PLAZO FIJO INTRANSFERIBLE;T22SL-INTRANSFERIBLE;Dólares estadounidenses;150;60 días;Ventanilla de sucursal;,50;Provincia del Neuquén;
45056;MONTEMAR COMPAÑIA FINANCIERA S.A.;2026-06-17;PLAZO FIJO INTRANSFERIBLE PAGO PERIODICO DE INTERESES;T22SL-INTRANS.P/PINT;Pesos;1000;30 días;Ventanilla de sucursal;20,75;Provincia del Neuquén;
45056;MONTEMAR COMPAÑIA FINANCIERA S.A.;2026-06-17;PLAZO FIJO INTRANSFERIBLE PAGO PERIODICO DE INTERESES;T22MZ-INTRANS.P/PINT;Pesos;1000;60 días;Ventanilla de sucursal;20,57;Provincia de Mendoza;
45056;MONTEMAR COMPAÑIA FINANCIERA S.A.;2026-06-17;PLAZO FIJO INTRANSFERIBLE;T22SL-INTRANSFERIBLE;Pesos;1000;60 días;Ventanilla de sucursal;20,57;Provincia del Neuquén;
45056;MONTEMAR COMPAÑIA FINANCIERA S.A.;2026-06-17;PLAZO FIJO INTRANSFERIBLE;T22MZ-INTRANSFERIBLE;Dólares estadounidenses;150;30 días;Ventanilla de sucursal;,50;Provincia de Mendoza;
45056;MONTEMAR COMPAÑIA FINANCIERA S.A.;2026-06-17;PLAZO FIJO TRANSFERIBLE;T22MZ-TRANSFERIBLE;Dólares estadounidenses;150;90 días;Ventanilla de sucursal;,50;Provincia de Mendoza;
45056;MONTEMAR COMPAÑIA FINANCIERA S.A.;2026-06-17;PLAZO FIJO INTRANSFERIBLE PAGO PERIODICO DE INTERESES;T22MZ-INTRANS.P/PINT;Pesos;1000;30 días;Ventanilla de sucursal;20,75;Provincia de Córdoba;
45056;MONTEMAR COMPAÑIA FINANCIERA S.A.;2026-06-17;PLAZO FIJO TRANSFERIBLE CANCELACION ANTICIPADA;T22CB-TRANSF.C/ANT.;Pesos;1000;60 días;Ventanilla de sucursal;20,57;Provincia de Córdoba;
45056;MONTEMAR COMPAÑIA FINANCIERA S.A.;2026-06-17;PLAZO FIJO TRANSFERIBLE;T22CB-TRANSFERIBLE;Pesos;1000;90 días;Ventanilla de sucursal;20,40;Provincia de Córdoba;
45056;MONTEMAR COMPAÑIA FINANCIERA S.A.;2026-06-17;PLAZO FIJO TRANSFERIBLE CANCELACION ANTICIPADA;T22CB-TRANSF.C/ANT.;Pesos;1000;90 días;Ventanilla de sucursal;20,40;Provincia de Córdoba;
45056;MONTEMAR COMPAÑIA FINANCIERA S.A.;2026-06-17;PLAZO FIJO INTRANSFERIBLE;T22MZ-INTRANSFERIBLE;Pesos;1000;30 días;Ventanilla de sucursal;20,75;Provincia de Mendoza;
45056;MONTEMAR COMPAÑIA FINANCIERA S.A.;2026-06-17;PLAZO FIJO TRANSFERIBLE;T22MZ-TRANSFERIBLE;Dólares estadounidenses;150;30 días;Ventanilla de sucursal;,50;Provincia de Mendoza;
45056;MONTEMAR COMPAÑIA FINANCIERA S.A.;2026-06-17;PLAZO FIJO TRANSFERIBLE CANCELACION ANTICIPADA;T22MZ-TRANSF.C/ANT.;Pesos;1000;90 días;Ventanilla de sucursal;20,40;Provincia de Mendoza;
45056;MONTEMAR COMPAÑIA FINANCIERA S.A.;2026-06-17;PLAZO FIJO TRANSFERIBLE;T22MZ-TRANSFERIBLE;Pesos;1000;30 días;Ventanilla de sucursal;20,75;Provincia de Mendoza;
45056;MONTEMAR COMPAÑIA FINANCIERA S.A.;2026-06-17;PLAZO FIJO INTRANSFERIBLE;T22MZ-INTRANSFERIBLE;Pesos;1000;90 días;Ventanilla de sucursal;20,40;Provincia de Mendoza;
45056;MONTEMAR COMPAÑIA FINANCIERA S.A.;2026-06-17;PLAZO FIJO INTRANSFERIBLE;T22CB-INTRANSFERIBLE;Pesos;1000;90 días;Ventanilla de sucursal;20,40;Provincia de Córdoba;
45056;MONTEMAR COMPAÑIA FINANCIERA S.A.;2026-06-17;PLAZO FIJO INTRANSFERIBLE PAGO PERIODICO DE INTERESES;T22MZ-INTRANS.P/PINT;Pesos;1000;30 días;Ventanilla de sucursal;20,75;Provincia de Mendoza;
45056;MONTEMAR COMPAÑIA FINANCIERA S.A.;2026-06-17;PLAZO FIJO INTRANSFERIBLE PAGO PERIODICO DE INTERESES;T22MZ-INTRANS.P/PINT;Pesos;1000;90 días;Ventanilla de sucursal;20,40;Provincia de Mendoza;
45056;MONTEMAR COMPAÑIA FINANCIERA S.A.;2026-06-17;PLAZO FIJO TRANSFERIBLE CANCELACION ANTICIPADA;T22MZ-TRANSF.C/ANT.;Pesos;1000;30 días;Ventanilla de sucursal;20,75;Provincia de Mendoza;
45056;MONTEMAR COMPAÑIA FINANCIERA S.A.;2026-06-17;PLAZO FIJO TRANSFERIBLE;T22SL-TRANSFERIBLE;Dólares estadounidenses;150;30 días;Ventanilla de sucursal;,50;Provincia del Neuquén;
45056;MONTEMAR COMPAÑIA FINANCIERA S.A.;2026-06-17;PLAZO FIJO INTRANSFERIBLE;T22SL-INTRANSFERIBLE;Dólares estadounidenses;150;30 días;Ventanilla de sucursal;,50;Provincia del Neuquén;
45056;MONTEMAR COMPAÑIA FINANCIERA S.A.;2026-06-17;PLAZO FIJO TRANSFERIBLE;T22SL-TRANSFERIBLE;Dólares estadounidenses;150;60 días;Ventanilla de sucursal;,50;Provincia del Neuquén;
45056;MONTEMAR COMPAÑIA FINANCIERA S.A.;2026-06-17;PLAZO FIJO TRANSFERIBLE;T22SJ-TRANSFERIBLE;Dólares estadounidenses;150;30 días;Ventanilla de sucursal;,50;Provincia de San Juan;
45056;MONTEMAR COMPAÑIA FINANCIERA S.A.;2026-06-17;PLAZO FIJO INTRANSFERIBLE;T22SL-INTRANSFERIBLE;Pesos;1000;90 días;Ventanilla de sucursal;20,40;Provincia del Neuquén;
45056;MONTEMAR COMPAÑIA FINANCIERA S.A.;2026-06-17;PLAZO FIJO INTRANSFERIBLE PAGO PERIODICO DE INTERESES;T22SJ-INTRANS.P/PINT;Pesos;1000;30 días;Ventanilla de sucursal;20,75;Provincia de San Juan;
45056;MONTEMAR COMPAÑIA FINANCIERA S.A.;2026-06-17;PLAZO FIJO TRANSFERIBLE;T22SJ-TRANSFERIBLE;Pesos;1000;30 días;Ventanilla de sucursal;20,75;Provincia de San Juan;
45056;MONTEMAR COMPAÑIA FINANCIERA S.A.;2026-06-17;PLAZO FIJO INTRANSFERIBLE;T22SJ-INTRANSFERIBLE;Pesos;1000;30 días;Ventanilla de sucursal;20,75;Provincia de San Juan;
45056;MONTEMAR COMPAÑIA FINANCIERA S.A.;2026-06-17;PLAZO FIJO INTRANSFERIBLE UVA CANCELACION ANTICIPADA;T22SJ-INSTRANSF.UVA C/ANT;UVA;1000;180 días;Ventanilla de sucursal;1,00;Provincia de San Juan;ES UN DEPOSITO EN PESOS EXPRESADO EN UNIDADES DE VALOR ADQUISITIVO ACTUALIZABLES POR CER  - LEY 25827 (UVA) CON POSIBILIDAD DE CANCELACION ANTICIPADA A LOS 30 DIAS. LA TASA FIJA DE PRECANCELACION ES PUBLICADA POR EL BCRA DIARIAMENTE Y SE INFORMA AL MOMENTO DEL ALTA DE LA OPERACION. SOLO PUEDEN ACCEDER LAS PERSONAS HUMANAS.
45056;MONTEMAR COMPAÑIA FINANCIERA S.A.;2026-06-17;PLAZO FIJO INTRANSFERIBLE;T22SJ-INTRANSFERIBLE;Pesos;1000;90 días;Ventanilla de sucursal;20,40;Provincia de San Juan;
45056;MONTEMAR COMPAÑIA FINANCIERA S.A.;2026-06-17;PLAZO FIJO TRANSFERIBLE CANCELACION ANTICIPADA;T22SJ-TRANSF.C/ANT.;Pesos;1000;90 días;Ventanilla de sucursal;20,40;Provincia de San Juan;
45056;MONTEMAR COMPAÑIA FINANCIERA S.A.;2026-06-17;PLAZO FIJO INTRANSFERIBLE;T22SJ-INTRANSFERIBLE;Pesos;1000;60 días;Ventanilla de sucursal;20,57;Provincia de San Juan;
45056;MONTEMAR COMPAÑIA FINANCIERA S.A.;2026-06-17;PLAZO FIJO INTRANSFERIBLE;T22SJ-INTRANSFERIBLE;Dólares estadounidenses;150;60 días;Ventanilla de sucursal;,50;Provincia de San Juan;
45056;MONTEMAR COMPAÑIA FINANCIERA S.A.;2026-06-17;PLAZO FIJO INTRANSFERIBLE;T22SJ-INTRANSFERIBLE;Dólares estadounidenses;150;90 días;Ventanilla de sucursal;,50;Provincia de San Juan;
45056;MONTEMAR COMPAÑIA FINANCIERA S.A.;2026-06-17;PLAZO FIJO INTRANSFERIBLE PAGO PERIODICO DE INTERESES;T22SJ-INTRANS.P/PINT;Pesos;1000;90 días;Ventanilla de sucursal;20,40;Provincia de San Juan;
45056;MONTEMAR COMPAÑIA FINANCIERA S.A.;2026-06-17;PLAZO FIJO TRANSFERIBLE;T22SJ-TRANSFERIBLE;Pesos;1000;90 días;Ventanilla de sucursal;20,40;Provincia de San Juan;
45056;MONTEMAR COMPAÑIA FINANCIERA S.A.;2026-06-17;PLAZO FIJO TRANSFERIBLE;T22SJ-TRANSFERIBLE;Dólares estadounidenses;150;90 días;Ventanilla de sucursal;,50;Provincia de San Juan;
45056;MONTEMAR COMPAÑIA FINANCIERA S.A.;2026-06-17;PLAZO FIJO TRANSFERIBLE;T22SL-TRANSFERIBLE;Pesos;1000;30 días;Ventanilla de sucursal;20,75;Provincia del Neuquén;
45056;MONTEMAR COMPAÑIA FINANCIERA S.A.;2026-06-17;PLAZO FIJO TRANSFERIBLE;T22SL-TRANSFERIBLE;Pesos;1000;60 días;Ventanilla de sucursal;20,57;Provincia del Neuquén;
45056;MONTEMAR COMPAÑIA FINANCIERA S.A.;2026-06-17;PLAZO FIJO INTRANSFERIBLE PAGO PERIODICO DE INTERESES;T22SL-INTRANS.P/PINT;Pesos;1000;60 días;Ventanilla de sucursal;20,57;Provincia del Neuquén;
45056;MONTEMAR COMPAÑIA FINANCIERA S.A.;2026-06-17;PLAZO FIJO TRANSFERIBLE CANCELACION ANTICIPADA;T22SL-TRANSF.C/ANT.;Pesos;1000;60 días;Ventanilla de sucursal;20,57;Provincia del Neuquén;
45056;MONTEMAR COMPAÑIA FINANCIERA S.A.;2026-06-17;PLAZO FIJO INTRANSFERIBLE PAGO PERIODICO DE INTERESES;T22MZ-INTRANS.P/PINT;Pesos;1000;90 días;Ventanilla de sucursal;20,40;Provincia de Córdoba;
45056;MONTEMAR COMPAÑIA FINANCIERA S.A.;2026-06-17;PLAZO FIJO TRANSFERIBLE;T22SL-TRANSFERIBLE;Pesos;1000;90 días;Ventanilla de sucursal;20,40;Provincia del Neuquén;
45056;MONTEMAR COMPAÑIA FINANCIERA S.A.;2026-06-17;PLAZO FIJO TRANSFERIBLE;T22SL-TRANSFERIBLE;Dólares estadounidenses;150;90 días;Ventanilla de sucursal;,50;Provincia del Neuquén;
45056;MONTEMAR COMPAÑIA FINANCIERA S.A.;2026-06-17;PLAZO FIJO INTRANSFERIBLE UVA CANCELACION ANTICIPADA;T22SL-INSTRANSF.UVA C/ANT;UVA;1000;180 días;Ventanilla de sucursal;1,00;Provincia del Neuquén;ES UN DEPOSITO EN PESOS EXPRESADO EN UNIDADES DE VALOR ADQUISITIVO ACTUALIZABLES POR CER  - LEY 25827 (UVA) CON POSIBILIDAD DE CANCELACION ANTICIPADA A LOS 30 DIAS. LA TASA FIJA DE PRECANCELACION ES PUBLICADA POR EL BCRA DIARIAMENTE Y SE INFORMA AL MOMENTO DEL ALTA DE LA OPERACION. SOLO PUEDEN ACCEDER LAS PERSONAS HUMANAS.
45056;MONTEMAR COMPAÑIA FINANCIERA S.A.;2026-06-17;PLAZO FIJO INTRANSFERIBLE;T22SL-INTRANSFERIBLE;Dólares estadounidenses;150;90 días;Ventanilla de sucursal;,50;Provincia del Neuquén;
45056;MONTEMAR COMPAÑIA FINANCIERA S.A.;2026-06-17;PLAZO FIJO INTRANSFERIBLE;T22SL-INTRANSFERIBLE;Pesos;1000;30 días;Ventanilla de sucursal;20,75;Provincia del Neuquén;
45056;MONTEMAR COMPAÑIA FINANCIERA S.A.;2026-06-17;PLAZO FIJO INTRANSFERIBLE PAGO PERIODICO DE INTERESES;T22SL-INTRANS.P/PINT;Pesos;1000;90 días;Ventanilla de sucursal;20,40;Provincia del Neuquén;
45056;MONTEMAR COMPAÑIA FINANCIERA S.A.;2026-06-17;PLAZO FIJO TRANSFERIBLE CANCELACION ANTICIPADA;T22SL-TRANSF.C/ANT.;Pesos;1000;30 días;Ventanilla de sucursal;20,75;Provincia del Neuquén;
45072;REBA COMPAÑIA FINANCIERA S.A.;2026-06-30;CERTIFICADO DE DEPOSITO A PLAZO FIJO NOMINATIVO INTRANSFERIBLE;PLAZO FIJO INTRANSFERIBLE;Pesos;1000;90 días;Home banking;23,89;Todo el territorio nacional;RESOLUCION AFIP 3884/17 REGIMEN 19 ANEXXO II INC.A PTO 1
45072;REBA COMPAÑIA FINANCIERA S.A.;2026-06-30;DEPOSITO A PLAZO FIJO INTRANSFERIBLE UVA PRECANCELABLE;DPF INTRANSF UVA PRECANC;UVA;1000;90 días;Ventanilla de sucursal;,01;Provincia de Córdoba;
45072;REBA COMPAÑIA FINANCIERA S.A.;2026-06-30;CERTIFICADO DE DEPOSITO A PLAZO FIJO NOMINATIVO INTRANSFERIBLE;PLAZO FIJO INTRANSFERIBLE;Dólares estadounidenses;1000;90 días;Ventanilla de sucursal;,25;Provincia de Córdoba;RESOLUCION AFIP 3884/17 REGIMEN 19 ANEXXO II INC.A PTO 1
45072;REBA COMPAÑIA FINANCIERA S.A.;2026-06-30;CERTIFICADO DE DEPOSITO A PLAZO FIJO NOMINATIVO INTRANSFERIBLE;PLAZO FIJO INTRANSFERIBLE;Dólares estadounidenses;1000;60 días;Ventanilla de sucursal;,25;Provincia de Córdoba;RESOLUCION AFIP 3884/17 REGIMEN 19 ANEXXO II INC.A PTO 1
45072;REBA COMPAÑIA FINANCIERA S.A.;2026-06-30;CERTIFICADO DE DEPOSITO A PLAZO FIJO NOMINATIVO INTRANSFERIBLE;PLAZO FIJO INTRANSFERIBLE;Pesos;1000;60 días;Ventanilla de sucursal;24,12;Provincia de Córdoba;RESOLUCION AFIP 3884/17 REGIMEN 19 ANEXXO II INC.A PTO 1
45072;REBA COMPAÑIA FINANCIERA S.A.;2026-06-30;CERTIFICADO DE DEPOSITO A PLAZO FIJO NOMINATIVO INTRANSFERIBLE;PLAZO FIJO INTRANSFERIBLE;Pesos;1000;180 días;Ventanilla de sucursal;23,23;Provincia de Córdoba;RESOLUCION AFIP 3884/17 REGIMEN 19 ANEXXO II INC.A PTO 1
45072;REBA COMPAÑIA FINANCIERA S.A.;2026-06-30;CERTIFICADO DE DEPOSITO A PLAZO FIJO NOMINATIVO INTRANSFERIBLE;PLAZO FIJO INTRANSFERIBLE;Dólares estadounidenses;1000;180 días;Ventanilla de sucursal;,25;Provincia de Córdoba;RESOLUCION AFIP 3884/17 REGIMEN 19 ANEXXO II INC.A PTO 1
45072;REBA COMPAÑIA FINANCIERA S.A.;2026-06-30;CERTIFICADO DE DEPOSITO A PLAZO FIJO NOMINATIVO INTRANSFERIBLE;PLAZO FIJO INTRANSFERIBLE;Pesos;1000;90 días;Ventanilla de sucursal;23,89;Provincia de Córdoba;RESOLUCION AFIP 3884/17 REGIMEN 19 ANEXXO II INC.A PTO 1
45072;REBA COMPAÑIA FINANCIERA S.A.;2026-06-30;DEPOSITO A PLAZO FIJO INTRANSFERIBLE UVA PRECANCELABLE;DPF INTRANSF UVA PRECANC;UVA;1000;180 días;Ventanilla de sucursal;,01;Provincia de Córdoba;
45072;REBA COMPAÑIA FINANCIERA S.A.;2026-06-30;CERTIFICADO DE DEPOSITO A PLAZO FIJO NOMINATIVO INTRANSFERIBLE;PLAZO FIJO INTRANSFERIBLE;Pesos;1000;30 días;Ventanilla de sucursal;25,59;Provincia de Córdoba;RESOLUCION AFIP 3884/17 REGIMEN 19 ANEXXO II INC.A PTO 1
45072;REBA COMPAÑIA FINANCIERA S.A.;2026-06-30;CERTIFICADO DE DEPOSITO A PLAZO FIJO NOMINATIVO INTRANSFERIBLE;PLAZO FIJO INTRANSFERIBLE;Dólares estadounidenses;1000;360 días o más;Ventanilla de sucursal;,25;Provincia de Córdoba;RESOLUCION AFIP 3884/17 REGIMEN 19 ANEXXO II INC.A PTO 1
45072;REBA COMPAÑIA FINANCIERA S.A.;2026-06-30;CERTIFICADO DE DEPOSITO A PLAZO FIJO NOMINATIVO INTRANSFERIBLE;PLAZO FIJO INTRANSFERIBLE;Dólares estadounidenses;1000;30 días;Ventanilla de sucursal;,25;Provincia de Córdoba;RESOLUCION AFIP 3884/17 REGIMEN 19 ANEXXO II INC.A PTO 1
45072;REBA COMPAÑIA FINANCIERA S.A.;2026-06-30;CERTIFICADO DE DEPOSITO A PLAZO FIJO NOMINATIVO INTRANSFERIBLE;PLAZO FIJO INTRANSFERIBLE;Dólares estadounidenses;1000;60 días;Home banking;,25;Todo el territorio nacional;RESOLUCION AFIP 3884/17 REGIMEN 19 ANEXXO II INC.A PTO 1
45072;REBA COMPAÑIA FINANCIERA S.A.;2026-06-30;DEPOSITO A PLAZO FIJO INTRANSFERIBLE UVA PRECANCELABLE;DPF INTRANSF UVA PRECANC;UVA;1000;90 días;Home banking;,01;Todo el territorio nacional;
45072;REBA COMPAÑIA FINANCIERA S.A.;2026-06-30;DEPOSITO A PLAZO FIJO INTRANSFERIBLE UVA PRECANCELABLE;DPF INTRANSF UVA PRECANC;UVA;1000;180 días;Ventanilla de sucursal;,01;Ciudad Autónoma de Buenos Aires;
45072;REBA COMPAÑIA FINANCIERA S.A.;2026-06-30;CERTIFICADO DE DEPOSITO A PLAZO FIJO NOMINATIVO INTRANSFERIBLE;PLAZO FIJO INTRANSFERIBLE;Dólares estadounidenses;1000;360 días o más;Ventanilla de sucursal;,25;Provincia de Santa Fe;RESOLUCION AFIP 3884/17 REGIMEN 19 ANEXXO II INC.A PTO 1/ IMPUESTO A LOS SELLOS PROVINCIA DE SANTA FE
45072;REBA COMPAÑIA FINANCIERA S.A.;2026-06-30;CERTIFICADO DE DEPOSITO A PLAZO FIJO NOMINATIVO INTRANSFERIBLE;PLAZO FIJO INTRANSFERIBLE;Dólares estadounidenses;1000;60 días;Ventanilla de sucursal;,25;Provincia de Santa Fe;RESOLUCION AFIP 3884/17 REGIMEN 19 ANEXXO II INC.A PTO 1/ IMPUESTO A LOS SELLOS PROVINCIA DE SANTA FE
45072;REBA COMPAÑIA FINANCIERA S.A.;2026-06-30;CERTIFICADO DE DEPOSITO A PLAZO FIJO NOMINATIVO INTRANSFERIBLE;PLAZO FIJO INTRANSFERIBLE;Pesos;1000;30 días;Ventanilla de sucursal;25,59;Ciudad Autónoma de Buenos Aires;RESOLUCION AFIP 3884/17 REGIMEN 19 ANEXXO II INC.A PTO 1
45072;REBA COMPAÑIA FINANCIERA S.A.;2026-06-30;CERTIFICADO DE DEPOSITO A PLAZO FIJO NOMINATIVO INTRANSFERIBLE;PLAZO FIJO INTRANSFERIBLE;Dólares estadounidenses;1000;30 días;Ventanilla de sucursal;,25;Provincia de Santa Fe;RESOLUCION AFIP 3884/17 REGIMEN 19 ANEXXO II INC.A PTO 1/ IMPUESTO A LOS SELLOS PROVINCIA DE SANTA FE
45072;REBA COMPAÑIA FINANCIERA S.A.;2026-06-30;CERTIFICADO DE DEPOSITO A PLAZO FIJO NOMINATIVO INTRANSFERIBLE;PLAZO FIJO INTRANSFERIBLE;Pesos;1000;30 días;Home banking;25,59;Todo el territorio nacional;RESOLUCION AFIP 3884/17 REGIMEN 19 ANEXXO II INC.A PTO 1
45072;REBA COMPAÑIA FINANCIERA S.A.;2026-06-30;CERTIFICADO DE DEPOSITO A PLAZO FIJO NOMINATIVO INTRANSFERIBLE;PLAZO FIJO INTRANSFERIBLE;Pesos;1000;180 días;Ventanilla de sucursal;23,23;Provincia de Santa Fe;RESOLUCION AFIP 3884/17 REGIMEN 19 ANEXXO II INC.A PTO 1/ IMPUESTO A LOS SELLOS PROVINCIA DE SANTA FE
45072;REBA COMPAÑIA FINANCIERA S.A.;2026-06-30;CERTIFICADO DE DEPOSITO A PLAZO FIJO NOMINATIVO INTRANSFERIBLE;PLAZO FIJO INTRANSFERIBLE;Dólares estadounidenses;1000;180 días;Ventanilla de sucursal;,25;Provincia de Santa Fe;RESOLUCION AFIP 3884/17 REGIMEN 19 ANEXXO II INC.A PTO 1/ IMPUESTO A LOS SELLOS PROVINCIA DE SANTA FE
45072;REBA COMPAÑIA FINANCIERA S.A.;2026-06-30;CERTIFICADO DE DEPOSITO A PLAZO FIJO NOMINATIVO INTRANSFERIBLE;PLAZO FIJO INTRANSFERIBLE;Pesos;1000;60 días;Ventanilla de sucursal;24,12;Provincia de Santa Fe;RESOLUCION AFIP 3884/17 REGIMEN 19 ANEXXO II INC.A PTO 1/ IMPUESTO A LOS SELLOS PROVINCIA DE SANTA FE
45072;REBA COMPAÑIA FINANCIERA S.A.;2026-06-30;CERTIFICADO DE DEPOSITO A PLAZO FIJO NOMINATIVO INTRANSFERIBLE;PLAZO FIJO INTRANSFERIBLE;Pesos;1000;90 días;Ventanilla de sucursal;23,89;Ciudad Autónoma de Buenos Aires;RESOLUCION AFIP 3884/17 REGIMEN 19 ANEXXO II INC.A PTO 1
45072;REBA COMPAÑIA FINANCIERA S.A.;2026-06-30;CERTIFICADO DE DEPOSITO A PLAZO FIJO NOMINATIVO INTRANSFERIBLE;PLAZO FIJO INTRANSFERIBLE;Dólares estadounidenses;1000;30 días;Ventanilla de sucursal;,25;Ciudad Autónoma de Buenos Aires;RESOLUCION AFIP 3884/17 REGIMEN 19 ANEXXO II INC.A PTO 1
45072;REBA COMPAÑIA FINANCIERA S.A.;2026-06-30;CERTIFICADO DE DEPOSITO A PLAZO FIJO NOMINATIVO INTRANSFERIBLE;PLAZO FIJO INTRANSFERIBLE;Pesos;1000;60 días;Ventanilla de sucursal;24,12;Ciudad Autónoma de Buenos Aires;RESOLUCION AFIP 3884/17 REGIMEN 19 ANEXXO II INC.A PTO 1
45072;REBA COMPAÑIA FINANCIERA S.A.;2026-06-30;CERTIFICADO DE DEPOSITO A PLAZO FIJO NOMINATIVO INTRANSFERIBLE;PLAZO FIJO INTRANSFERIBLE;Dólares estadounidenses;1000;60 días;Ventanilla de sucursal;,25;Ciudad Autónoma de Buenos Aires;RESOLUCION AFIP 3884/17 REGIMEN 19 ANEXXO II INC.A PTO 1
45072;REBA COMPAÑIA FINANCIERA S.A.;2026-06-30;DEPOSITO A PLAZO FIJO INTRANSFERIBLE UVA PRECANCELABLE;DPF INTRANSF UVA PRECANC;UVA;1000;90 días;Ventanilla de sucursal;,01;Ciudad Autónoma de Buenos Aires;
45072;REBA COMPAÑIA FINANCIERA S.A.;2026-06-30;CERTIFICADO DE DEPOSITO A PLAZO FIJO NOMINATIVO INTRANSFERIBLE;PLAZO FIJO INTRANSFERIBLE;Pesos;1000;180 días;Ventanilla de sucursal;23,23;Ciudad Autónoma de Buenos Aires;RESOLUCION AFIP 3884/17 REGIMEN 19 ANEXXO II INC.A PTO 1
45072;REBA COMPAÑIA FINANCIERA S.A.;2026-06-30;CERTIFICADO DE DEPOSITO A PLAZO FIJO NOMINATIVO INTRANSFERIBLE;PLAZO FIJO INTRANSFERIBLE;Dólares estadounidenses;1000;360 días o más;Ventanilla de sucursal;,25;Ciudad Autónoma de Buenos Aires;RESOLUCION AFIP 3884/17 REGIMEN 19 ANEXXO II INC.A PTO 1
45072;REBA COMPAÑIA FINANCIERA S.A.;2026-06-30;DEPOSITO A PLAZO FIJO INTRANSFERIBLE UVA PRECANCELABLE;DPF INTRANSF UVA PRECANC;UVA;1000;180 días;Home banking;,01;Todo el territorio nacional;
45072;REBA COMPAÑIA FINANCIERA S.A.;2026-06-30;CERTIFICADO DE DEPOSITO A PLAZO FIJO NOMINATIVO INTRANSFERIBLE;PLAZO FIJO INTRANSFERIBLE;Pesos;1000;90 días;Ventanilla de sucursal;23,89;Provincia de Santa Fe;RESOLUCION AFIP 3884/17 REGIMEN 19 ANEXXO II INC.A PTO 1/ IMPUESTO A LOS SELLOS PROVINCIA DE SANTA FE
45072;REBA COMPAÑIA FINANCIERA S.A.;2026-06-30;CERTIFICADO DE DEPOSITO A PLAZO FIJO NOMINATIVO INTRANSFERIBLE;PLAZO FIJO INTRANSFERIBLE;Dólares estadounidenses;1000;90 días;Ventanilla de sucursal;,25;Ciudad Autónoma de Buenos Aires;RESOLUCION AFIP 3884/17 REGIMEN 19 ANEXXO II INC.A PTO 1
45072;REBA COMPAÑIA FINANCIERA S.A.;2026-06-30;CERTIFICADO DE DEPOSITO A PLAZO FIJO NOMINATIVO INTRANSFERIBLE;PLAZO FIJO INTRANSFERIBLE;Dólares estadounidenses;1000;90 días;Ventanilla de sucursal;,25;Provincia de Santa Fe;RESOLUCION AFIP 3884/17 REGIMEN 19 ANEXXO II INC.A PTO 1/ IMPUESTO A LOS SELLOS PROVINCIA DE SANTA FE
45072;REBA COMPAÑIA FINANCIERA S.A.;2026-06-30;CERTIFICADO DE DEPOSITO A PLAZO FIJO NOMINATIVO INTRANSFERIBLE;PLAZO FIJO INTRANSFERIBLE;Dólares estadounidenses;1000;90 días;Home banking;,25;Todo el territorio nacional;RESOLUCION AFIP 3884/17 REGIMEN 19 ANEXXO II INC.A PTO 1
45072;REBA COMPAÑIA FINANCIERA S.A.;2026-06-30;CERTIFICADO DE DEPOSITO A PLAZO FIJO NOMINATIVO INTRANSFERIBLE;PLAZO FIJO INTRANSFERIBLE;Dólares estadounidenses;1000;30 días;Home banking;,25;Todo el territorio nacional;RESOLUCION AFIP 3884/17 REGIMEN 19 ANEXXO II INC.A PTO 1
45072;REBA COMPAÑIA FINANCIERA S.A.;2026-06-30;CERTIFICADO DE DEPOSITO A PLAZO FIJO NOMINATIVO INTRANSFERIBLE;PLAZO FIJO INTRANSFERIBLE;Pesos;1000;60 días;Home banking;24,12;Todo el territorio nacional;RESOLUCION AFIP 3884/17 REGIMEN 19 ANEXXO II INC.A PTO 1
45072;REBA COMPAÑIA FINANCIERA S.A.;2026-06-30;CERTIFICADO DE DEPOSITO A PLAZO FIJO NOMINATIVO INTRANSFERIBLE;PLAZO FIJO INTRANSFERIBLE;Dólares estadounidenses;1000;180 días;Ventanilla de sucursal;,25;Ciudad Autónoma de Buenos Aires;RESOLUCION AFIP 3884/17 REGIMEN 19 ANEXXO II INC.A PTO 1
45072;REBA COMPAÑIA FINANCIERA S.A.;2026-06-30;CERTIFICADO DE DEPOSITO A PLAZO FIJO NOMINATIVO INTRANSFERIBLE;PLAZO FIJO INTRANSFERIBLE;Dólares estadounidenses;1000;360 días o más;Home banking;,25;Todo el territorio nacional;RESOLUCION AFIP 3884/17 REGIMEN 19 ANEXXO II INC.A PTO 1
45072;REBA COMPAÑIA FINANCIERA S.A.;2026-06-30;CERTIFICADO DE DEPOSITO A PLAZO FIJO NOMINATIVO INTRANSFERIBLE;PLAZO FIJO INTRANSFERIBLE;Pesos;1000;360 días o más;Home banking;22,03;Todo el territorio nacional;RESOLUCION AFIP 3884/17 REGIMEN 19 ANEXXO II INC.A PTO 1
45072;REBA COMPAÑIA FINANCIERA S.A.;2026-06-30;CERTIFICADO DE DEPOSITO A PLAZO FIJO NOMINATIVO INTRANSFERIBLE;PLAZO FIJO INTRANSFERIBLE;Pesos;1000;180 días;Home banking;23,23;Todo el territorio nacional;RESOLUCION AFIP 3884/17 REGIMEN 19 ANEXXO II INC.A PTO 1
45072;REBA COMPAÑIA FINANCIERA S.A.;2026-06-30;CERTIFICADO DE DEPOSITO A PLAZO FIJO NOMINATIVO INTRANSFERIBLE;PLAZO FIJO INTRANSFERIBLE;Dólares estadounidenses;1000;180 días;Home banking;,25;Todo el territorio nacional;RESOLUCION AFIP 3884/17 REGIMEN 19 ANEXXO II INC.A PTO 1
45072;REBA COMPAÑIA FINANCIERA S.A.;2026-06-30;CERTIFICADO DE DEPOSITO A PLAZO FIJO NOMINATIVO INTRANSFERIBLE;PLAZO FIJO INTRANSFERIBLE;Pesos;1000;30 días;Ventanilla de sucursal;25,59;Provincia de Santa Fe;RESOLUCION AFIP 3884/17 REGIMEN 19 ANEXXO II INC.A PTO 1/ IMPUESTO A LOS SELLOS PROVINCIA DE SANTA FE
45072;REBA COMPAÑIA FINANCIERA S.A.;2026-06-30;DEPOSITO A PLAZO FIJO INTRANSFERIBLE UVA PRECANCELABLE;DPF INTRANSF UVA PRECANC;UVA;1000;180 días;Ventanilla de sucursal;,01;Provincia de Santa Fe;
45072;REBA COMPAÑIA FINANCIERA S.A.;2026-06-30;DEPOSITO A PLAZO FIJO INTRANSFERIBLE UVA PRECANCELABLE;DPF INTRANSF UVA PRECANC;UVA;1000;90 días;Ventanilla de sucursal;,01;Provincia de Santa Fe;
55002;AMEPORT Mutual del Personal del Estado Nacional Provincial Municipal y afines;2026-04-13;AHORRO A TERMINO INTRANSFERIBLE Y PRECANCELABLE;AHORRO A TERMINO;Pesos;1000;30 días;Todos los canales;30,61;Ciudad Autónoma de Buenos Aires;SE REQUIERE SER ASOCIADO A LA MUTUAL
55003;Asociación Mutual Centro Litoral;2026-06-30;AT - TASA FIJA;PFTF;Pesos;10000;90 días;Línea telefónica;10,34;Todo el territorio nacional;
55003;Asociación Mutual Centro Litoral;2026-06-30;AT - TASA FIJA;PFTF;Pesos;10000;90 días;Ventanilla de sucursal;10,34;Todo el territorio nacional;
55003;Asociación Mutual Centro Litoral;2026-06-30;AT - TASA FIJA;PFTF;Pesos;10000;30 días;Línea telefónica;25,59;Todo el territorio nacional;
55003;Asociación Mutual Centro Litoral;2026-06-30;AT - TASA FIJA;PFTF;Pesos;10000;30 días;Línea telefónica;25,59;Todo el territorio nacional;
55003;Asociación Mutual Centro Litoral;2026-06-30;AT - TASA FIJA;PFTF;Pesos;10000;30 días;Ventanilla de sucursal;25,59;Todo el territorio nacional;
55003;Asociación Mutual Centro Litoral;2026-06-30;AT - TASA FIJA;PFTF;Pesos;10000;30 días;Ventanilla de sucursal;25,59;Todo el territorio nacional;
55003;Asociación Mutual Centro Litoral;2026-06-30;AT - TASA FIJA;PFTF;Pesos;10000;90 días;Ventanilla de sucursal;10,34;Todo el territorio nacional;
55003;Asociación Mutual Centro Litoral;2026-06-30;AT - TASA FIJA;PFTF;Pesos;10000;90 días;Línea telefónica;10,34;Todo el territorio nacional;
55052;Asociación Mututal 18 de Julio;2026-07-01;MUTUAL PLAZO FIJO INSTRANSFERIBLE A 29 DIAS;MUT PF 29 DIAS;Dólares estadounidenses;500;30 días;Ventanilla de sucursal;4,00;Provincia de Santa Fe;
55052;Asociación Mututal 18 de Julio;2026-07-01;MUTUAL PLAZO FIJO INSTRANSFERIBLE A 29 DIAS;MUT PF 29 DIAS;Pesos;5000;30 días;Ventanilla de sucursal;30,00;Provincia de Santa Fe;
55052;Asociación Mututal 18 de Julio;2026-07-01;MUTUAL PLAZO FIJO INSTRANSFERIBLE MAYOR A 29 DIAS;MUT PF MAS 29 DIAS;Dólares estadounidenses;500;30 días;Ventanilla de sucursal;4,00;Provincia de Santa Fe;
55052;Asociación Mututal 18 de Julio;2026-07-01;MUTUAL PLAZO FIJO INSTRANSFERIBLE MAYOR A 29 DIAS;MUT PF MAS 29 DIAS;Pesos;5000;30 días;Ventanilla de sucursal;30,00;Provincia de Santa Fe;
55057;Mutual Integral de Servicios;2026-06-30;AHORRO MUTUAL A TERMINO PESOS;AMT $;Pesos;500;30 días;Línea telefónica;27,00;Todo el territorio nacional;
55057;Mutual Integral de Servicios;2026-06-30;AHORRO MUTUAL A TERMINO DOLAR;AMT U$S;Dólares estadounidenses;100;60 días;Ventanilla de sucursal;4,00;Todo el territorio nacional;
55115;Asociación Mutual Desarrollo Regional;2026-06-17;PLAZOFIJOINTRANSFERIBLE;PFI;Pesos;1000;30 días;Ventanilla de sucursal;22,00;Provincia de Santa Fe;0
55152;Asociación Mutual de protección Familiar;2026-06-26;PLAZO FIJO CLASICO;PFC;Pesos;100;30 días;Ventanilla de sucursal;21,94;Todo el territorio nacional;
55152;Asociación Mutual de protección Familiar;2026-06-26;PLAZO FIJO CLASICO;PFC;Pesos;100;90 días;Ventanilla de sucursal;23,89;Todo el territorio nacional;
55152;Asociación Mutual de protección Familiar;2026-06-26;PLAZO FIJO CLASICO;PFC;Pesos;100;30 días;Ventanilla de sucursal;24,36;Todo el territorio nacional;
55227;Mutual Federada 25 de junio SPR;2026-06-10;AT TRADICIONAL ASOCIADOS;ATTRAD;Pesos;5000;30 días;Ventanilla de sucursal;25,64;Todo el territorio nacional;23
55244;Mutual del agro, la industria y el comercio de Santa Fe;2026-06-30;AHORRO MUTUAL A TERMINO INTRANSFERIBLES SUBPERIODICOS EN PESOS;AMT SUBPERIODICO PESOS;Pesos;100;90 días;Ventanilla de sucursal;69,61;Todo el territorio nacional;
55244;Mutual del agro, la industria y el comercio de Santa Fe;2026-06-30;AHORRO MUTUAL A TERMINO INTRANFERIBLES EN PESOS;AMT PESOS;Pesos;100;30 días;Ventanilla de sucursal;21,94;Todo el territorio nacional;
55244;Mutual del agro, la industria y el comercio de Santa Fe;2026-06-30;AHORRO MUTUAL A TERMINO INTRANFERIBLES EN DOLARES;AMT DOLARES;Dólares estadounidenses;190;30 días;Ventanilla de sucursal;,50;Todo el territorio nacional;
55482;Asociación Mutual de Ayuda Entre Asociados y Adherentes de Romang Futbol Club;2026-06-30;AHORRO MUTUAL A TERMINO;AHORRO MUTUAL A TERMINO;Pesos;10000;30 días;Ventanilla de sucursal;26,82;Todo el territorio nacional;
65203;CRÉDITO REGIONAL COMPAÑÍA FINANCIERA S.A.U.;2026-05-22;PLAZO FIJO INTRANSFERIBLE;PF INTR;Pesos;10000;60 días;Todos los canales;26,54;Todo el territorio nacional;
65203;CRÉDITO REGIONAL COMPAÑÍA FINANCIERA S.A.U.;2026-05-22;PLAZO FIJO INTRANSFERIBLE;PF INTR;Pesos;10000;30 días;Todos los canales;26,83;Todo el territorio nacional;
65203;CRÉDITO REGIONAL COMPAÑÍA FINANCIERA S.A.U.;2026-05-22;PLAZO FIJO WEB NO CLIENTES;PF WNOCL;Pesos;10000;30 días;Electrónico;27,14;Todo el territorio nacional;
65203;CRÉDITO REGIONAL COMPAÑÍA FINANCIERA S.A.U.;2026-05-22;PLAZO FIJO UVA;PFUVA;UVA;20000;90 días;Ventanilla de sucursal;1,00;Todo el territorio nacional;
65203;CRÉDITO REGIONAL COMPAÑÍA FINANCIERA S.A.U.;2026-05-22;PLAZO FIJO INTRANSFERIBLE;PF INTR;Pesos;10000;90 días;Todos los canales;23,89;Todo el territorio nacional;
70427;TARJETA GRUPAR S.A.;2017-04-06;;;;;;;;;
72614;MUTUAL DE DOCENTES DE NEUQUEN;2026-07-06;AHORRO ESPECIAL MUDON;AHORRO;Pesos;1;30 días;Ventanilla de sucursal;97,08;Provincia del Neuquén;0 
